cycle_id,timestamp_beat,timestamp_ms,obligations_count,unique_parties,assets_traded,gross_total,net_total,netting_efficiency_pct,cumulative_gross,cumulative_net,phi_alignment
NET-000001,8,6984,86,49,7,26628.437247,22483.725631,15.565,26628.437247,22483.725631,0.462384
NET-000002,16,13968,43,40,7,13525.316802,12380.1854,8.4666,40153.754049,34863.911031,0.533368
NET-000003,24,20952,89,49,7,26270.361376,21878.526937,16.7178,66424.115425,56742.437968,0.450856
NET-000004,32,27936,72,47,7,22257.550096,19739.550258,11.313,88681.665521,76481.988226,0.504904
NET-000005,40,34920,24,29,6,9079.574734,8358.991467,7.9363,97761.240255,84840.979693,0.538671
NET-000006,48,41904,11,19,6,3503.848892,3503.848892,0.0,101265.089147,88344.828585,0.618034
NET-000007,56,48888,66,44,7,22075.83439,20048.399927,9.184,123340.923537,108393.228512,0.526194
NET-000008,64,55872,44,43,7,13122.08904,11740.028284,10.5323,136463.012577,120133.256796,0.512711
NET-000009,72,62856,64,45,7,20209.615485,17809.897118,11.8741,156672.628062,137943.153914,0.499293
NET-000010,80,69840,85,48,7,27724.661493,23204.598527,16.3034,184397.289555,161147.752441,0.455
NET-000011,88,76824,77,50,7,23790.766918,19989.252928,15.9789,208188.056473,181137.005369,0.458245
NET-000012,96,83808,65,49,7,21616.759512,18502.483715,14.4068,229804.815985,199639.489084,0.473966
NET-000013,104,90792,38,38,7,13064.762585,12044.199092,7.8116,242869.57857,211683.688176,0.539918
NET-000014,112,97776,15,21,7,3686.085886,3462.870353,6.0556,246555.664456,215146.558529,0.557478
NET-000015,120,104760,16,23,7,4530.367682,3833.075395,15.3915,251086.032138,218979.633924,0.464119
NET-000016,128,111744,36,39,7,12064.57262,10537.067421,12.6611,263150.604758,229516.701345,0.491423
NET-000017,136,118728,5,8,4,1044.797775,1044.797775,0.0,264195.402533,230561.49912,0.618034
NET-000018,144,125712,54,44,7,15857.024941,13803.581953,12.9497,280052.427474,244365.081073,0.488537
NET-000019,152,132696,88,48,7,26804.813273,23850.718022,11.0208,306857.240747,268215.799095,0.507826
NET-000020,160,139680,64,47,7,19372.583214,17832.790615,7.9483,326229.823961,286048.58971,0.538551
NET-000021,168,146664,62,45,7,20716.201301,18057.76414,12.8326,346946.025262,304106.35385,0.489708
NET-000022,176,153648,71,49,7,20167.476834,17944.329032,11.0234,367113.502096,322050.682882,0.5078
NET-000023,184,160632,11,16,6,3409.326403,3027.544444,11.1982,370522.828499,325078.227326,0.506052
NET-000024,192,167616,42,41,7,11991.201914,11962.730492,0.2374,382514.030413,337040.957818,0.61566
NET-000025,200,174600,76,47,7,22263.116381,19533.99774,12.2585,404777.146794,356574.955558,0.495449
NET-000026,208,181584,17,23,7,4727.959968,4723.368066,0.0971,409505.106762,361298.323624,0.617063
NET-000027,216,188568,89,50,7,27366.648596,22533.746646,17.6598,436871.755358,383832.07027,0.441436
NET-000028,224,195552,53,42,7,17830.5932,16190.136831,9.2002,454702.348558,400022.207101,0.526032
NET-000029,232,202536,74,48,7,22841.035434,19748.621914,13.5388,477543.383992,419770.829015,0.482645
NET-000030,240,209520,67,48,7,19955.724991,18438.375076,7.6036,497499.108983,438209.204091,0.541998
NET-000031,248,216504,50,44,7,16034.964056,14611.661021,8.8762,513534.073039,452820.865112,0.529272
NET-000032,256,223488,23,31,7,5972.82039,5934.438319,0.6426,519506.893429,458755.303431,0.611608
NET-000033,264,230472,31,32,7,10132.763547,9549.075404,5.7604,529639.656976,468304.378835,0.56043
NET-000034,272,237456,41,41,7,12697.998777,12392.434522,2.4064,542337.655753,480696.813357,0.59397
NET-000035,280,244440,41,40,7,12223.260279,11678.439554,4.4572,554560.916032,492375.252911,0.573462
NET-000036,288,251424,44,37,7,14052.624778,13621.672315,3.0667,568613.54081,505996.925226,0.587367
NET-000037,296,258408,62,45,7,20904.759546,19670.011312,5.9065,589518.300356,525666.936538,0.558969
NET-000038,304,265392,47,43,7,12894.644459,10888.12525,15.5609,602412.944815,536555.061788,0.462425
NET-000039,312,272376,32,36,7,9755.198231,8420.663691,13.6802,612168.143046,544975.725479,0.481232
NET-000040,320,279360,65,47,7,19596.363139,18200.550893,7.1228,631764.506185,563176.276372,0.546806
NET-000041,328,286344,87,47,7,25334.666933,21494.365192,15.1583,657099.173118,584670.641564,0.466451
NET-000042,336,293328,20,29,7,6745.746841,6745.746841,0.0,663844.919959,591416.388405,0.618034
NET-000043,344,300312,81,46,7,25978.780457,24029.511362,7.5033,689823.700416,615445.899767,0.543001
NET-000044,352,307296,45,43,7,14784.785358,13184.213038,10.8258,704608.485774,628630.112805,0.509776
NET-000045,360,314280,26,33,7,8097.498887,7737.219195,4.4493,712705.984661,636367.332,0.573541
NET-000046,368,321264,68,50,7,24711.788307,20538.315373,16.8886,737417.772968,656905.647373,0.449148
NET-000047,376,328248,73,48,7,23462.959227,20520.168313,12.5423,760880.732195,677425.815686,0.492611
NET-000048,384,335232,20,28,7,6786.71867,6288.949755,7.3345,767667.450865,683714.765441,0.544689
NET-000049,392,342216,76,50,7,22015.438051,20165.634037,8.4023,789682.888916,703880.399478,0.534011
NET-000050,400,349200,82,45,7,22953.458556,18183.738061,20.78,812636.347472,722064.137539,0.410234
NET-000051,408,356184,70,47,7,21380.958403,19553.920559,8.5452,834017.305875,741618.058098,0.532582
NET-000052,416,363168,75,46,7,20642.99616,17676.478882,14.3706,854660.302035,759294.53698,0.474328
NET-000053,424,370152,69,47,7,24805.52341,22823.215111,7.9914,879465.825445,782117.752091,0.53812
NET-000054,432,377136,20,26,7,6137.168975,6137.168975,0.0,885602.99442,788254.921066,0.618034
NET-000055,440,384120,78,47,7,24723.507067,20573.592627,16.7853,910326.501487,808828.513693,0.450181
NET-000056,448,391104,6,12,3,1568.666556,1568.666556,0.0,911895.168043,810397.180249,0.618034
NET-000057,456,398088,41,42,7,13168.492374,12761.78084,3.0885,925063.660417,823158.961089,0.587149
NET-000058,464,405072,21,31,7,6871.904596,6871.904596,-0.0,931935.565013,830030.865685,0.618034
NET-000059,472,412056,19,27,7,5643.566627,5513.710085,2.301,937579.13164,835544.57577,0.595024
NET-000060,480,419040,76,49,7,24113.891097,21593.493778,10.4521,961693.022737,857138.069548,0.513513
NET-000061,488,426024,15,22,7,4015.900633,4015.900633,0.0,965708.92337,861153.970181,0.618034
NET-000062,496,433008,22,30,7,6380.758365,6033.870334,5.4365,972089.681735,867187.840515,0.563669
NET-000063,504,439992,66,49,7,22985.365363,20766.488511,9.6534,995075.047098,887954.329026,0.5215
NET-000064,512,446976,17,21,7,7088.706913,7088.706913,0.0,1002163.754011,895043.035939,0.618034
NET-000065,520,453960,84,50,7,24157.116439,21007.23206,13.0392,1026320.87045,916050.267999,0.487642
NET-000066,528,460944,43,43,7,9938.532327,9515.264383,4.2589,1036259.402777,925565.532382,0.575445
NET-000067,536,467928,73,47,7,24585.485224,20890.113321,15.0307,1060844.888001,946455.645703,0.467727
NET-000068,544,474912,70,46,7,22520.986245,20538.693753,8.802,1083365.874246,966994.339456,0.530014
NET-000069,552,481896,12,21,6,4939.697913,4939.697913,0.0,1088305.572159,971934.037369,0.618034
NET-000070,560,488880,75,47,7,23935.345639,20868.832653,12.8117,1112240.917798,992802.870022,0.489917
NET-000071,568,495864,88,50,7,27962.962348,25244.810615,9.7205,1140203.880146,1018047.680637,0.520829
NET-000072,576,502848,61,44,7,16692.065842,15055.341562,9.8054,1156895.945988,1033103.022199,0.51998
NET-000073,584,509832,22,25,7,5122.439465,5081.114422,0.8067,1162018.385453,1038184.136621,0.609967
NET-000074,592,516816,69,46,7,23111.269036,20105.048749,13.0076,1185129.654489,1058289.18537,0.487958
NET-000075,600,523800,36,37,7,10160.690948,8891.419286,12.492,1195290.345437,1067180.604656,0.493114
NET-000076,608,530784,54,41,7,15485.702134,13707.558558,11.4825,1210776.047571,1080888.163214,0.503209
NET-000077,616,537768,24,29,7,8373.78077,8029.854841,4.1072,1219149.828341,1088918.018055,0.576962
NET-000078,624,544752,88,47,7,27798.699314,25134.915906,9.5824,1246948.527655,1114052.933961,0.52221
NET-000079,632,551736,50,41,7,17840.254989,16444.932246,7.8212,1264788.782644,1130497.866207,0.539822
NET-000080,640,558720,23,29,7,7031.051824,6630.241082,5.7006,1271819.834468,1137128.107289,0.561028
NET-000081,648,565704,10,17,6,2130.233138,2130.233138,-0.0,1273950.067606,1139258.340427,0.618034
NET-000082,656,572688,8,16,5,2937.276314,2937.276314,-0.0,1276887.34392,1142195.616741,0.618034
NET-000083,664,579672,37,42,7,10507.021286,9528.894776,9.3093,1287394.365206,1151724.511517,0.524941
NET-000084,672,586656,84,49,7,25143.530519,21979.790214,12.5827,1312537.895725,1173704.301731,0.492207
NET-000085,680,593640,36,38,7,12429.220983,11362.491317,8.5824,1324967.116708,1185066.793048,0.53221
NET-000086,688,600624,44,40,7,13402.084358,12601.378977,5.9745,1338369.201066,1197668.172025,0.558289
NET-000087,696,607608,81,47,7,26022.384081,23755.842555,8.71,1364391.585147,1221424.01458,0.530934
NET-000088,704,614592,73,47,7,26054.831067,22200.302968,14.7939,1390446.416214,1243624.317548,0.470095
NET-000089,712,621576,56,45,7,17800.126417,16093.387889,9.5884,1408246.542631,1259717.705437,0.52215
NET-000090,720,628560,25,31,7,5416.565832,5411.961967,0.085,1413663.108463,1265129.667404,0.617184
NET-000091,728,635544,56,46,7,17099.011565,15904.710113,6.9846,1430762.120028,1281034.377517,0.548188
NET-000092,736,642528,19,25,7,5772.135368,5480.199182,5.0577,1436534.255396,1286514.576699,0.567457
NET-000093,744,649512,54,46,7,14960.012828,13154.434435,12.0694,1451494.268224,1299669.011134,0.49734
NET-000094,752,656496,33,37,7,9834.936386,9189.898154,6.5586,1461329.20461,1308858.909288,0.552448
NET-000095,760,663480,55,42,7,17010.556187,15376.336823,9.6071,1478339.760797,1324235.246111,0.521963
NET-000096,768,670464,59,43,7,17327.204593,15433.804834,10.9273,1495666.96539,1339669.050945,0.508761
NET-000097,776,677448,63,46,7,21579.046035,18885.781988,12.4809,1517246.011425,1358554.832933,0.493225
NET-000098,784,684432,40,41,7,11389.668205,11298.266502,0.8025,1528635.67963,1369853.099435,0.610009
NET-000099,792,691416,66,46,7,21626.850345,18744.068315,13.3296,1550262.529975,1388597.16775,0.484738
NET-000100,800,698400,31,36,7,10437.18415,9740.691979,6.6732,1560699.714125,1398337.859729,0.551302
NET-000101,808,705384,5,10,4,1106.186027,1106.186027,0.0,1561805.900152,1399444.045756,0.618034
NET-000102,816,712368,65,43,7,20822.864609,17834.540609,14.3512,1582628.764761,1417278.586365,0.474522
NET-000103,824,719352,79,47,7,25081.787557,20800.254927,17.0703,1607710.552318,1438078.841292,0.447331
NET-000104,832,726336,81,50,7,30005.500116,27175.394867,9.432,1637716.052434,1465254.236159,0.523714
NET-000105,840,733320,70,43,7,22082.204471,17806.878598,19.361,1659798.256905,1483061.114757,0.424424
NET-000106,848,740304,22,31,7,7787.531604,7787.531604,0.0,1667585.788509,1490848.646361,0.618034
NET-000107,856,747288,78,49,7,27194.678233,23682.396298,12.9153,1694780.466742,1514531.042659,0.488881
NET-000108,864,754272,86,49,7,29886.172363,26992.937834,9.6808,1724666.639105,1541523.980493,0.521226
NET-000109,872,761256,6,11,3,1304.579,1304.579,0.0,1725971.218105,1542828.559493,0.618034
NET-000110,880,768240,46,40,7,12636.149618,11269.133026,10.8183,1738607.367723,1554097.692519,0.509851
NET-000111,888,775224,8,14,5,2004.23405,1912.147811,4.5946,1740611.601773,1556009.84033,0.572088
NET-000112,896,782208,50,42,7,17913.969363,15465.508104,13.6679,1758525.571136,1571475.348434,0.481355
NET-000113,904,789192,28,37,7,7848.641557,7848.641557,0.0,1766374.212693,1579323.989991,0.618034
NET-000114,912,796176,73,48,7,22340.264356,20003.455045,10.4601,1788714.477049,1599327.445036,0.513433
NET-000115,920,803160,54,46,7,20036.810862,18558.19239,7.3795,1808751.287911,1617885.637426,0.544239
NET-000116,928,810144,79,49,7,22825.15442,19958.752744,12.5581,1831576.442331,1637844.39017,0.492453
NET-000117,936,817128,78,49,7,25687.171024,22378.118291,12.8821,1857263.613355,1660222.508461,0.489213
NET-000118,944,824112,41,41,7,13487.802736,12774.603107,5.2877,1870751.416091,1672997.111568,0.565157
NET-000119,952,831096,28,31,7,7579.498592,7551.963557,0.3633,1878330.914683,1680549.075125,0.614401
NET-000120,960,838080,70,48,7,22651.475635,20415.274648,9.8722,1900982.390318,1700964.349773,0.519312
NET-000121,968,845064,35,40,7,12379.830992,10536.470888,14.89,1913362.22131,1711500.820661,0.469134
NET-000122,976,852048,61,44,7,20156.354674,18401.184102,8.7078,1933518.575984,1729902.004763,0.530956
NET-000123,984,859032,27,34,7,7126.422393,6574.390081,7.7463,1940644.998377,1736476.394844,0.540571
NET-000124,992,866016,73,49,7,20544.234506,18440.754973,10.2388,1961189.232883,1754917.149817,0.515646
NET-000125,1000,873000,57,45,7,15789.201332,14021.784688,11.1938,1976978.434215,1768938.934505,0.506096
NET-000126,1008,879984,83,48,7,26899.704658,22585.089127,16.0396,2003878.138873,1791524.023632,0.457638
NET-000127,1016,886968,50,43,7,16698.852917,15749.662904,5.6842,2020576.99179,1807273.686536,0.561192
NET-000128,1024,893952,69,47,7,21915.12807,19541.554082,10.8308,2042492.11986,1826815.240618,0.509726
NET-000129,1032,900936,50,44,7,16081.705412,15087.420059,6.1827,2058573.825272,1841902.660677,0.556207
NET-000130,1040,907920,38,36,7,11931.16224,10712.19238,10.2167,2070504.987512,1852614.853057,0.515867
NET-000131,1048,914904,88,49,7,25200.252053,20132.529719,20.1098,2095705.239565,1872747.382776,0.416936
NET-000132,1056,921888,75,48,7,20808.750167,18081.893336,13.1044,2116513.989732,1890829.276112,0.48699
NET-000133,1064,928872,87,49,7,28227.170523,24090.353946,14.6554,2144741.160255,1914919.630058,0.47148
NET-000134,1072,935856,50,47,7,14874.577579,13312.910885,10.4989,2159615.737834,1928232.540943,0.513045
NET-000135,1080,942840,20,28,6,6369.498257,6369.498257,0.0,2165985.236091,1934602.0392,0.618034
NET-000136,1088,949824,12,22,5,2830.505062,2830.505062,0.0,2168815.741153,1937432.544262,0.618034
NET-000137,1096,956808,31,36,7,8538.634238,8538.634238,-0.0,2177354.375391,1945971.1785,0.618034
NET-000138,1104,963792,59,43,7,21472.632976,19501.200874,9.1811,2198827.008367,1965472.379374,0.526223
NET-000139,1112,970776,81,48,7,25018.983147,20303.094927,18.8492,2223845.991514,1985775.474301,0.429542
NET-000140,1120,977760,59,45,7,19470.142722,17432.281599,10.4666,2243316.134236,2003207.7559,0.513368
NET-000141,1128,984744,20,25,7,5803.647029,5132.381552,11.5663,2249119.781265,2008340.137452,0.502371
NET-000142,1136,991728,6,12,3,2512.022785,2512.022785,0.0,2251631.80405,2010852.160237,0.618034
NET-000143,1144,998712,64,48,7,21019.624329,18592.554584,11.5467,2272651.428379,2029444.714821,0.502567
NET-000144,1152,1005696,73,48,7,21161.750121,17876.63461,15.5238,2293813.1785,2047321.349431,0.462796
NET-000145,1160,1012680,73,48,7,23397.639953,19499.487792,16.6605,2317210.818453,2066820.837223,0.451429
NET-000146,1168,1019664,12,21,5,3783.874067,3783.874067,0.0,2320994.69252,2070604.71129,0.618034
NET-000147,1176,1026648,82,50,7,23000.89292,20030.036522,12.9163,2343995.58544,2090634.747812,0.488871
NET-000148,1184,1033632,5,10,3,1646.690086,1646.690086,0.0,2345642.275526,2092281.437898,0.618034
NET-000149,1192,1040616,81,45,7,25881.26783,22479.41788,13.1441,2371523.543356,2114760.855778,0.486593
NET-000150,1200,1047600,10,18,6,2817.921837,2817.921837,0.0,2374341.465193,2117578.777615,0.618034
NET-000151,1208,1054584,5,10,2,1737.642175,1737.642175,0.0,2376079.107368,2119316.41979,0.618034
NET-000152,1216,1061568,59,48,7,18584.669453,15764.53648,15.1745,2394663.776821,2135080.95627,0.466289
NET-000153,1224,1068552,9,16,5,2270.095108,2270.095108,0.0,2396933.871929,2137351.051378,0.618034
NET-000154,1232,1075536,56,42,7,19389.365148,16287.809352,15.9962,2416323.237077,2153638.86073,0.458072
NET-000155,1240,1082520,59,47,7,15931.238487,14556.567415,8.6288,2432254.475564,2168195.428145,0.531746
NET-000156,1248,1089504,56,47,7,16087.443515,14402.340868,10.4746,2448341.919079,2182597.769013,0.513288
NET-000157,1256,1096488,5,9,4,1287.800642,1287.800642,0.0,2449629.719721,2183885.569655,0.618034
NET-000158,1264,1103472,43,40,7,15743.052587,14528.398395,7.7155,2465372.772308,2198413.96805,0.540879
NET-000159,1272,1110456,66,48,7,18273.920428,17314.290618,5.2514,2483646.692736,2215728.258668,0.56552
NET-000160,1280,1117440,74,49,7,22756.518096,19937.774553,12.3865,2506403.210832,2235666.033221,0.494169
NET-000161,1288,1124424,48,43,7,14355.463747,12941.61244,9.8489,2520758.674579,2248607.645661,0.519545
NET-000162,1296,1131408,67,47,7,21587.711413,19757.748466,8.4769,2542346.385992,2268365.394127,0.533265
NET-000163,1304,1138392,71,47,7,23548.4546,21053.664674,10.5943,2565894.840592,2289419.058801,0.512091
NET-000164,1312,1145376,9,14,5,2280.784557,2280.784557,0.0,2568175.625149,2291699.843358,0.618034
NET-000165,1320,1152360,54,43,7,17000.374572,15924.240034,6.3301,2585175.999721,2307624.083392,0.554733
NET-000166,1328,1159344,59,49,7,18435.520177,16440.538832,10.8214,2603611.519898,2324064.622224,0.50982
NET-000167,1336,1166328,8,16,6,3249.797411,3249.797411,0.0,2606861.317309,2327314.419635,0.618034
NET-000168,1344,1173312,44,44,7,15243.233962,13408.471802,12.0366,2622104.551271,2340722.891437,0.497668
NET-000169,1352,1180296,6,12,5,2906.915918,2906.915918,0.0,2625011.467189,2343629.807355,0.618034
NET-000170,1360,1187280,83,48,7,25106.873166,22434.95947,10.6422,2650118.340355,2366064.766825,0.511612
NET-000171,1368,1194264,23,27,7,5742.967305,5191.833596,9.5967,2655861.30766,2371256.600421,0.522067
NET-000172,1376,1201248,87,47,7,26421.095244,20774.962823,21.3698,2682282.402904,2392031.563244,0.404336
NET-000173,1384,1208232,40,39,7,12989.242726,11726.821382,9.719,2695271.64563,2403758.384626,0.520844
NET-000174,1392,1215216,66,47,7,19994.699232,17936.783886,10.2923,2715266.344862,2421695.168512,0.515111
NET-000175,1400,1222200,75,48,7,24670.102753,21334.233414,13.5219,2739936.447615,2443029.401926,0.482815
NET-000176,1408,1229184,84,50,7,25942.455459,23805.666303,8.2366,2765878.903074,2466835.068229,0.535667
NET-000177,1416,1236168,16,24,6,5348.364818,4897.978742,8.421,2771227.267892,2471733.046971,0.533824
NET-000178,1424,1243152,40,40,7,14132.787599,12885.904572,8.8226,2785360.055491,2484618.951543,0.529808
NET-000179,1432,1250136,22,26,7,7000.406967,6822.016088,2.5483,2792360.462458,2491440.967631,0.592551
NET-000180,1440,1257120,31,40,7,11187.004519,11187.004519,0.0,2803547.466977,2502627.97215,0.618034
NET-000181,1448,1264104,49,45,7,14120.643282,12722.668295,9.9002,2817668.110259,2515350.640445,0.519032
NET-000182,1456,1271088,13,18,6,4364.085922,4364.085922,0.0,2822032.196181,2519714.726367,0.618034
NET-000183,1464,1278072,73,46,7,21013.385593,19260.99301,8.3394,2843045.581774,2538975.719377,0.53464
NET-000184,1472,1285056,6,11,4,2199.702165,2199.702165,-0.0,2845245.283939,2541175.421542,0.618034
NET-000185,1480,1292040,62,45,7,20629.196594,17736.079136,14.0244,2865874.480533,2558911.500678,0.47779
NET-000186,1488,1299024,16,22,7,5307.024247,4883.7907,7.975,2871181.50478,2563795.291378,0.538284
NET-000187,1496,1306008,15,22,7,3583.94413,3583.94413,0.0,2874765.44891,2567379.235508,0.618034
NET-000188,1504,1312992,11,19,7,2864.750978,2864.750978,-0.0,2877630.199888,2570243.986486,0.618034
NET-000189,1512,1319976,35,37,7,10963.061839,10465.839923,4.5354,2888593.261727,2580709.826409,0.57268
NET-000190,1520,1326960,81,47,7,24698.514706,22144.729992,10.3398,2913291.776433,2602854.556401,0.514636
NET-000191,1528,1333944,17,29,6,4872.418508,4872.418508,0.0,2918164.194941,2607726.974909,0.618034
NET-000192,1536,1340928,7,13,3,2118.16768,1844.069447,12.9403,2920282.362621,2609571.044356,0.488631
NET-000193,1544,1347912,66,45,7,19666.799475,16842.154791,14.3625,2939949.162096,2626413.199147,0.474409
NET-000194,1552,1354896,63,43,7,16405.52745,13419.889566,18.199,2956354.689546,2639833.088713,0.436044
NET-000195,1560,1361880,54,43,7,18041.959444,15829.878334,12.2608,2974396.64899,2655662.967047,0.495426
NET-000196,1568,1368864,33,33,7,10434.03796,10051.101347,3.6701,2984830.68695,2665714.068394,0.581333
NET-000197,1576,1375848,5,10,3,2067.846569,2067.846569,0.0,2986898.533519,2667781.914963,0.618034
NET-000198,1584,1382832,13,23,7,5207.781631,5207.781631,0.0,2992106.31515,2672989.696594,0.618034
NET-000199,1592,1389816,70,46,7,20722.669661,19205.334034,7.3221,3012828.984811,2692195.030628,0.544813
NET-000200,1600,1396800,62,43,7,20016.360227,16560.37304,17.2658,3032845.345038,2708755.403668,0.445376
NET-000201,1608,1403784,55,48,7,16032.464729,15067.483566,6.0189,3048877.809767,2723822.887234,0.557845
NET-000202,1616,1410768,11,17,5,4111.460075,3769.408581,8.3195,3052989.269842,2727592.295815,0.534839
NET-000203,1624,1417752,7,13,5,2420.827086,2420.827086,0.0,3055410.096928,2730013.122901,0.618034
NET-000204,1632,1424736,45,43,7,13870.172978,13177.754822,4.9921,3069280.269906,2743190.877723,0.568113
NET-000205,1640,1431720,62,45,7,19666.570173,16698.393768,15.0925,3088946.840079,2759889.271491,0.467109
NET-000206,1648,1438704,37,37,7,10707.014333,10166.578263,5.0475,3099653.854412,2770055.849754,0.567559
NET-000207,1656,1445688,63,46,7,20502.406155,18133.078008,11.5563,3120156.260567,2788188.927762,0.502471
NET-000208,1664,1452672,77,45,7,25617.234332,22079.192136,13.8112,3145773.494899,2810268.119898,0.479922
NET-000209,1672,1459656,12,18,6,2938.13058,2652.777838,9.7121,3148711.625479,2812920.897736,0.520913
NET-000210,1680,1466640,67,48,7,21338.083022,20107.898696,5.7652,3170049.708501,2833028.796432,0.560382
NET-000211,1688,1473624,50,46,7,16410.032756,14404.604125,12.2207,3186459.741257,2847433.400557,0.495827
NET-000212,1696,1480608,56,43,7,16964.791147,15897.135664,6.2934,3203424.532404,2863330.536221,0.5551
NET-000213,1704,1487592,30,31,7,9271.923313,8938.540065,3.5956,3212696.455717,2872269.076286,0.582078
NET-000214,1712,1494576,56,44,7,18673.797877,17462.227344,6.4881,3231370.253594,2889731.30363,0.553153
NET-000215,1720,1501560,78,48,7,27101.502845,23190.60764,14.4305,3258471.756439,2912921.91127,0.473729
NET-000216,1728,1508544,40,40,7,11861.052185,10665.176082,10.0824,3270332.808624,2923587.087352,0.51721
NET-000217,1736,1515528,71,46,7,22276.64258,20055.247204,9.9719,3292609.451204,2943642.334556,0.518315
NET-000218,1744,1522512,32,34,6,10827.680749,10226.005367,5.5568,3303437.131953,2953868.339923,0.562466
NET-000219,1752,1529496,35,36,7,10353.693106,9824.697187,5.1092,3313790.825059,2963693.03711,0.566942
NET-000220,1760,1536480,78,48,7,23453.822653,19962.91484,14.8842,3337244.647712,2983655.95195,0.469192
NET-000221,1768,1543464,65,45,7,21998.996421,16993.442405,22.7536,3359243.644133,3000649.394355,0.390498
NET-000222,1776,1550448,15,20,6,5612.830648,5612.830648,0.0,3364856.474781,3006262.225003,0.618034
NET-000223,1784,1557432,69,47,7,22024.891824,19990.068067,9.2387,3386881.366605,3026252.29307,0.525647
NET-000224,1792,1564416,46,42,7,15378.287201,14362.683676,6.6041,3402259.653806,3040614.976746,0.551993
NET-000225,1800,1571400,28,34,7,7764.803099,7727.90839,0.4752,3410024.456905,3048342.885136,0.613282
NET-000226,1808,1578384,56,44,7,17167.380327,16830.006363,1.9652,3427191.837232,3065172.891499,0.598382
NET-000227,1816,1585368,50,43,7,15436.891598,13925.715657,9.7894,3442628.72883,3079098.607156,0.52014
NET-000228,1824,1592352,14,22,6,4706.598829,4706.598829,0.0,3447335.327659,3083805.205985,0.618034
NET-000229,1832,1599336,77,47,7,24803.003779,21866.367771,11.8398,3472138.331438,3105671.573756,0.499636
NET-000230,1840,1606320,8,15,5,3265.49158,3265.49158,0.0,3475403.823018,3108937.065336,0.618034
NET-000231,1848,1613304,46,46,7,14386.605015,14110.092115,1.922,3489790.428033,3123047.157451,0.598814
NET-000232,1856,1620288,29,41,7,7638.15047,7638.15047,0.0,3497428.578503,3130685.307921,0.618034
NET-000233,1864,1627272,61,47,7,18760.143935,17412.586642,7.1831,3516188.722438,3148097.894563,0.546203
NET-000234,1872,1634256,77,48,7,26727.329884,24040.720624,10.0519,3542916.052322,3172138.615187,0.517515
NET-000235,1880,1641240,22,27,7,6919.857808,6808.045555,1.6158,3549835.91013,3178946.660742,0.601876
NET-000236,1888,1648224,37,41,7,12371.233806,11947.441414,3.4256,3562207.143936,3190894.102156,0.583778
NET-000237,1896,1655208,86,49,7,26052.922609,22717.266628,12.8034,3588260.066545,3213611.368784,0.49
NET-000238,1904,1662192,54,45,7,17192.365488,15660.024567,8.9129,3605452.432033,3229271.393351,0.528905
NET-000239,1912,1669176,66,43,7,21661.385693,18123.958085,16.3306,3627113.817726,3247395.351436,0.454728
NET-000240,1920,1676160,13,20,7,3110.362471,3110.362471,0.0,3630224.180197,3250505.713907,0.618034
NET-000241,1928,1683144,50,44,7,15955.784137,14027.032673,12.0881,3646179.964334,3264532.74658,0.497153
NET-000242,1936,1690128,47,45,7,15753.815125,14236.080643,9.6341,3661933.779459,3278768.827223,0.521693
NET-000243,1944,1697112,43,37,7,13037.18469,10631.327356,18.4538,3674970.964149,3289400.154579,0.433496
NET-000244,1952,1704096,32,41,7,7853.347157,7569.216912,3.618,3682824.311306,3296969.371491,0.581854
NET-000245,1960,1711080,48,39,7,14863.118364,13857.083965,6.7687,3697687.42967,3310826.455456,0.550347
NET-000246,1968,1718064,24,37,7,6999.051544,6999.051544,0.0,3704686.481214,3317825.507,0.618034
NET-000247,1976,1725048,27,33,7,8614.005445,8119.993958,5.735,3713300.486659,3325945.500958,0.560684
NET-000248,1984,1732032,76,50,7,21983.883353,20492.771274,6.7828,3735284.370012,3346438.272232,0.550206
NET-000249,1992,1739016,59,45,7,16341.822525,15269.181644,6.5638,3751626.192537,3361707.453876,0.552396
NET-000250,2000,1746000,26,34,7,8361.037289,8081.343886,3.3452,3759987.229826,3369788.797762,0.584582
NET-000251,2008,1752984,66,46,7,20643.178465,18431.039323,10.7161,3780630.408291,3388219.837085,0.510873
NET-000252,2016,1759968,25,33,7,6642.891116,6307.021254,5.0561,3787273.299407,3394526.858339,0.567473
NET-000253,2024,1766952,64,45,7,19442.545788,17202.784419,11.5199,3806715.845195,3411729.642758,0.502835
NET-000254,2032,1773936,13,23,6,3746.097615,3746.097615,-0.0,3810461.94281,3415475.740373,0.618034
NET-000255,2040,1780920,54,46,7,16337.697327,15030.695228,7.9999,3826799.640137,3430506.435601,0.538035
NET-000256,2048,1787904,46,45,7,15399.647431,13487.749739,12.4152,3842199.287568,3443994.18534,0.493882
NET-000257,2056,1794888,65,46,7,20110.528672,17878.825244,11.0972,3862309.81624,3461873.010584,0.507062
NET-000258,2064,1801872,7,14,4,1688.547427,1688.547427,-0.0,3863998.363667,3463561.558011,0.618034
NET-000259,2072,1808856,8,13,3,2293.848538,1862.214263,18.817,3866292.212205,3465423.772274,0.429864
NET-000260,2080,1815840,69,47,7,22412.543674,19493.806489,13.0228,3888704.755879,3484917.578763,0.487806
NET-000261,2088,1822824,20,29,6,7520.983639,7159.8331,4.8019,3896225.739518,3492077.411863,0.570015
NET-000262,2096,1829808,76,44,7,24892.621698,20885.455574,16.0978,3921118.361216,3512962.867437,0.457056
NET-000263,2104,1836792,23,30,7,7787.659336,7727.522389,0.7722,3928906.020552,3520690.389826,0.610312
NET-000264,2112,1843776,58,49,7,18362.425968,16893.889058,7.9975,3947268.44652,3537584.278884,0.538059
NET-000265,2120,1850760,11,17,5,2471.767258,2471.767258,0.0,3949740.213778,3540056.046142,0.618034
NET-000266,2128,1857744,32,38,7,10887.359526,9957.607337,8.5397,3960627.573304,3550013.653479,0.532637
NET-000267,2136,1864728,85,49,7,28272.795626,23846.618642,15.6553,3988900.36893,3573860.272121,0.461481
NET-000268,2144,1871712,28,32,7,9150.161835,7318.288415,20.0201,3998050.530765,3581178.560536,0.417833
NET-000269,2152,1878696,50,41,7,16718.31155,15250.9921,8.7767,4014768.842315,3596429.552636,0.530267
NET-000270,2160,1885680,10,19,5,2849.254519,2849.254519,0.0,4017618.096834,3599278.807155,0.618034
NET-000271,2168,1892664,29,37,7,9588.703428,9588.703428,0.0,4027206.800262,3608867.510583,0.618034
NET-000272,2176,1899648,80,48,7,21535.96265,19530.692126,9.3113,4048742.762912,3628398.202709,0.524921
NET-000273,2184,1906632,51,46,7,13708.775512,12587.869268,8.1766,4062451.538424,3640986.071977,0.536268
NET-000274,2192,1913616,60,46,7,17212.930969,15258.879299,11.3522,4079664.469393,3656244.951276,0.504512
NET-000275,2200,1920600,26,32,7,9102.084237,8842.093557,2.8564,4088766.55363,3665087.044833,0.58947
NET-000276,2208,1927584,58,46,7,17230.270459,14829.527291,13.9333,4105996.824089,3679916.572124,0.478701
NET-000277,2216,1934568,50,41,7,14568.44441,13008.182107,10.7099,4120565.268499,3692924.754231,0.510935
NET-000278,2224,1941552,49,46,7,15622.671882,14439.69436,7.5722,4136187.940381,3707364.448591,0.542312
NET-000279,2232,1948536,26,29,7,6155.290282,6033.276406,1.9823,4142343.230663,3713397.724997,0.598211
NET-000280,2240,1955520,20,29,5,6850.554221,6452.127737,5.816,4149193.784884,3719849.852734,0.559874
NET-000281,2248,1962504,88,49,7,26668.546192,23398.006242,12.2637,4175862.331076,3743247.858976,0.495397
NET-000282,2256,1969488,15,24,6,5276.660093,5276.660093,-0.0,4181138.991169,3748524.519069,0.618034
NET-000283,2264,1976472,51,44,7,15609.134104,14241.381864,8.7625,4196748.125273,3762765.900933,0.530409
NET-000284,2272,1983456,15,23,7,5616.201643,5616.201643,-0.0,4202364.326916,3768382.102576,0.618034
NET-000285,2280,1990440,56,46,7,16926.261476,14682.93823,13.2535,4219290.588392,3783065.040806,0.485499
NET-000286,2288,1997424,29,35,7,10085.054947,9594.734521,4.8619,4229375.643339,3792659.775327,0.569415
NET-000287,2296,2004408,69,46,7,23220.623964,20726.948138,10.7391,4252596.267303,3813386.723465,0.510643
NET-000288,2304,2011392,25,34,7,7546.309654,6950.603694,7.894,4260142.576957,3820337.327159,0.539094
NET-000289,2312,2018376,53,42,7,14873.965892,14109.511202,5.1395,4275016.542849,3834446.838361,0.566639
NET-000290,2320,2025360,7,12,5,1226.681424,1226.681424,0.0,4276243.224273,3835673.519785,0.618034
NET-000291,2328,2032344,38,38,7,13285.949522,12213.959183,8.0686,4289529.173795,3847887.478968,0.537348
NET-000292,2336,2039328,25,33,7,7913.387638,7913.387638,0.0,4297442.561433,3855800.866606,0.618034
NET-000293,2344,2046312,36,40,7,11623.668492,10435.126691,10.2252,4309066.229925,3866235.993297,0.515782
NET-000294,2352,2053296,34,37,7,9503.957247,8633.15617,9.1625,4318570.187172,3874869.149467,0.526409
NET-000295,2360,2060280,55,47,7,17433.261215,15871.197189,8.9603,4336003.448387,3890740.346656,0.528431
NET-000296,2368,2067264,82,47,7,24609.89356,20264.741982,17.6561,4360613.341947,3911005.088638,0.441473
NET-000297,2376,2074248,40,42,7,13225.860821,12632.629078,4.4854,4373839.202768,3923637.717716,0.57318
NET-000298,2384,2081232,16,20,6,4343.280364,4283.891091,1.3674,4378182.483132,3927921.608807,0.60436
NET-000299,2392,2088216,58,47,7,18417.158164,15592.517491,15.337,4396599.641296,3943514.126298,0.464664
NET-000300,2400,2095200,41,42,7,11640.57798,11429.528461,1.8131,4408240.219276,3954943.654759,0.599903
NET-000301,2408,2102184,9,15,5,4242.414897,4242.414897,0.0,4412482.634173,3959186.069656,0.618034
NET-000302,2416,2109168,78,49,7,25706.707036,21593.272667,16.0014,4438189.341209,3980779.342323,0.45802
NET-000303,2424,2116152,57,46,7,18579.699571,17517.336856,5.7179,4456769.04078,3998296.679179,0.560855
NET-000304,2432,2123136,76,47,7,23917.079536,20501.039934,14.2828,4480686.120316,4018797.719113,0.475206
NET-000305,2440,2130120,29,37,7,8420.57095,7968.678132,5.3665,4489106.691266,4026766.397245,0.564369
NET-000306,2448,2137104,45,41,7,12843.519154,12076.837959,5.9694,4501950.21042,4038843.235204,0.55834
NET-000307,2456,2144088,47,38,7,13052.991877,11636.711039,10.8502,4515003.202297,4050479.946243,0.509532
NET-000308,2464,2151072,46,44,7,14155.620579,12764.345595,9.8284,4529158.822876,4063244.291838,0.51975
NET-000309,2472,2158056,51,47,7,16484.830046,15395.02119,6.611,4545643.652922,4078639.313028,0.551924
NET-000310,2480,2165040,77,46,7,25009.647188,22214.866069,11.1748,4570653.30011,4100854.179097,0.506286
NET-000311,2488,2172024,22,29,7,6151.434499,6151.434499,-0.0,4576804.734609,4107005.613596,0.618034
NET-000312,2496,2179008,44,41,7,13145.660061,11360.900876,13.5768,4589950.39467,4118366.514472,0.482266
NET-000313,2504,2185992,47,44,7,14343.346606,13269.20334,7.4888,4604293.741276,4131635.717812,0.543146
NET-000314,2512,2192976,29,36,7,8788.529246,8270.974885,5.889,4613082.270522,4139906.692697,0.559144
NET-000315,2520,2199960,24,29,7,7240.557992,6832.382267,5.6374,4620322.828514,4146739.074964,0.56166
NET-000316,2528,2206944,25,33,6,9003.556517,8112.620964,9.8954,4629326.385031,4154851.695928,0.51908
NET-000317,2536,2213928,65,46,7,20232.127718,17935.882602,11.3495,4649558.512749,4172787.57853,0.504539
NET-000318,2544,2220912,77,48,7,22135.608983,18412.960635,16.8175,4671694.121732,4191200.539165,0.449859
NET-000319,2552,2227896,21,27,6,5920.024648,5920.024648,0.0,4677614.14638,4197120.563813,0.618034
NET-000320,2560,2234880,23,27,7,6685.747376,5925.666409,11.3687,4684299.893756,4203046.230222,0.504347
NET-000321,2568,2241864,34,39,7,11240.1138,10916.808016,2.8764,4695540.007556,4213963.038238,0.58927
NET-000322,2576,2248848,33,35,7,7819.156514,6767.145718,13.4543,4703359.16407,4220730.183956,0.483491
NET-000323,2584,2255832,63,48,7,21012.313975,18670.146353,11.1466,4724371.478045,4239400.330309,0.506568
NET-000324,2592,2262816,35,38,7,11001.251481,10455.718481,4.9588,4735372.729526,4249856.04879,0.568446
NET-000325,2600,2269800,12,22,6,3680.289522,3680.289522,-0.0,4739053.019048,4253536.338312,0.618034
NET-000326,2608,2276784,37,39,7,12138.446469,11138.704869,8.2362,4751191.465517,4264675.043181,0.535672
NET-000327,2616,2283768,25,31,7,8106.113967,7373.317103,9.0401,4759297.579484,4272048.360284,0.527633
NET-000328,2624,2290752,14,22,7,4155.237321,4155.237321,0.0,4763452.816805,4276203.597605,0.618034
NET-000329,2632,2297736,12,18,7,3411.507897,3411.507897,0.0,4766864.324702,4279615.105502,0.618034
NET-000330,2640,2304720,13,21,6,3488.260688,3438.745178,1.4195,4770352.58539,4283053.85068,0.603839
NET-000331,2648,2311704,87,49,7,27650.951819,24490.058547,11.4314,4798003.537209,4307543.909227,0.50372
NET-000332,2656,2318688,34,32,7,11751.321877,9377.991526,20.1963,4809754.859086,4316921.900753,0.416071
NET-000333,2664,2325672,21,25,7,6653.275899,6271.360266,5.7403,4816408.134985,4323193.261019,0.560631
NET-000334,2672,2332656,74,48,7,24408.629951,20957.929245,14.1372,4840816.764936,4344151.190264,0.476662
NET-000335,2680,2339640,20,27,7,4819.638557,4626.541795,4.0065,4845636.403493,4348777.732059,0.577969
NET-000336,2688,2346624,7,13,5,2486.358779,2486.358779,0.0,4848122.762272,4351264.090838,0.618034
NET-000337,2696,2353608,21,26,7,6610.313685,6227.129617,5.7968,4854733.075957,4357491.220455,0.560066
NET-000338,2704,2360592,84,48,7,23685.117358,20634.922362,12.8781,4878418.193315,4378126.142817,0.489253
NET-000339,2712,2367576,84,48,7,26170.176866,21598.520804,17.469,4904588.370181,4399724.663621,0.443344
NET-000340,2720,2374560,47,41,7,13785.265082,11158.157385,19.0574,4918373.635263,4410882.821006,0.42746
NET-000341,2728,2381544,31,37,7,7620.507071,7366.973458,3.327,4925994.142334,4418249.794464,0.584764
NET-000342,2736,2388528,52,45,7,16023.830953,14890.952687,7.07,4942017.973287,4433140.747151,0.547334
NET-000343,2744,2395512,75,48,7,24570.659099,22143.332773,9.879,4966588.632386,4455284.079924,0.519244
NET-000344,2752,2402496,11,21,5,3940.553385,3940.553385,-0.0,4970529.185771,4459224.633309,0.618034
NET-000345,2760,2409480,64,45,7,19440.516216,17739.586643,8.7494,4989969.701987,4476964.219952,0.53054
NET-000346,2768,2416464,82,50,7,25580.072067,23457.188225,8.299,5015549.774054,4500421.408177,0.535044
NET-000347,2776,2423448,68,46,7,21993.172119,19150.649389,12.9246,5037542.946173,4519572.057566,0.488788
NET-000348,2784,2430432,17,28,7,5200.163755,5200.163755,0.0,5042743.109928,4524772.221321,0.618034
NET-000349,2792,2437416,26,31,7,8516.058348,7776.738041,8.6815,5051259.168276,4532548.959362,0.531219
NET-000350,2800,2444400,51,39,7,15894.082827,14872.887593,6.425,5067153.251103,4547421.846955,0.553784
NET-000351,2808,2451384,43,43,7,14499.335648,13544.507387,6.5853,5081652.586751,4560966.354342,0.552181
NET-000352,2816,2458368,64,45,7,20587.583883,18036.669858,12.3905,5102240.170634,4579003.0242,0.494129
NET-000353,2824,2465352,42,38,7,11246.616653,10580.974779,5.9186,5113486.787287,4589583.998979,0.558848
NET-000354,2832,2472336,34,36,7,12150.030892,11114.515446,8.5227,5125636.818179,4600698.514425,0.532807
NET-000355,2840,2479320,31,37,7,10919.275931,10551.845319,3.365,5136556.09411,4611250.359744,0.584384
NET-000356,2848,2486304,40,40,7,11760.964269,10373.130833,11.8003,5148317.058379,4621623.490577,0.500031
NET-000357,2856,2493288,79,50,7,24756.237391,20469.094507,17.3174,5173073.29577,4642092.585084,0.44486
NET-000358,2864,2500272,67,45,7,19951.598162,16995.910505,14.8143,5193024.893932,4659088.495589,0.469891
NET-000359,2872,2507256,78,47,7,21293.254857,19010.199744,10.722,5214318.148789,4678098.695333,0.510814
NET-000360,2880,2514240,23,30,7,7445.088042,6641.356087,10.7955,5221763.236831,4684740.05142,0.510079
NET-000361,2888,2521224,15,22,7,5134.050713,5134.050713,0.0,5226897.287544,4689874.102133,0.618034
NET-000362,2896,2528208,49,45,7,13768.005461,12630.536226,8.2617,5240665.293005,4702504.638359,0.535417
NET-000363,2904,2535192,78,49,7,25177.009541,20185.865538,19.8242,5265842.302546,4722690.503897,0.419792
NET-000364,2912,2542176,47,44,7,14235.556385,11836.198361,16.8547,5280077.858931,4734526.702258,0.449487
NET-000365,2920,2549160,23,28,7,6799.73134,6799.73134,-0.0,5286877.590271,4741326.433598,0.618034
NET-000366,2928,2556144,13,20,7,3476.884994,3476.884994,-0.0,5290354.475265,4744803.318592,0.618034
NET-000367,2936,2563128,70,48,7,21517.835324,18821.725624,12.5297,5311872.310589,4763625.044216,0.492737
NET-000368,2944,2570112,42,44,7,11548.168194,11096.410257,3.9119,5323420.478783,4774721.454473,0.578915
NET-000369,2952,2577096,60,50,7,17070.355999,14560.331016,14.704,5340490.834782,4789281.785489,0.470994
NET-000370,2960,2584080,62,43,7,22371.672468,20056.676879,10.3479,5362862.50725,4809338.462368,0.514555
NET-000371,2968,2591064,57,44,7,15502.0932,14524.095858,6.3088,5378364.60045,4823862.558226,0.554946
NET-000372,2976,2598048,18,28,6,5878.979414,5630.531643,4.226,5384243.579864,4829493.089869,0.575774
NET-000373,2984,2605032,53,45,7,18062.009488,17305.751017,4.187,5402305.589352,4846798.840886,0.576164
NET-000374,2992,2612016,28,36,6,8708.098554,8180.691689,6.0565,5411013.687906,4854979.532575,0.557469
NET-000375,3000,2619000,41,38,7,11608.893958,10582.886202,8.8381,5422622.581864,4865562.418777,0.529653
NET-000376,3008,2625984,61,48,7,21829.455726,19340.24832,11.403,5444452.03759,4884902.667097,0.504004
NET-000377,3016,2632968,87,49,7,29290.586301,25091.838971,14.3348,5473742.623891,4909994.506068,0.474686
NET-000378,3024,2639952,28,35,7,7039.317353,6625.13717,5.8838,5480781.941244,4916619.643238,0.559196
NET-000379,3032,2646936,31,37,7,8510.976484,8039.214878,5.543,5489292.917728,4924658.858116,0.562604
NET-000380,3040,2653920,77,48,7,24165.410549,21981.224716,9.0385,5513458.328277,4946640.082832,0.527649
NET-000381,3048,2660904,42,39,7,14012.387552,12586.065266,10.179,5527470.715829,4959226.148098,0.516244
NET-000382,3056,2667888,76,48,7,23453.311918,20561.761307,12.329,5550924.027747,4979787.909405,0.494744
NET-000383,3064,2674872,83,45,7,25717.441404,22124.595163,13.9705,5576641.469151,5001912.504568,0.478329
NET-000384,3072,2681856,46,43,7,13613.500118,12693.47952,6.7581,5590254.969269,5014605.984088,0.550453
NET-000385,3080,2688840,49,46,7,16652.546763,14471.791314,13.0956,5606907.516032,5029077.775402,0.487078
NET-000386,3088,2695824,43,42,7,14506.651266,14033.467058,3.2618,5621414.167298,5043111.24246,0.585416
NET-000387,3096,2702808,52,43,7,16556.000695,14679.765344,11.3327,5637970.167993,5057791.007804,0.504707
NET-000388,3104,2709792,23,31,7,6906.028633,6906.028633,-0.0,5644876.196626,5064697.036437,0.618034
NET-000389,3112,2716776,66,48,7,19479.943767,18274.169353,6.1898,5664356.140393,5082971.20579,0.556136
NET-000390,3120,2723760,41,38,7,12718.963443,11662.376476,8.3072,5677075.103836,5094633.582266,0.534962
NET-000391,3128,2730744,22,28,7,5431.483456,5431.483456,0.0,5682506.587292,5100065.065722,0.618034
NET-000392,3136,2737728,40,38,7,11241.861177,9886.480673,12.0565,5693748.448469,5109951.546395,0.497468
NET-000393,3144,2744712,72,48,7,24914.076146,21750.399383,12.6984,5718662.524615,5131701.945778,0.49105
NET-000394,3152,2751696,27,34,7,9342.592501,8551.456483,8.4681,5728005.117116,5140253.402261,0.533353
NET-000395,3160,2758680,13,20,6,4835.68667,4835.68667,-0.0,5732840.803786,5145089.088931,0.618034
NET-000396,3168,2765664,83,49,7,22865.548156,20149.231432,11.8795,5755706.351942,5165238.320363,0.499239
NET-000397,3176,2772648,19,26,7,6256.720798,6101.648951,2.4785,5761963.07274,5171339.969314,0.593249
NET-000398,3184,2779632,13,18,6,4509.970352,4509.970352,0.0,5766473.043092,5175849.939666,0.618034
NET-000399,3192,2786616,65,49,7,18576.001311,17505.57698,5.7624,5785049.044403,5193355.516646,0.56041
NET-000400,3200,2793600,54,47,7,17008.699906,15697.779903,7.7073,5802057.744309,5209053.296549,0.54096
NET-000401,3208,2800584,57,44,7,16131.501649,14623.07786,9.3508,5818189.245958,5223676.374409,0.524526
NET-000402,3216,2807568,21,28,7,6178.416824,6126.716251,0.8368,5824367.662782,5229803.09066,0.609666
NET-000403,3224,2814552,40,39,7,11870.867038,11158.512166,6.0009,5836238.52982,5240961.602826,0.558025
NET-000404,3232,2821536,58,46,7,17804.221244,16952.359201,4.7846,5854042.751064,5257913.962027,0.570188
NET-000405,3240,2828520,31,33,7,9928.467142,9845.317371,0.8375,5863971.218206,5267759.279398,0.609659
NET-000406,3248,2835504,16,26,7,4710.056427,4710.056427,-0.0,5868681.274633,5272469.335825,0.618034
NET-000407,3256,2842488,69,48,7,21063.346649,18644.751884,11.4825,5889744.621282,5291114.087709,0.503209
NET-000408,3264,2849472,60,46,7,18782.827503,17696.281438,5.7848,5908527.448785,5308810.369147,0.560186
NET-000409,3272,2856456,72,49,7,21979.517715,18545.782442,15.6224,5930506.9665,5327356.151589,0.46181
NET-000410,3280,2863440,54,44,7,15219.722027,14184.498935,6.8019,5945726.688527,5341540.650524,0.550015
NET-000411,3288,2870424,24,34,6,9512.003801,8946.544588,5.9447,5955238.692328,5350487.195112,0.558587
NET-000412,3296,2877408,88,49,7,26672.770313,22723.410076,14.8067,5981911.462641,5373210.605188,0.469967
NET-000413,3304,2884392,12,21,6,3801.179752,3801.179752,0.0,5985712.642393,5377011.78494,0.618034
NET-000414,3312,2891376,27,33,7,8413.152839,7751.930733,7.8594,5994125.795232,5384763.715673,0.53944
NET-000415,3320,2898360,14,19,6,4288.434533,3803.095261,11.3174,5998414.229765,5388566.810934,0.50486
NET-000416,3328,2905344,30,35,7,9189.781131,8279.087983,9.9098,6007604.010896,5396845.898917,0.518936
NET-000417,3336,2912328,45,43,7,12961.569791,12062.817161,6.934,6020565.580687,5408908.716078,0.548694
NET-000418,3344,2919312,72,49,7,20379.222893,18292.142651,10.2412,6040944.80358,5427200.858729,0.515622
NET-000419,3352,2926296,28,32,7,8745.764866,7961.178656,8.971,6049690.568446,5435162.037385,0.528324
NET-000420,3360,2933280,9,15,4,2717.302414,2717.302414,-0.0,6052407.87086,5437879.339799,0.618034
NET-000421,3368,2940264,50,43,7,15360.54644,12975.866997,15.5247,6067768.4173,5450855.206796,0.462787
NET-000422,3376,2947248,41,36,7,14929.707063,11891.767625,20.3483,6082698.124363,5462746.974421,0.414551
NET-000423,3384,2954232,30,34,7,9582.841008,8586.177629,10.4005,6092280.965371,5471333.15205,0.514029
NET-000424,3392,2961216,89,50,7,26225.999377,23273.245387,11.2589,6118506.964748,5494606.397437,0.505445
NET-000425,3400,2968200,47,47,7,15474.047929,14808.295919,4.3024,6133981.012677,5509414.693356,0.57501
NET-000426,3408,2975184,28,33,7,9697.738304,8830.232875,8.9454,6143678.750981,5518244.926231,0.52858
NET-000427,3416,2982168,31,37,7,9846.232602,9582.54154,2.6781,6153524.983583,5527827.467771,0.591253
NET-000428,3424,2989152,89,49,7,26968.371673,23233.173861,13.8503,6180493.355256,5551060.641632,0.479531
NET-000429,3432,2996136,37,38,7,11262.511778,10903.909291,3.184,6191755.867034,5561964.550923,0.586194
NET-000430,3440,3003120,42,38,7,11117.053725,10090.228469,9.2365,6202872.920759,5572054.779392,0.525669
NET-000431,3448,3010104,69,47,7,20988.497592,18297.87183,12.8195,6223861.418351,5590352.651222,0.489839
NET-000432,3456,3017088,15,23,6,5366.076557,5366.076557,0.0,6229227.494908,5595718.727779,0.618034
NET-000433,3464,3024072,76,50,7,24173.917777,21218.482615,12.2257,6253401.412685,5616937.210394,0.495777
NET-000434,3472,3031056,74,48,7,20815.103247,18317.173528,12.0006,6274216.515932,5635254.383922,0.498028
NET-000435,3480,3038040,32,36,7,8665.394049,7953.545094,8.2148,6282881.909981,5643207.929016,0.535886
NET-000436,3488,3045024,53,43,7,15674.677401,13864.97333,11.5454,6298556.587382,5657072.902346,0.50258
NET-000437,3496,3052008,65,48,7,22087.571936,18876.669273,14.5371,6320644.159318,5675949.571619,0.472663
NET-000438,3504,3058992,59,45,7,16957.551401,15026.523851,11.3874,6337601.710719,5690976.09547,0.50416
NET-000439,3512,3065976,8,15,5,3002.170983,3002.170983,0.0,6340603.881702,5693978.266453,0.618034
NET-000440,3520,3072960,37,41,7,9969.527962,9426.989398,5.442,6350573.409664,5703405.255851,0.563614
NET-000441,3528,3079944,82,48,7,24877.985987,22370.696068,10.0783,6375451.395651,5725775.951919,0.517251
NET-000442,3536,3086928,37,37,7,9994.765976,9861.261958,1.3357,6385446.161627,5735637.213877,0.604677
NET-000443,3544,3093912,54,43,7,18839.791353,17221.396929,8.5903,6404285.95298,5752858.610806,0.532131
NET-000444,3552,3100896,48,43,7,17172.369187,15865.705691,7.6091,6421458.322167,5768724.316497,0.541943
NET-000445,3560,3107880,41,35,7,10907.068076,10664.055015,2.228,6432365.390243,5779388.371512,0.595754
NET-000446,3568,3114864,57,42,7,17449.838894,15566.280418,10.7941,6449815.229137,5794954.65193,0.510093
NET-000447,3576,3121848,37,36,7,11869.6203,11399.18263,3.9634,6461684.849437,5806353.83456,0.5784
NET-000448,3584,3128832,31,37,7,9447.643958,8946.188135,5.3077,6471132.493395,5815300.022695,0.564957
NET-000449,3592,3135816,45,40,7,15480.939095,14892.785304,3.7992,6486613.43249,5830192.807999,0.580042
NET-000450,3600,3142800,85,45,7,29382.929341,23666.9241,19.4535,6515996.361831,5853859.732099,0.423499
NET-000451,3608,3149784,67,49,7,19703.667674,18017.56379,8.5573,6535700.029505,5871877.295889,0.532461
NET-000452,3616,3156768,56,44,7,18156.348407,15977.769601,11.999,6553856.377912,5887855.06549,0.498044
NET-000453,3624,3163752,32,37,7,10168.793642,9615.187766,5.4442,6564025.171554,5897470.253256,0.563592
NET-000454,3632,3170736,10,15,5,3027.191009,3027.191009,0.0,6567052.362563,5900497.444265,0.618034
NET-000455,3640,3177720,57,47,7,20617.920113,18414.973412,10.6846,6587670.282676,5918912.417677,0.511188
NET-000456,3648,3184704,65,44,7,19157.389698,16436.696263,14.2018,6606827.672374,5935349.11394,0.476016
NET-000457,3656,3191688,58,47,7,18771.082086,17516.166103,6.6854,6625598.75446,5952865.280043,0.55118
NET-000458,3664,3198672,9,14,4,3543.077742,3543.077742,0.0,6629141.832202,5956408.357785,0.618034
NET-000459,3672,3205656,28,33,7,9992.436652,9204.047662,7.8899,6639134.268854,5965612.405447,0.539135
NET-000460,3680,3212640,41,40,7,13633.428873,12429.025626,8.8342,6652767.697727,5978041.431073,0.529692
NET-000461,3688,3219624,6,10,3,1764.487393,1764.487393,0.0,6654532.18512,5979805.918466,0.618034
NET-000462,3696,3226608,29,35,7,9565.337462,9550.566411,0.1544,6664097.522582,5989356.484877,0.61649
NET-000463,3704,3233592,12,19,6,4961.160912,4645.887129,6.3548,6669058.683494,5994002.372006,0.554486
NET-000464,3712,3240576,30,37,7,9733.501613,9733.501613,0.0,6678792.185107,6003735.873619,0.618034
NET-000465,3720,3247560,15,23,6,5287.531158,4933.678294,6.6922,6684079.716265,6008669.551913,0.551112
NET-000466,3728,3254544,87,47,7,25830.365322,20999.433576,18.7025,6709910.081587,6029668.985489,0.431009
NET-000467,3736,3261528,61,47,7,21461.744535,19305.51249,10.0469,6731371.826122,6048974.497979,0.517565
NET-000468,3744,3268512,10,16,5,2940.949319,2940.949319,0.0,6734312.775441,6051915.447298,0.618034
NET-000469,3752,3275496,60,46,7,19122.807238,15674.900485,18.0303,6753435.582679,6067590.347783,0.437731
NET-000470,3760,3282480,46,41,7,12874.236909,11788.350092,8.4346,6766309.819588,6079378.697875,0.533688
NET-000471,3768,3289464,35,35,7,12005.439805,11878.684226,1.0558,6778315.259393,6091257.382101,0.607476
NET-000472,3776,3296448,25,29,7,7361.793764,7106.535532,3.4673,6785677.053157,6098363.917633,0.583361
NET-000473,3784,3303432,27,34,7,8859.816779,8279.584877,6.549,6794536.869936,6106643.50251,0.552544
NET-000474,3792,3310416,6,11,4,2035.27637,2035.27637,0.0,6796572.146306,6108678.77888,0.618034
NET-000475,3800,3317400,26,31,7,6625.545068,6532.752365,1.4005,6803197.691374,6115211.531245,0.604029
NET-000476,3808,3324384,77,48,7,25132.42242,22273.431421,11.3757,6828330.113794,6137484.962666,0.504277
NET-000477,3816,3331368,17,28,6,4661.566063,4622.009823,0.8486,6832991.679857,6142106.972489,0.609548
NET-000478,3824,3338352,36,35,7,11965.773386,11196.339767,6.4303,6844957.453243,6153303.312256,0.553731
NET-000479,3832,3345336,53,43,7,16365.159447,13803.644936,15.6522,6861322.61269,6167106.957192,0.461512
NET-000480,3840,3352320,50,43,7,14927.936368,13718.698741,8.1005,6876250.549058,6180825.655933,0.537029
NET-000481,3848,3359304,39,41,7,12206.980909,11164.379476,8.541,6888457.529967,6191990.035409,0.532624
NET-000482,3856,3366288,82,49,7,26837.857135,22210.323411,17.2426,6915295.387102,6214200.35882,0.445608
NET-000483,3864,3373272,16,26,7,3940.417748,3844.434129,2.4359,6919235.80485,6218044.792949,0.593675
NET-000484,3872,3380256,52,47,7,18914.920484,16651.313893,11.9673,6938150.725334,6234696.106842,0.498361
NET-000485,3880,3387240,36,35,7,10148.425803,9378.36487,7.588,6948299.151137,6244074.471712,0.542154
NET-000486,3888,3394224,85,49,7,25917.602675,20321.552447,21.5917,6974216.753812,6264396.024159,0.402117
NET-000487,3896,3401208,52,41,7,14521.46737,13986.402457,3.6846,6988738.221182,6278382.426616,0.581188
NET-000488,3904,3408192,29,29,7,7776.021736,7221.22399,7.1347,6996514.242918,6285603.650606,0.546687
NET-000489,3912,3415176,42,44,7,13140.849429,12529.50633,4.6522,7009655.092347,6298133.156936,0.571512
NET-000490,3920,3422160,84,49,7,25745.519907,23731.374301,7.8233,7035400.612254,6321864.531237,0.539801
NET-000491,3928,3429144,76,47,7,19044.659008,17689.353517,7.1165,7054445.271262,6339553.884754,0.546869
NET-000492,3936,3436128,67,44,7,22639.780929,19448.069315,14.0978,7077085.052191,6359001.954069,0.477056
NET-000493,3944,3443112,31,41,7,10929.651397,10649.356488,2.5645,7088014.703588,6369651.310557,0.592389
NET-000494,3952,3450096,59,45,7,16989.858809,15628.534274,8.0126,7105004.562397,6385279.844831,0.537908
NET-000495,3960,3457080,38,42,7,13095.276667,11683.203138,10.7831,7118099.839064,6396963.047969,0.510203
NET-000496,3968,3464064,73,46,7,24295.164576,21083.559796,13.2191,7142395.00364,6418046.607765,0.485843
NET-000497,3976,3471048,43,36,7,15131.103457,13694.066779,9.4972,7157526.107097,6431740.674544,0.523062
NET-000498,3984,3478032,10,17,6,3144.424902,3144.424902,-0.0,7160670.531999,6434885.099446,0.618034
NET-000499,3992,3485016,59,44,7,19849.605216,17759.202433,10.5312,7180520.137215,6452644.301879,0.512722
NET-000500,4000,3492000,39,38,7,13022.697812,11508.607489,11.6265,7193542.835027,6464152.909368,0.501769
NET-000501,4008,3498984,40,43,7,12375.583404,12209.955951,1.3383,7205918.418431,6476362.865319,0.604651
NET-000502,4016,3505968,67,50,7,19953.874973,17641.040031,11.5909,7225872.293404,6494003.90535,0.502125
NET-000503,4024,3512952,61,47,7,19973.625011,17166.617007,14.0536,7245845.918415,6511170.522357,0.477498
NET-000504,4032,3519936,61,48,7,19255.73955,18741.779702,2.6691,7265101.657965,6529912.302059,0.591343
NET-000505,4040,3526920,70,48,7,20460.626282,18062.758497,11.7194,7285562.284247,6547975.060556,0.50084
NET-000506,4048,3533904,41,40,7,10650.65377,8917.883018,16.2691,7296212.938017,6556892.943574,0.455342
NET-000507,4056,3540888,70,46,7,22399.188808,18906.012181,15.5951,7318612.126825,6575798.955755,0.462083
NET-000508,4064,3547872,82,49,7,25020.117053,22784.612612,8.9348,7343632.243878,6598583.568367,0.528686
NET-000509,4072,3554856,80,48,7,26226.904884,21472.81406,18.1268,7369859.148762,6620056.382427,0.436766
NET-000510,4080,3561840,50,44,7,16419.930103,14927.792603,9.0874,7386279.078865,6634984.17503,0.52716
NET-000511,4088,3568824,64,47,7,19444.078687,17293.132282,11.0622,7405723.157552,6652277.307312,0.507412
NET-000512,4096,3575808,53,44,7,16528.510862,15462.807513,6.4477,7422251.668414,6667740.114825,0.553557
NET-000513,4104,3582792,39,37,7,13730.744472,13208.943279,3.8002,7435982.412886,6680949.058104,0.580032
NET-000514,4112,3589776,58,42,7,19037.767255,17078.926719,10.2892,7455020.180141,6698027.984823,0.515142
NET-000515,4120,3596760,74,49,7,23053.111238,20066.406717,12.9558,7478073.291379,6718094.39154,0.488476
NET-000516,4128,3603744,19,25,7,6455.563152,6455.563152,-0.0,7484528.854531,6724549.954692,0.618034
NET-000517,4136,3610728,19,29,6,5940.345562,5940.345562,-0.0,7490469.200093,6730490.300254,0.618034
NET-000518,4144,3617712,58,45,7,16907.225068,15898.798369,5.9645,7507376.425161,6746389.098623,0.558389
NET-000519,4152,3624696,38,39,7,12077.279348,11455.207009,5.1508,7519453.704509,6757844.305632,0.566526
NET-000520,4160,3631680,20,29,6,6402.249628,6378.74882,0.3671,7525855.954137,6764223.054452,0.614363
NET-000521,4168,3638664,22,29,7,5279.282943,5272.3419,0.1315,7531135.23708,6769495.396352,0.616719
NET-000522,4176,3645648,82,49,7,24336.692476,21649.932793,11.04,7555471.929556,6791145.329145,0.507634
NET-000523,4184,3652632,6,12,3,1889.036835,1889.036835,0.0,7557360.966391,6793034.36598,0.618034
NET-000524,4192,3659616,23,29,6,6647.828831,6647.828831,-0.0,7564008.795222,6799682.194811,0.618034
NET-000525,4200,3666600,18,27,7,5692.059834,5636.735917,0.9719,7569700.855056,6805318.930728,0.608314
NET-000526,4208,3673584,23,27,7,5978.660095,5926.22454,0.877,7575679.515151,6811245.155268,0.609264
NET-000527,4216,3680568,52,45,7,16506.827125,14711.307439,10.8774,7592186.342276,6825956.462707,0.50926
NET-000528,4224,3687552,77,48,7,21981.74617,19911.959002,9.4159,7614168.088446,6845868.421709,0.523875
NET-000529,4232,3694536,9,13,5,3065.410335,2811.583249,8.2804,7617233.498781,6848680.004958,0.53523
NET-000530,4240,3701520,87,48,7,24139.351615,21731.844834,9.9734,7641372.850396,6870411.849792,0.5183
NET-000531,4248,3708504,88,48,7,29647.972243,25726.37116,13.2272,7671020.822639,6896138.220952,0.485762
NET-000532,4256,3715488,74,48,7,25315.124494,23554.48246,6.9549,7696335.947133,6919692.703412,0.548485
NET-000533,4264,3722472,8,16,5,3225.373008,3225.373008,0.0,7699561.320141,6922918.07642,0.618034
NET-000534,4272,3729456,26,32,7,7404.715417,6890.8753,6.9394,7706966.035558,6929808.95172,0.54864
NET-000535,4280,3736440,85,50,7,24859.719133,21216.556235,14.6549,7731825.754691,6951025.507955,0.471485
NET-000536,4288,3743424,73,45,7,21531.848137,20025.124258,6.9977,7753357.602828,6971050.632213,0.548057
NET-000537,4296,3750408,76,48,7,23014.077049,19466.431813,15.4151,7776371.679877,6990517.064026,0.463883
NET-000538,4304,3757392,32,38,7,10422.508869,10422.508869,0.0,7786794.188746,7000939.572895,0.618034
NET-000539,4312,3764376,34,36,7,9868.643381,8639.551854,12.4545,7796662.832127,7009579.124749,0.493489
NET-000540,4320,3771360,52,42,7,18372.530165,17242.730318,6.1494,7815035.362292,7026821.855067,0.55654
NET-000541,4328,3778344,78,50,7,25713.281016,23370.232265,9.1122,7840748.643308,7050192.087332,0.526912
NET-000542,4336,3785328,79,49,7,25000.296445,22722.015459,9.113,7865748.939753,7072914.102791,0.526904
NET-000543,4344,3792312,77,48,7,23330.072765,19448.709032,16.6367,7889079.012518,7092362.811823,0.451667
NET-000544,4352,3799296,29,34,7,8190.302421,7873.693794,3.8657,7897269.314939,7100236.505617,0.579377
NET-000545,4360,3806280,69,46,7,23532.960287,21228.01164,9.7946,7920802.275226,7121464.517257,0.520088
NET-000546,4368,3813264,69,46,7,22190.718755,19852.508753,10.5369,7942992.993981,7141317.02601,0.512665
NET-000547,4376,3820248,46,44,7,14949.472439,14273.388509,4.5225,7957942.46642,7155590.414519,0.572809
NET-000548,4384,3827232,47,42,7,12251.83309,10730.128093,12.4202,7970194.29951,7166320.542612,0.493832
NET-000549,4392,3834216,67,48,7,19989.053357,18306.980362,8.415,7990183.352867,7184627.522974,0.533884
NET-000550,4400,3841200,25,29,7,9061.621249,8948.661759,1.2466,7999244.974116,7193576.184733,0.605568
NET-000551,4408,3848184,87,49,7,28594.851779,24172.936455,15.464,8027839.825895,7217749.121188,0.463394
NET-000552,4416,3855168,58,47,7,14575.697453,14166.986094,2.8041,8042415.523348,7231916.107282,0.589993
NET-000553,4424,3862152,25,34,7,7617.372518,7595.322663,0.2895,8050032.895866,7239511.429945,0.615139
NET-000554,4432,3869136,89,50,7,25743.548603,23621.281072,8.2439,8075776.444469,7263132.711017,0.535595
NET-000555,4440,3876120,85,48,7,24743.528623,20868.033253,15.6627,8100519.973092,7284000.74427,0.461407
NET-000556,4448,3883104,77,48,7,25129.239988,22189.852581,11.6971,8125649.21308,7306190.596851,0.501063
NET-000557,4456,3890088,61,45,7,20924.120858,17731.417175,15.2585,8146573.333938,7323922.014026,0.465449
NET-000558,4464,3897072,75,47,7,22621.694285,19920.980869,11.9386,8169195.028223,7343842.994895,0.498648
NET-000559,4472,3904056,56,43,7,17232.22322,15215.555096,11.7029,8186427.251443,7359058.549991,0.501005
NET-000560,4480,3911040,48,46,7,14489.57219,13131.401855,9.3734,8200916.823633,7372189.951846,0.5243
NET-000561,4488,3918024,41,40,7,12453.308881,12078.528329,3.0095,8213370.132514,7384268.480175,0.587939
NET-000562,4496,3925008,25,32,7,7105.168405,7081.788135,0.3291,8220475.300919,7391350.26831,0.614743
NET-000563,4504,3931992,11,19,7,2568.777417,2568.777417,0.0,8223044.078336,7393919.045727,0.618034
NET-000564,4512,3938976,10,17,7,3418.839199,3418.839199,0.0,8226462.917535,7397337.884926,0.618034
NET-000565,4520,3945960,29,34,7,8257.123198,8117.398397,1.6922,8234720.040733,7405455.283323,0.601112
NET-000566,4528,3952944,15,22,6,5375.732172,5117.663702,4.8006,8240095.772905,7410572.947025,0.570028
NET-000567,4536,3959928,14,22,6,4298.511672,3948.828549,8.135,8244394.284577,7414521.775574,0.536684
NET-000568,4544,3966912,83,49,7,25114.104984,22762.508788,9.3636,8269508.389561,7437284.284362,0.524398
NET-000569,4552,3973896,70,47,7,22270.315742,20704.332525,7.0317,8291778.705303,7457988.616887,0.547717
NET-000570,4560,3980880,39,38,7,13208.290211,12418.690559,5.9781,8304986.995514,7470407.307446,0.558253
NET-000571,4568,3987864,67,46,7,20607.320055,17625.420717,14.4701,8325594.315569,7488032.728163,0.473333
NET-000572,4576,3994848,81,48,7,24960.269262,20510.514192,17.8274,8350554.584831,7508543.242355,0.43976
NET-000573,4584,4001832,68,47,7,23099.741681,20528.02006,11.1331,8373654.326512,7529071.262415,0.506703
NET-000574,4592,4008816,79,46,7,26115.415279,23904.666219,8.4653,8399769.741791,7552975.928634,0.533381
NET-000575,4600,4015800,54,45,7,18152.029472,16310.329171,10.146,8417921.771263,7569286.257805,0.516574
NET-000576,4608,4022784,50,42,7,16915.6571,15715.531095,7.0948,8434837.428363,7585001.7889,0.547086
NET-000577,4616,4029768,52,43,7,15532.871132,14512.994354,6.5659,8450370.299495,7599514.783254,0.552375
NET-000578,4624,4036752,68,47,7,24034.256403,22796.799943,5.1487,8474404.555898,7622311.583197,0.566547
NET-000579,4632,4043736,77,48,7,23878.197962,20731.766717,13.177,8498282.75386,7643043.349914,0.486264
NET-000580,4640,4050720,50,41,7,15925.801033,12932.684988,18.7941,8514208.554893,7655976.034902,0.430093
NET-000581,4648,4057704,86,49,7,26152.949226,22056.970623,15.6616,8540361.504119,7678033.005525,0.461418
NET-000582,4656,4064688,71,45,7,21911.660509,19849.21181,9.4126,8562273.164628,7697882.217335,0.523908
NET-000583,4664,4071672,78,46,7,24620.961909,19761.772923,19.736,8586894.126537,7717643.990258,0.420674
NET-000584,4672,4078656,24,35,6,8293.176701,8136.500835,1.8892,8595187.303238,7725780.491093,0.599142
NET-000585,4680,4085640,54,43,7,17366.179726,15630.595427,9.994,8612553.482964,7741411.08652,0.518094
NET-000586,4688,4092624,47,44,7,15729.156799,15529.511458,1.2693,8628282.639763,7756940.597978,0.605341
NET-000587,4696,4099608,30,35,7,9956.984394,9822.656373,1.3491,8638239.624157,7766763.254351,0.604543
NET-000588,4704,4106592,11,18,6,4001.468049,3571.411777,10.7475,8642241.092206,7770334.666128,0.510559
NET-000589,4712,4113576,30,34,7,8759.860168,8756.153278,0.0423,8651000.952374,7779090.819406,0.617611
NET-000590,4720,4120560,89,48,7,27550.71554,24432.715738,11.3173,8678551.667914,7803523.535144,0.504861
NET-000591,4728,4127544,74,46,7,22620.903781,19861.868575,12.1968,8701172.571695,7823385.403719,0.496066
NET-000592,4736,4134528,64,47,7,19372.29676,17677.109357,8.7506,8720544.868455,7841062.513076,0.530528
NET-000593,4744,4141512,61,45,7,19404.199485,17081.963869,11.9677,8739949.06794,7858144.476945,0.498357
NET-000594,4752,4148496,49,44,7,14388.931868,12495.302525,13.1603,8754337.999808,7870639.77947,0.486431
NET-000595,4760,4155480,39,35,7,15037.548484,13077.368404,13.0352,8769375.548292,7883717.147874,0.487682
NET-000596,4768,4162464,63,49,7,20877.807815,18089.96906,13.3531,8790253.356107,7901807.116934,0.484503
NET-000597,4776,4169448,35,37,6,11990.398557,10609.078604,11.5202,8802243.754664,7912416.195538,0.502832
NET-000598,4784,4176432,44,40,7,13941.392494,12476.41991,10.5081,8816185.147158,7924892.615448,0.512953
NET-000599,4792,4183416,8,14,5,1752.335578,1752.335578,0.0,8817937.482736,7926644.951026,0.618034
NET-000600,4800,4190400,75,47,7,23195.563564,19068.440667,17.7927,8841133.0463,7945713.391693,0.440107
NET-000601,4808,4197384,14,22,5,3925.232384,3670.843737,6.4809,8845058.278684,7949384.23543,0.553225
NET-000602,4816,4204368,11,18,6,4353.568702,4353.568702,0.0,8849411.847386,7953737.804132,0.618034
NET-000603,4824,4211352,17,26,6,7441.169522,7441.169522,0.0,8856853.016908,7961178.973654,0.618034
NET-000604,4832,4218336,89,50,7,28726.534954,25924.63675,9.7537,8885579.551862,7987103.610404,0.520497
NET-000605,4840,4225320,41,40,7,13232.336008,11210.855825,15.2768,8898811.88787,7998314.466229,0.465266
NET-000606,4848,4232304,43,40,7,14336.346705,12930.444682,9.8066,8913148.234575,8011244.910911,0.519968
NET-000607,4856,4239288,51,44,7,14743.014777,13297.373291,9.8056,8927891.249352,8024542.284202,0.519978
NET-000608,4864,4246272,87,48,7,30581.069477,27233.82396,10.9455,8958472.318829,8051776.108162,0.508579
NET-000609,4872,4253256,39,41,7,11692.169467,11288.426335,3.4531,8970164.488296,8063064.534497,0.583503
NET-000610,4880,4260240,72,48,7,23176.281198,18080.925037,21.9852,8993340.769494,8081145.459534,0.398182
NET-000611,4888,4267224,84,50,7,24699.264362,22669.182372,8.2192,9018040.033856,8103814.641906,0.535842
NET-000612,4896,4274208,53,44,7,15707.91677,13589.988066,13.4832,9033747.950626,8117404.629972,0.483202
NET-000613,4904,4281192,86,50,7,27859.709848,23126.257476,16.9903,9061607.660474,8140530.887448,0.448131
NET-000614,4912,4288176,75,47,7,23930.619489,21862.865731,8.6406,9085538.279963,8162393.753179,0.531628
NET-000615,4920,4295160,77,49,7,23217.368444,19549.712083,15.797,9108755.648407,8181943.465262,0.460064
NET-000616,4928,4302144,51,44,7,16129.099143,12922.432625,19.8812,9124884.74755,8194865.897887,0.419221
NET-000617,4936,4309128,79,49,7,22549.587732,21679.728953,3.8575,9147434.335282,8216545.62684,0.579459
NET-000618,4944,4316112,77,48,7,26580.686499,24422.682861,8.1187,9174015.021781,8240968.309701,0.536847
NET-000619,4952,4323096,67,47,7,21422.606238,19811.213626,7.5219,9195437.628019,8260779.523327,0.542815
NET-000620,4960,4330080,40,42,7,10723.619946,10528.586636,1.8187,9206161.247965,8271308.109963,0.599847
NET-000621,4968,4337064,45,44,7,12556.3231,11457.152939,8.7539,9218717.571065,8282765.262902,0.530495
NET-000622,4976,4344048,83,48,7,21852.390546,20617.964751,5.6489,9240569.961611,8303383.227653,0.561545
NET-000623,4984,4351032,71,47,7,21995.101164,19431.795709,11.654,9262565.062775,8322815.023362,0.501494
NET-000624,4992,4358016,52,41,7,15958.856478,13285.32475,16.7527,9278523.919253,8336100.348112,0.450507
NET-000625,5000,4365000,47,44,7,13306.289522,12533.368878,5.8087,9291830.208775,8348633.71699,0.559947
NET-000626,5008,4371984,32,38,7,8124.314456,8037.91133,1.0635,9299954.523231,8356671.62832,0.607399
NET-000627,5016,4378968,76,49,7,23650.691074,19426.948328,17.8589,9323605.214305,8376098.576648,0.439445
NET-000628,5024,4385952,87,50,7,27518.312624,23691.893296,13.905,9351123.526929,8399790.469944,0.478984
NET-000629,5032,4392936,89,46,7,25351.518036,22130.223201,12.7065,9376475.044965,8421920.693145,0.490969
NET-000630,5040,4399920,83,50,7,25623.89269,22252.371687,13.1577,9402098.937655,8444173.064832,0.486457
NET-000631,5048,4406904,60,46,7,18230.405006,15954.005041,12.4868,9420329.342661,8460127.069873,0.493166
NET-000632,5056,4413888,45,42,7,14171.283084,13498.711085,4.746,9434500.625745,8473625.780958,0.570574
NET-000633,5064,4420872,14,21,6,4165.982097,3850.879152,7.5637,9438666.607842,8477476.66011,0.542397
NET-000634,5072,4427856,39,42,7,10806.504972,10386.917025,3.8827,9449473.112814,8487863.577135,0.579207
NET-000635,5080,4434840,52,45,7,15677.225963,13444.255468,14.2434,9465150.338777,8501307.832603,0.4756
NET-000636,5088,4441824,34,41,7,11711.788629,10263.332908,12.3675,9476862.127406,8511571.165511,0.494359
NET-000637,5096,4448808,50,44,7,18013.005575,16100.430152,10.6177,9494875.132981,8527671.595663,0.511857
NET-000638,5104,4455792,82,49,7,24559.337002,22102.571044,10.0034,9519434.469983,8549774.166707,0.518
NET-000639,5112,4462776,87,50,7,26630.008985,23561.378585,11.5232,9546064.478968,8573335.545292,0.502802
NET-000640,5120,4469760,63,47,7,20957.384919,17480.760169,16.589,9567021.863887,8590816.305461,0.452144
NET-000641,5128,4476744,82,50,7,22129.111676,20227.159724,8.5948,9589150.975563,8611043.465185,0.532086
NET-000642,5136,4483728,28,38,7,8910.146282,8740.179275,1.9076,9598061.121845,8619783.64446,0.598958
NET-000643,5144,4490712,57,45,7,16735.044811,15736.143644,5.9689,9614796.166656,8635519.788104,0.558345
NET-000644,5152,4497696,9,16,5,2752.632191,2752.632191,0.0,9617548.798847,8638272.420295,0.618034
NET-000645,5160,4504680,84,47,7,28824.285826,24992.19352,13.2947,9646373.084673,8663264.613815,0.485087
NET-000646,5168,4511664,60,46,7,21455.883452,20487.413072,4.5138,9667828.968125,8683752.026887,0.572896
NET-000647,5176,4518648,71,47,7,23363.955777,19488.880719,16.5857,9691192.923902,8703240.907606,0.452177
NET-000648,5184,4525632,19,28,6,5573.377501,5486.971734,1.5503,9696766.301403,8708727.87934,0.602531
NET-000649,5192,4532616,13,18,6,2977.959129,2796.776944,6.0841,9699744.260532,8711524.656284,0.557193
NET-000650,5200,4539600,45,43,7,13357.241406,12602.348455,5.6516,9713101.501938,8724127.004739,0.561518
NET-000651,5208,4546584,35,39,7,10994.306268,10405.180617,5.3585,9724095.808206,8734532.185356,0.564449
NET-000652,5216,4553568,41,41,7,12974.689413,12206.273853,5.9224,9737070.497619,8746738.459209,0.55881
NET-000653,5224,4560552,35,37,7,10618.072567,9981.595269,5.9943,9747688.570186,8756720.054478,0.558091
NET-000654,5232,4567536,71,47,7,22549.871269,17911.607948,20.5689,9770238.441455,8774631.662426,0.412345
NET-000655,5240,4574520,18,23,6,4634.278394,4446.540592,4.0511,9774872.719849,8779078.203018,0.577523
NET-000656,5248,4581504,17,27,7,6371.073228,6371.073228,0.0,9781243.793077,8785449.276246,0.618034
NET-000657,5256,4588488,12,20,6,3708.421854,3481.713802,6.1133,9784952.214931,8788930.990048,0.556901
NET-000658,5264,4595472,45,41,7,15056.274724,14572.579806,3.2126,9800008.489655,8803503.569854,0.585908
NET-000659,5272,4602456,47,41,7,15749.551453,13812.133197,12.3014,9815758.041108,8817315.703051,0.49502
NET-000660,5280,4609440,70,48,7,20022.674768,17222.178538,13.9866,9835780.715876,8834537.881589,0.478168
NET-000661,5288,4616424,43,42,7,11343.895524,10869.204732,4.1845,9847124.6114,8845407.086321,0.576189
NET-000662,5296,4623408,39,39,7,11293.763731,10219.240246,9.5143,9858418.375131,8855626.326567,0.522891
NET-000663,5304,4630392,47,43,7,15442.89982,14583.447149,5.5654,9873861.274951,8870209.773716,0.56238
NET-000664,5312,4637376,6,10,3,2018.078407,1574.014017,22.0043,9875879.353358,8871783.787733,0.397991
NET-000665,5320,4644360,43,43,7,13918.699549,12222.352745,12.1875,9889798.052907,8884006.140478,0.496159
NET-000666,5328,4651344,36,41,7,10508.463596,10249.408418,2.4652,9900306.516503,8894255.548896,0.593382
NET-000667,5336,4658328,61,44,7,18536.031133,17589.454376,5.1067,9918842.547636,8911845.003272,0.566967
NET-000668,5344,4665312,17,26,7,4969.098991,4969.098991,0.0,9923811.646627,8916814.102263,0.618034
NET-000669,5352,4672296,60,45,7,18735.196957,16986.317004,9.3347,9942546.843584,8933800.419267,0.524687
NET-000670,5360,4679280,41,39,7,13006.820263,11515.552325,11.4653,9955553.663847,8945315.971592,0.503381
NET-000671,5368,4686264,75,46,7,20644.602,17020.986698,17.5524,9976198.265847,8962336.95829,0.44251
NET-000672,5376,4693248,46,42,7,12333.788375,11602.914031,5.9258,9988532.054222,8973939.872321,0.558776
NET-000673,5384,4700232,21,31,7,7438.119249,7139.580029,4.0136,9995970.173471,8981079.45235,0.577898
NET-000674,5392,4707216,23,27,7,7895.021349,7722.044191,2.191,10003865.19482,8988801.496541,0.596124
NET-000675,5400,4714200,82,48,7,26789.352606,23106.644371,13.7469,10030654.547426,9011908.140912,0.480565
NET-000676,5408,4721184,25,36,7,7613.72797,7556.751135,0.7483,10038268.275396,9019464.892047,0.610551
NET-000677,5416,4728168,10,16,6,3316.362198,3316.362198,0.0,10041584.637594,9022781.254245,0.618034
NET-000678,5424,4735152,76,46,7,23439.293024,19125.038428,18.4061,10065023.930618,9041906.292673,0.433973
NET-000679,5432,4742136,31,37,7,9838.071538,9631.983419,2.0948,10074862.002156,9051538.276092,0.597086
NET-000680,5440,4749120,42,40,7,13873.26996,13015.90424,6.18,10088735.272116,9064554.180332,0.556234
NET-000681,5448,4756104,53,47,7,16824.605195,14656.863776,12.8844,10105559.877311,9079211.044108,0.48919
NET-000682,5456,4763088,88,48,7,26822.230004,23784.903687,11.3239,10132382.107315,9102995.947795,0.504795
NET-000683,5464,4770072,47,42,7,12849.547434,11893.707011,7.4387,10145231.654749,9114889.654806,0.543647
NET-000684,5472,4777056,86,49,7,26965.215565,22008.551844,18.3817,10172196.870314,9136898.20665,0.434217
NET-000685,5480,4784040,79,46,7,25511.657164,21955.532364,13.9392,10197708.527478,9158853.739014,0.478642
NET-000686,5488,4791024,48,42,7,13555.275887,11657.503377,14.0002,10211263.803365,9170511.242391,0.478031
NET-000687,5496,4798008,55,43,7,15974.198628,14679.958239,8.1021,10227238.001993,9185191.20063,0.537013
NET-000688,5504,4804992,39,38,7,11205.42457,10378.311581,7.3814,10238443.426563,9195569.512211,0.54422
NET-000689,5512,4811976,21,31,7,7587.538252,7222.742436,4.8078,10246030.964815,9202792.254647,0.569956
NET-000690,5520,4818960,7,12,5,2727.585258,2727.585258,0.0,10248758.550073,9205519.839905,0.618034
NET-000691,5528,4825944,81,48,7,25901.239149,22322.293354,13.8177,10274659.789222,9227842.133259,0.479857
NET-000692,5536,4832928,24,30,7,7405.864264,7221.700477,2.4867,10282065.653486,9235063.833736,0.593167
NET-000693,5544,4839912,17,27,7,5883.191789,5883.191789,-0.0,10287948.845275,9240947.025525,0.618034
NET-000694,5552,4846896,58,44,7,16952.189014,14622.130724,13.7449,10304901.034289,9255569.156249,0.480585
NET-000695,5560,4853880,56,47,7,20616.714386,17914.4427,13.1072,10325517.748675,9273483.598949,0.486962
NET-000696,5568,4860864,61,46,7,17588.900025,16152.843248,8.1646,10343106.6487,9289636.442197,0.536388
NET-000697,5576,4867848,55,46,7,17559.260865,15195.28567,13.4628,10360665.909565,9304831.727867,0.483406
NET-000698,5584,4874832,56,43,7,17476.520304,14880.748403,14.8529,10378142.429869,9319712.47627,0.469505
NET-000699,5592,4881816,16,21,7,4861.158993,4861.158993,-0.0,10383003.588862,9324573.635263,0.618034
NET-000700,5600,4888800,57,47,7,17426.558382,16303.376316,6.4452,10400430.147244,9340877.011579,0.553582
NET-000701,5608,4895784,70,48,7,21435.711829,17856.692277,16.6965,10421865.859073,9358733.703856,0.451069
NET-000702,5616,4902768,67,47,7,20734.224265,18925.691357,8.7225,10442600.083338,9377659.395213,0.530809
NET-000703,5624,4909752,47,40,7,15247.885068,14637.51029,4.003,10457847.968406,9392296.905503,0.578004
NET-000704,5632,4916736,52,46,7,17152.705545,16676.685259,2.7752,10475000.673951,9408973.590762,0.590282
NET-000705,5640,4923720,62,47,7,17236.764738,15731.923186,8.7304,10492237.438689,9424705.513948,0.53073
NET-000706,5648,4930704,21,31,7,5743.281629,5275.622605,8.1427,10497980.720318,9429981.136553,0.536607
NET-000707,5656,4937688,20,29,7,6019.861412,5906.200209,1.8881,10504000.58173,9435887.336762,0.599153
NET-000708,5664,4944672,60,44,7,18728.776327,18021.968099,3.7739,10522729.358057,9453909.304861,0.580295
NET-000709,5672,4951656,55,43,7,18959.526459,15171.844573,19.9777,10541688.884516,9469081.149434,0.418257
NET-000710,5680,4958640,67,46,7,23771.981997,21389.962352,10.0203,10565460.866513,9490471.111786,0.517831
NET-000711,5688,4965624,42,42,7,13513.900544,12094.462718,10.5035,10578974.767057,9502565.574504,0.512999
NET-000712,5696,4972608,61,46,7,19699.583191,17105.481433,13.1683,10598674.350248,9519671.055937,0.486351
NET-000713,5704,4979592,7,14,5,2759.01923,2759.01923,0.0,10601433.369478,9522430.075167,0.618034
NET-000714,5712,4986576,24,32,7,6601.89491,6262.241467,5.1448,10608035.264388,9528692.316634,0.566586
NET-000715,5720,4993560,66,48,7,22991.151883,19842.141118,13.6966,10631026.416271,9548534.457752,0.481068
NET-000716,5728,5000544,68,49,7,21678.58396,19804.004179,8.6472,10652705.000231,9568338.461931,0.531562
NET-000717,5736,5007528,51,45,7,15686.994024,14535.867243,7.3381,10668391.994255,9582874.329174,0.544653
NET-000718,5744,5014512,26,32,7,7089.896108,6801.52433,4.0674,10675481.890363,9589675.853504,0.57736
NET-000719,5752,5021496,21,27,7,5848.336888,5754.558685,1.6035,10681330.227251,9595430.412189,0.601999
NET-000720,5760,5028480,31,39,7,8399.090833,8103.276883,3.522,10689729.318084,9603533.689072,0.582814
NET-000721,5768,5035464,53,46,7,17151.441915,16176.989483,5.6815,10706880.759999,9619710.678555,0.561219
NET-000722,5776,5042448,5,10,3,2120.068015,2120.068015,0.0,10709000.828014,9621830.74657,0.618034
NET-000723,5784,5049432,12,16,6,2579.869487,2522.468902,2.2249,10711580.697501,9624353.215472,0.595785
NET-000724,5792,5056416,19,25,7,5360.681726,5360.681726,0.0,10716941.379227,9629713.897198,0.618034
NET-000725,5800,5063400,51,42,7,13416.640451,12194.12714,9.1119,10730358.019678,9641908.024338,0.526915
NET-000726,5808,5070384,38,37,7,9526.724123,8725.794728,8.4072,10739884.743801,9650633.819066,0.533962
NET-000727,5816,5077368,7,14,4,2908.653083,2908.653083,0.0,10742793.396884,9653542.472149,0.618034
NET-000728,5824,5084352,33,37,7,8833.082065,8153.381106,7.6949,10751626.478949,9661695.853255,0.541085
NET-000729,5832,5091336,29,34,7,8102.522541,7517.699674,7.2178,10759729.00149,9669213.552929,0.545856
NET-000730,5840,5098320,43,43,7,14350.237952,12833.438033,10.5699,10774079.239442,9682046.990962,0.512335
NET-000731,5848,5105304,30,33,7,8369.940624,8336.819759,0.3957,10782449.180066,9690383.810721,0.614077
NET-000732,5856,5112288,56,44,7,19014.201822,17383.441135,8.5765,10801463.381888,9707767.251856,0.532269
NET-000733,5864,5119272,62,45,7,23507.370773,21359.476309,9.1371,10824970.752661,9729126.728165,0.526663
NET-000734,5872,5126256,28,29,7,7904.149313,7593.661815,3.9282,10832874.901974,9736720.38998,0.578752
NET-000735,5880,5133240,59,48,7,16117.674054,14715.927216,8.697,10848992.576028,9751436.317196,0.531064
NET-000736,5888,5140224,74,47,7,21948.51136,20273.523763,7.6314,10870941.087388,9771709.840959,0.54172
NET-000737,5896,5147208,72,47,7,20610.101893,19939.112588,3.2556,10891551.189281,9791648.953547,0.585478
NET-000738,5904,5154192,49,43,7,13665.167479,12502.985,8.5047,10905216.35676,9804151.938547,0.532987
NET-000739,5912,5161176,63,45,7,20862.185776,18132.662083,13.0836,10926078.542536,9822284.60063,0.487198
NET-000740,5920,5168160,59,44,7,18756.640645,16105.015247,14.137,10944835.183181,9838389.615877,0.476664
NET-000741,5928,5175144,58,45,7,15653.460662,14211.601191,9.2111,10960488.643843,9852601.217068,0.525923
NET-000742,5936,5182128,37,39,7,13470.933624,11065.663485,17.8553,10973959.577467,9863666.880553,0.439481
NET-000743,5944,5189112,43,45,7,12548.597534,12237.842884,2.4764,10986508.175001,9875904.723437,0.59327
NET-000744,5952,5196096,36,41,7,7777.726383,6830.918089,12.1733,10994285.901384,9882735.641526,0.496301
NET-000745,5960,5203080,25,29,7,6544.934435,6363.248917,2.776,11000830.835819,9889098.890443,0.590274
NET-000746,5968,5210064,15,23,5,5145.313456,5021.578551,2.4048,11005976.149275,9894120.468994,0.593986
NET-000747,5976,5217048,32,36,7,9955.639029,9588.464225,3.6881,11015931.788304,9903708.933219,0.581153
NET-000748,5984,5224032,6,12,5,2669.9273,2669.9273,0.0,11018601.715604,9906378.860519,0.618034
NET-000749,5992,5231016,85,49,7,25829.701068,22355.186453,13.4516,11044431.416672,9928734.046972,0.483518
NET-000750,6000,5238000,36,40,7,10713.768561,10688.501906,0.2358,11055145.185233,9939422.548878,0.615676
NET-000751,6008,5244984,38,36,7,12987.865741,11931.706536,8.1319,11068133.050974,9951354.255414,0.536715
NET-000752,6016,5251968,73,49,7,20274.954707,19175.918208,5.4207,11088408.005681,9970530.173622,0.563827
NET-000753,6024,5258952,25,34,7,7876.739928,7876.739928,-0.0,11096284.745609,9978406.91355,0.618034
NET-000754,6032,5265936,37,35,7,11044.181492,10504.329444,4.8881,11107328.927101,9988911.242994,0.569153
NET-000755,6040,5272920,87,48,7,26673.340789,21655.877779,18.8108,11134002.26789,10010567.120773,0.429926
NET-000756,6048,5279904,83,49,7,24259.184488,20137.632088,16.9897,11158261.452378,10030704.752861,0.448137
NET-000757,6056,5286888,28,31,6,7755.13651,7301.071264,5.855,11166016.588888,10038005.824125,0.559484
NET-000758,6064,5293872,25,30,7,7605.15323,7338.443665,3.507,11173621.742118,10045344.26779,0.582964
NET-000759,6072,5300856,61,45,7,20849.811207,18352.85296,11.9759,11194471.553325,10063697.12075,0.498275
NET-000760,6080,5307840,79,47,7,28040.688109,23534.819198,16.069,11222512.241434,10087231.939948,0.457344
NET-000761,6088,5314824,13,21,6,5045.228158,5045.228158,0.0,11227557.469592,10092277.168106,0.618034
NET-000762,6096,5321808,48,41,7,14709.689098,13109.409258,10.8791,11242267.15869,10105386.577364,0.509243
NET-000763,6104,5328792,27,34,7,8087.54846,7795.811961,3.6072,11250354.70715,10113182.389325,0.581962
NET-000764,6112,5335776,14,22,5,3123.227891,2640.08769,15.4693,11253477.935041,10115822.477015,0.463341
NET-000765,6120,5342760,84,47,7,25109.259415,21017.167068,16.2971,11278587.194456,10136839.644083,0.455063
NET-000766,6128,5349744,17,22,6,3776.233692,3567.300328,5.5329,11282363.428148,10140406.944411,0.562705
NET-000767,6136,5356728,17,22,7,4331.748382,4308.297342,0.5414,11286695.17653,10144715.241753,0.61262
NET-000768,6144,5363712,48,45,7,15205.712482,13497.965756,11.231,11301900.889012,10158213.207509,0.505724
NET-000769,6152,5370696,65,47,7,17500.969825,15491.248716,11.4835,11319401.858837,10173704.456225,0.503199
NET-000770,6160,5377680,77,46,7,21042.139536,18338.417617,12.8491,11340443.998373,10192042.873842,0.489543
NET-000771,6168,5384664,55,43,7,17814.307894,14869.925323,16.5282,11358258.306267,10206912.799165,0.452752
NET-000772,6176,5391648,49,42,7,16293.591321,15343.871604,5.8288,11374551.897588,10222256.670769,0.559746
NET-000773,6184,5398632,79,49,7,27963.275914,23169.511385,17.1431,11402515.173502,10245426.182154,0.446603
NET-000774,6192,5405616,7,14,5,1021.40371,1021.40371,-0.0,11403536.577212,10246447.585864,0.618034
NET-000775,6200,5412600,11,18,7,4119.97735,4119.97735,0.0,11407656.554562,10250567.563214,0.618034
NET-000776,6208,5419584,41,40,7,11769.956154,10682.915769,9.2357,11419426.510716,10261250.478983,0.525677
NET-000777,6216,5426568,57,43,7,15830.710137,13781.351014,12.9455,11435257.220853,10275031.829997,0.488579
NET-000778,6224,5433552,59,48,7,18005.769942,15916.78142,11.6018,11453262.990795,10290948.611417,0.502016
NET-000779,6232,5440536,57,47,7,18901.131527,16634.544708,11.9918,11472164.122322,10307583.156125,0.498116
NET-000780,6240,5447520,10,18,6,3112.406003,3112.406003,0.0,11475276.528325,10310695.562128,0.618034
NET-000781,6248,5454504,19,26,7,5216.94545,4875.643467,6.5422,11480493.473775,10315571.205595,0.552612
NET-000782,6256,5461488,77,48,7,21616.310356,19148.299376,11.4174,11502109.784131,10334719.504971,0.50386
NET-000783,6264,5468472,75,47,7,21644.823501,20016.500809,7.5229,11523754.607632,10354736.00578,0.542805
NET-000784,6272,5475456,86,48,7,25957.455656,22716.960202,12.4839,11549712.063288,10377452.965982,0.493195
NET-000785,6280,5482440,10,16,5,4560.822212,4560.822212,0.0,11554272.8855,10382013.788194,0.618034
NET-000786,6288,5489424,58,47,7,18640.311621,16317.935795,12.4589,11572913.197121,10398331.723989,0.493445
NET-000787,6296,5496408,73,49,7,23178.299263,21456.58396,7.4281,11596091.496384,10419788.307949,0.543753
NET-000788,6304,5503392,69,48,7,19518.0725,17535.313696,10.1586,11615609.568884,10437323.621645,0.516448
NET-000789,6312,5510376,7,13,5,2679.995732,2679.995732,0.0,11618289.564616,10440003.617377,0.618034
NET-000790,6320,5517360,43,43,7,11843.259484,10444.831075,11.8078,11630132.8241,10450448.448452,0.499956
NET-000791,6328,5524344,46,43,7,13653.34678,13075.180065,4.2346,11643786.17088,10463523.628517,0.575688
NET-000792,6336,5531328,77,48,7,21812.680024,19573.777861,10.2642,11665598.850904,10483097.406378,0.515392
NET-000793,6344,5538312,54,47,7,19508.64884,16861.231799,13.5705,11685107.499744,10499958.638177,0.482329
NET-000794,6352,5545296,86,47,7,26636.088088,24859.599604,6.6695,11711743.587832,10524818.237781,0.551339
NET-000795,6360,5552280,5,9,3,1002.973774,1002.973774,0.0,11712746.561606,10525821.211555,0.618034
NET-000796,6368,5559264,21,27,7,6601.514149,6198.778359,6.1007,11719348.075755,10532019.989914,0.557027
NET-000797,6376,5566248,40,39,7,13820.824134,12520.22999,9.4104,11733168.899889,10544540.219904,0.52393
NET-000798,6384,5573232,73,50,7,21879.626435,19702.024613,9.9526,11755048.526324,10564242.244517,0.518508
NET-000799,6392,5580216,30,37,7,9427.046717,8723.732829,7.4606,11764475.573041,10572965.977346,0.543428
NET-000800,6400,5587200,74,49,7,21673.545627,19772.822383,8.7698,11786149.118668,10592738.799729,0.530336
NET-000801,6408,5594184,23,27,7,6831.110209,6494.316497,4.9303,11792980.228877,10599233.116226,0.568731
NET-000802,6416,5601168,9,15,6,2498.60919,2498.60919,0.0,11795478.838067,10601731.725416,0.618034
NET-000803,6424,5608152,43,42,7,12840.157737,10633.784566,17.1834,11808318.995804,10612365.509982,0.4462
NET-000804,6432,5615136,80,48,7,22379.096225,19491.708871,12.9022,11830698.092029,10631857.218853,0.489012
NET-000805,6440,5622120,47,47,7,13453.809145,12293.872187,8.6216,11844151.901174,10644151.09104,0.531818
NET-000806,6448,5629104,60,44,7,18477.797758,15931.07948,13.7826,11862629.698932,10660082.17052,0.480208
NET-000807,6456,5636088,64,47,7,18691.859484,16756.414044,10.3545,11881321.558416,10676838.584564,0.514489
NET-000808,6464,5643072,42,42,7,13117.864322,12262.553871,6.5202,11894439.422738,10689101.138435,0.552832
NET-000809,6472,5650056,55,47,7,16528.265544,15195.817148,8.0616,11910967.688282,10704296.955583,0.537418
NET-000810,6480,5657040,53,41,7,14332.652367,13413.713334,6.4115,11925300.340649,10717710.668917,0.553919
NET-000811,6488,5664024,77,46,7,23615.984988,22097.195511,6.4312,11948916.325637,10739807.864428,0.553722
NET-000812,6496,5671008,70,45,7,23246.771446,21024.739409,9.5585,11972163.097083,10760832.603837,0.522449
NET-000813,6504,5677992,62,48,7,18595.645592,17023.766421,8.4529,11990758.742675,10777856.370258,0.533505
NET-000814,6512,5684976,76,49,7,26610.040851,22862.288461,14.084,12017368.783526,10800718.658719,0.477194
NET-000815,6520,5691960,23,29,7,6492.718218,6127.830823,5.6199,12023861.501744,10806846.489542,0.561835
NET-000816,6528,5698944,7,13,5,2309.637327,2309.637327,0.0,12026171.139071,10809156.126869,0.618034
NET-000817,6536,5705928,78,46,7,24876.510098,22045.521497,11.3802,12051047.649169,10831201.648366,0.504232
NET-000818,6544,5712912,69,47,7,21050.186797,18460.364435,12.3031,12072097.835966,10849662.012801,0.495003
NET-000819,6552,5719896,16,25,7,4409.143832,4284.140555,2.8351,12076506.979798,10853946.153356,0.589683
NET-000820,6560,5726880,64,46,7,18488.702917,16788.559309,9.1956,12094995.682715,10870734.712665,0.526078
NET-000821,6568,5733864,10,17,6,2939.799284,2939.799284,-0.0,12097935.481999,10873674.511949,0.618034
NET-000822,6576,5740848,35,42,6,12232.869609,12232.869609,0.0,12110168.351608,10885907.381558,0.618034
NET-000823,6584,5747832,27,31,7,8279.074261,8200.627611,0.9475,12118447.425869,10894108.009169,0.608559
NET-000824,6592,5754816,53,43,7,18325.323921,16399.800974,10.5074,12136772.74979,10910507.810143,0.51296
NET-000825,6600,5761800,23,30,7,7605.447615,7038.332803,7.4567,12144378.197405,10917546.142946,0.543467
NET-000826,6608,5768784,5,10,4,1751.557531,1751.557531,0.0,12146129.754936,10919297.700477,0.618034
NET-000827,6616,5775768,88,50,7,31897.986446,25558.410164,19.8745,12178027.741382,10944856.110641,0.419289
NET-000828,6624,5782752,64,44,7,19068.236494,16011.329097,16.0314,12197095.977876,10960867.439738,0.45772
NET-000829,6632,5789736,41,39,7,10787.741918,10082.350945,6.5388,12207883.719794,10970949.790683,0.552646
NET-000830,6640,5796720,42,40,7,14162.667952,13470.76061,4.8854,12222046.387746,10984420.551293,0.56918
NET-000831,6648,5803704,26,36,7,8111.519532,8110.170817,0.0166,12230157.907278,10992530.72211,0.617868
NET-000832,6656,5810688,46,45,7,13411.140772,11868.955783,11.4993,12243569.04805,11004399.677893,0.503041
NET-000833,6664,5817672,25,29,7,8191.750481,7027.511972,14.2123,12251760.798531,11011427.189865,0.475911
NET-000834,6672,5824656,83,47,7,26325.205136,22198.111088,15.6773,12278086.003667,11033625.300953,0.461261
NET-000835,6680,5831640,37,36,7,12070.04346,11470.914988,4.9638,12290156.047127,11045096.215941,0.568396
NET-000836,6688,5838624,82,50,7,22032.857963,19769.166596,10.2742,12312188.90509,11064865.382537,0.515292
NET-000837,6696,5845608,80,50,7,22061.405567,18173.426017,17.6234,12334250.310657,11083038.808554,0.4418
NET-000838,6704,5852592,35,38,7,9518.946217,9467.849057,0.5368,12343769.256874,11092506.657611,0.612666
NET-000839,6712,5859576,10,17,5,3732.455279,3522.379843,5.6283,12347501.712153,11096029.037454,0.561751
NET-000840,6720,5866560,10,17,5,3030.544336,2702.211677,10.8341,12350532.256489,11098731.249131,0.509693
NET-000841,6728,5873544,23,29,7,7223.641809,6344.449638,12.171,12357755.898298,11105075.698769,0.496324
NET-000842,6736,5880528,26,32,7,8744.912523,8467.362438,3.1738,12366500.810821,11113543.061207,0.586296
NET-000843,6744,5887512,63,47,7,21131.034051,18410.736822,12.8735,12387631.844872,11131953.798029,0.489299
NET-000844,6752,5894496,72,45,7,21190.572197,18550.151078,12.4604,12408822.417069,11150503.949107,0.49343
NET-000845,6760,5901480,22,28,7,7122.190897,7122.190897,0.0,12415944.607966,11157626.140004,0.618034
NET-000846,6768,5908464,62,46,7,19469.621096,15744.972677,19.1306,12435414.229062,11173371.112681,0.426728
NET-000847,6776,5915448,53,44,7,18676.223846,16384.907236,12.2686,12454090.452908,11189756.019917,0.495348
NET-000848,6784,5922432,46,42,7,15754.347894,14139.259999,10.2517,12469844.800802,11203895.279916,0.515517
NET-000849,6792,5929416,41,44,7,12271.320462,11819.140467,3.6849,12482116.121264,11215714.420383,0.581185
NET-000850,6800,5936400,52,47,7,18109.315018,16705.868139,7.7499,12500225.436282,11232420.288522,0.540535
NET-000851,6808,5943384,71,49,7,21661.796524,18635.901311,13.9688,12521887.232806,11251056.189833,0.478346
NET-000852,6816,5950368,33,37,7,9175.498658,9031.730496,1.5669,12531062.731464,11260087.920329,0.602365
NET-000853,6824,5957352,41,42,7,11796.428034,10516.36907,10.8512,12542859.159498,11270604.289399,0.509522
NET-000854,6832,5964336,80,49,7,23355.992189,19967.562335,14.5078,12566215.151687,11290571.851734,0.472956
NET-000855,6840,5971320,79,47,7,24231.496617,18877.763521,22.0941,12590446.648304,11309449.615255,0.397093
NET-000856,6848,5978304,28,34,7,10595.037783,9235.724594,12.8297,12601041.686087,11318685.339849,0.489737
NET-000857,6856,5985288,37,39,7,11907.715299,11392.622138,4.3257,12612949.401386,11330077.961987,0.574777
NET-000858,6864,5992272,10,16,6,2859.74556,2859.74556,0.0,12615809.146946,11332937.707547,0.618034
NET-000859,6872,5999256,81,49,7,27436.90144,23320.493544,15.0032,12643246.048386,11356258.201091,0.468002
NET-000860,6880,6006240,11,16,5,3609.591051,3609.591051,0.0,12646855.639437,11359867.792142,0.618034
NET-000861,6888,6013224,51,40,7,17105.441931,14365.716064,16.0167,12663961.081368,11374233.508206,0.457867
NET-000862,6896,6020208,86,47,7,24906.183109,21580.591936,13.3525,12688867.264477,11395814.100142,0.484509
NET-000863,6904,6027192,10,15,7,3316.843892,3316.843892,0.0,12692184.108369,11399130.944034,0.618034
NET-000864,6912,6034176,27,29,7,6993.07459,6656.915561,4.807,12699177.182959,11405787.859595,0.569964
NET-000865,6920,6041160,65,47,7,20602.76128,19093.986001,7.3232,12719779.944239,11424881.845596,0.544802
NET-000866,6928,6048144,45,42,7,13568.457354,11926.439391,12.1017,12733348.401593,11436808.284987,0.497017
NET-000867,6936,6055128,32,37,7,8461.112186,8082.077698,4.4797,12741809.513779,11444890.362685,0.573237
NET-000868,6944,6062112,29,40,7,7926.591077,7634.059586,3.6905,12749736.104856,11452524.422271,0.581129
NET-000869,6952,6069096,8,15,4,2857.453125,2857.453125,0.0,12752593.557981,11455381.875396,0.618034
NET-000870,6960,6076080,67,47,7,19619.372727,17148.537854,12.5939,12772212.930708,11472530.41325,0.492095
NET-000871,6968,6083064,11,19,4,2753.455809,2499.192078,9.2343,12774966.386517,11475029.605328,0.52569
NET-000872,6976,6090048,12,20,6,4308.580799,4308.580799,-0.0,12779274.967316,11479338.186127,0.618034
NET-000873,6984,6097032,64,48,7,20857.210161,18992.476419,8.9405,12800132.177477,11498330.662546,0.528629
NET-000874,6992,6104016,28,33,6,6725.895424,6586.316383,2.0752,12806858.072901,11504916.978929,0.597282
NET-000875,7000,6111000,52,47,7,16921.505323,15305.627989,9.5493,12823779.578224,11520222.606918,0.522541
NET-000876,7008,6117984,15,24,6,4874.947248,4874.947248,0.0,12828654.525472,11525097.554166,0.618034
NET-000877,7016,6124968,26,28,7,8645.743191,7843.035605,9.2844,12837300.268663,11532940.589771,0.52519
NET-000878,7024,6131952,7,14,6,1503.729223,1503.729223,0.0,12838803.997886,11534444.318994,0.618034
NET-000879,7032,6138936,45,40,7,13480.181507,12875.394121,4.4865,12852284.179393,11547319.713115,0.573169
NET-000880,7040,6145920,34,37,7,9247.124865,8913.599235,3.6068,12861531.304258,11556233.31235,0.581966
NET-000881,7048,6152904,88,50,7,28935.82344,22861.236019,20.9933,12890467.127698,11579094.548369,0.408101
NET-000882,7056,6159888,15,20,6,6118.000745,6118.000745,0.0,12896585.128443,11585212.549114,0.618034
NET-000883,7064,6166872,33,36,7,11417.084992,10988.498457,3.7539,12908002.213435,11596201.047571,0.580495
NET-000884,7072,6173856,52,46,7,15931.513204,15268.837038,4.1595,12923933.726639,11611469.884609,0.576439
NET-000885,7080,6180840,59,46,7,18011.356635,15918.776507,11.6181,12941945.083274,11627388.661116,0.501853
NET-000886,7088,6187824,37,41,7,12130.623804,11008.125443,9.2534,12954075.707078,11638396.786559,0.5255
NET-000887,7096,6194808,23,29,7,7203.43254,6774.70376,5.9517,12961279.139618,11645171.490319,0.558517
NET-000888,7104,6201792,63,48,7,22283.813619,21026.949472,5.6403,12983562.953237,11666198.439791,0.561631
NET-000889,7112,6208776,67,48,7,21244.056734,18738.763768,11.7929,13004807.009971,11684937.203559,0.500105
NET-000890,7120,6215760,19,23,7,6984.4846,6984.4846,0.0,13011791.494571,11691921.688159,0.618034
NET-000891,7128,6222744,11,17,4,3474.274864,3474.274864,0.0,13015265.769435,11695395.963023,0.618034
NET-000892,7136,6229728,69,48,7,21398.707767,19491.762859,8.9115,13036664.477202,11714887.725882,0.528919
NET-000893,7144,6236712,49,41,7,14846.899934,12835.801661,13.5456,13051511.377136,11727723.527543,0.482578
NET-000894,7152,6243696,6,11,5,1069.85543,1069.85543,0.0,13052581.232566,11728793.382973,0.618034
NET-000895,7160,6250680,11,19,6,2925.519208,2619.794749,10.4503,13055506.751774,11731413.177722,0.513531
NET-000896,7168,6257664,12,18,6,4248.973188,4136.875017,2.6382,13059755.724962,11735550.052739,0.591652
NET-000897,7176,6264648,66,50,7,20125.19861,19189.324375,4.6503,13079880.923572,11754739.377114,0.571531
NET-000898,7184,6271632,20,30,7,5214.892389,4969.585052,4.704,13085095.815961,11759708.962166,0.570994
NET-000899,7192,6278616,27,35,7,9838.739396,9838.739396,-0.0,13094934.555357,11769547.701562,0.618034
NET-000900,7200,6285600,75,50,7,21169.80495,17715.851792,16.3155,13116104.360307,11787263.553354,0.454879
NET-000901,7208,6292584,51,43,7,15248.629475,13252.303743,13.0918,13131352.989782,11800515.857097,0.487116
NET-000902,7216,6299568,54,44,7,17429.297184,15951.280986,8.4801,13148782.286966,11816467.138083,0.533233
NET-000903,7224,6306552,36,34,7,11568.518562,11074.698084,4.2687,13160350.805528,11827541.836167,0.575347
NET-000904,7232,6313536,42,43,7,12277.533705,10282.8754,16.2464,13172628.339233,11837824.711567,0.45557
NET-000905,7240,6320520,61,46,7,19874.943727,16359.469489,17.688,13192503.28296,11854184.181056,0.441154
NET-000906,7248,6327504,33,32,7,11773.171692,11197.078304,4.8933,13204276.454652,11865381.25936,0.569101
NET-000907,7256,6334488,65,49,7,18236.566556,16019.66021,12.1564,13222513.021208,11881400.91957,0.49647
NET-000908,7264,6341472,55,47,7,16976.438182,15829.272232,6.7574,13239489.45939,11897230.191802,0.55046
NET-000909,7272,6348456,55,45,7,16295.554346,15231.880986,6.5274,13255785.013736,11912462.072788,0.55276
NET-000910,7280,6355440,53,46,7,16510.327779,14612.566504,11.4944,13272295.341515,11927074.639292,0.50309
NET-000911,7288,6362424,64,48,7,20714.507331,17879.240583,13.6873,13293009.848846,11944953.879875,0.481161
NET-000912,7296,6369408,27,35,7,8528.418412,8480.955076,0.5565,13301538.267258,11953434.834951,0.612469
NET-000913,7304,6376392,35,34,7,12523.477069,12055.193968,3.7392,13314061.744327,11965490.028919,0.580642
NET-000914,7312,6383376,47,42,7,14733.375801,12043.939126,18.254,13328795.120128,11977533.968045,0.435494
NET-000915,7320,6390360,65,45,7,19877.119411,17955.777671,9.6661,13348672.239539,11995489.745716,0.521373
NET-000916,7328,6397344,42,43,7,16140.395422,14937.95415,7.4499,13364812.634961,12010427.699866,0.543535
NET-000917,7336,6404328,9,16,5,2891.6476,2891.6476,0.0,13367704.282561,12013319.347466,0.618034
NET-000918,7344,6411312,15,22,6,3302.95903,3302.95903,0.0,13371007.241591,12016622.306496,0.618034
NET-000919,7352,6418296,11,19,5,3151.647249,3151.647249,-0.0,13374158.88884,12019773.953745,0.618034
NET-000920,7360,6425280,52,42,7,16446.167391,14460.529455,12.0736,13390605.056231,12034234.4832,0.497298
NET-000921,7368,6432264,20,26,7,5189.62196,5189.62196,0.0,13395794.678191,12039424.10516,0.618034
NET-000922,7376,6439248,14,21,6,3486.865289,3171.513813,9.044,13399281.54348,12042595.618973,0.527594
NET-000923,7384,6446232,64,48,7,17778.896965,17005.133191,4.3521,13417060.440445,12059600.752164,0.574513
NET-000924,7392,6453216,50,46,7,15655.717283,14321.74499,8.5207,13432716.157728,12073922.497154,0.532827
NET-000925,7400,6460200,30,36,7,9832.432436,9832.432436,0.0,13442548.590164,12083754.92959,0.618034
NET-000926,7408,6467184,70,49,7,20964.620764,19837.773094,5.375,13463513.210928,12103592.702684,0.564284
NET-000927,7416,6474168,29,32,7,8928.271505,8876.525422,0.5796,13472441.482433,12112469.228106,0.612238
NET-000928,7424,6481152,8,15,6,2264.426425,2264.426425,0.0,13474705.908858,12114733.654531,0.618034
NET-000929,7432,6488136,88,48,7,29842.058654,25170.723473,15.6535,13504547.967512,12139904.378004,0.461499
NET-000930,7440,6495120,89,46,7,27289.519267,21621.427933,20.7702,13531837.486779,12161525.805937,0.410332
NET-000931,7448,6502104,69,46,7,20853.5977,18476.994926,11.3966,13552691.084479,12180002.800863,0.504068
NET-000932,7456,6509088,38,38,7,11453.891928,9506.448884,17.0025,13564144.976407,12189509.249747,0.448009
NET-000933,7464,6516072,30,37,7,9752.452892,9448.849611,3.1131,13573897.429299,12198958.099358,0.586903
NET-000934,7472,6523056,82,48,7,25005.963046,21429.232187,14.3035,13598903.392345,12220387.331545,0.474999
NET-000935,7480,6530040,41,37,7,12073.708366,10359.074504,14.2014,13610977.100711,12230746.406049,0.47602
NET-000936,7488,6537024,36,39,7,12265.428453,11649.289128,5.0234,13623242.529164,12242395.695177,0.5678
NET-000937,7496,6544008,29,33,7,9916.588074,9206.011193,7.1655,13633159.117238,12251601.70637,0.546379
NET-000938,7504,6550992,52,45,7,14606.724457,11697.731132,19.9154,13647765.841695,12263299.437502,0.41888
NET-000939,7512,6557976,5,10,4,1034.208331,1034.208331,0.0,13648800.050026,12264333.645833,0.618034
NET-000940,7520,6564960,73,47,7,23822.129671,20184.376802,15.2705,13672622.179697,12284518.022635,0.465329
NET-000941,7528,6571944,77,47,7,20262.312375,17145.854915,15.3806,13692884.492072,12301663.87755,0.464228
NET-000942,7536,6578928,38,36,7,10207.979613,9661.518728,5.3533,13703092.471685,12311325.396278,0.564501
NET-000943,7544,6585912,7,11,5,2367.708397,2367.708397,0.0,13705460.180082,12313693.104675,0.618034
NET-000944,7552,6592896,25,32,6,6777.434711,6777.434711,-0.0,13712237.614793,12320470.539386,0.618034
NET-000945,7560,6599880,76,46,7,25956.851622,23003.814168,11.3767,13738194.466415,12343474.353554,0.504267
NET-000946,7568,6606864,14,19,6,5075.163171,5075.163171,0.0,13743269.629586,12348549.516725,0.618034
NET-000947,7576,6613848,75,49,7,25164.352343,22107.69137,12.1468,13768433.981929,12370657.208095,0.496566
NET-000948,7584,6620832,71,45,7,21492.073598,19533.032821,9.1152,13789926.055527,12390190.240916,0.526882
NET-000949,7592,6627816,20,24,7,6189.406413,6189.406413,-0.0,13796115.46194,12396379.647329,0.618034
NET-000950,7600,6634800,33,39,7,11008.70829,10976.520501,0.2924,13807124.17023,12407356.16783,0.61511
NET-000951,7608,6641784,12,19,6,3596.618353,3485.892392,3.0786,13810720.788583,12410842.060222,0.587248
NET-000952,7616,6648768,41,38,7,12496.121314,11436.027923,8.4834,13823216.909897,12422278.088145,0.5332
NET-000953,7624,6655752,51,46,7,14244.458959,13388.910216,6.0062,13837461.368856,12435666.998361,0.557972
NET-000954,7632,6662736,54,46,7,17146.982769,16133.465911,5.9108,13854608.351625,12451800.464272,0.558926
NET-000955,7640,6669720,65,48,7,20568.275611,18313.454173,10.9626,13875176.627236,12470113.918445,0.508408
NET-000956,7648,6676704,67,48,7,20020.925733,19190.317514,4.1487,13895197.552969,12489304.235959,0.576547
NET-000957,7656,6683688,74,48,7,21061.691394,18770.985615,10.8762,13916259.244363,12508075.221574,0.509272
NET-000958,7664,6690672,45,45,7,15081.698014,14275.900581,5.3429,13931340.942377,12522351.122155,0.564605
NET-000959,7672,6697656,50,45,7,15781.219412,13095.357234,17.0194,13947122.161789,12535446.479389,0.44784
NET-000960,7680,6704640,72,47,7,21606.800065,18956.425419,12.2664,13968728.961854,12554402.904808,0.49537
NET-000961,7688,6711624,43,42,7,10445.52975,10116.229623,3.1525,13979174.491604,12564519.134431,0.586509
NET-000962,7696,6718608,33,36,7,11438.782389,9739.373477,14.8566,13990613.273993,12574258.507908,0.469468
NET-000963,7704,6725592,87,48,7,26307.803269,23844.33191,9.364,14016921.077262,12598102.839818,0.524394
NET-000964,7712,6732576,12,18,5,4437.421605,4437.421605,-0.0,14021358.498867,12602540.261423,0.618034
NET-000965,7720,6739560,49,44,7,17250.2369,15657.285119,9.2344,14038608.735767,12618197.546542,0.52569
NET-000966,7728,6746544,51,41,7,18547.663704,16607.812831,10.4587,14057156.399471,12634805.359373,0.513447
NET-000967,7736,6753528,57,44,7,19164.335458,16145.108071,15.7544,14076320.734929,12650950.467444,0.46049
NET-000968,7744,6760512,6,8,4,2222.569644,2222.569644,-0.0,14078543.304573,12653173.037088,0.618034
NET-000969,7752,6767496,66,48,7,20157.434666,18799.957846,6.7344,14098700.739239,12671972.994934,0.55069
NET-000970,7760,6774480,82,49,7,27107.77854,23538.134521,13.1683,14125808.517779,12695511.129455,0.486351
NET-000971,7768,6781464,56,45,7,17230.373873,14875.535923,13.6668,14143038.891652,12710386.665378,0.481366
NET-000972,7776,6788448,59,46,7,20320.390342,19306.419861,4.9899,14163359.281994,12729693.085239,0.568135
NET-000973,7784,6795432,81,48,7,23590.471318,19681.647461,16.5695,14186949.753312,12749374.7327,0.452339
NET-000974,7792,6802416,34,35,7,10345.881005,9856.456493,4.7306,14197295.634317,12759231.189193,0.570728
NET-000975,7800,6809400,6,11,3,1866.936548,1866.936548,0.0,14199162.570865,12761098.125741,0.618034
NET-000976,7808,6816384,17,27,6,4465.185503,4465.185503,0.0,14203627.756368,12765563.311244,0.618034
NET-000977,7816,6823368,49,41,7,13706.360009,11904.31004,13.1475,14217334.116377,12777467.621284,0.486559
NET-000978,7824,6830352,18,29,7,5499.537233,5237.65795,4.7618,14222833.65361,12782705.279234,0.570416
NET-000979,7832,6837336,60,45,7,15625.129407,14428.796196,7.6565,14238458.783017,12797134.07543,0.541469
NET-000980,7840,6844320,37,37,7,11186.524459,10643.374686,4.8554,14249645.307476,12807777.450116,0.56948
NET-000981,7848,6851304,83,47,7,22133.878771,20656.29458,6.6757,14271779.186247,12828433.744696,0.551277
NET-000982,7856,6858288,15,22,7,4681.760909,4681.760909,-0.0,14276460.947156,12833115.505605,0.618034
NET-000983,7864,6865272,69,47,7,21231.108124,17969.088925,15.3643,14297692.05528,12851084.59453,0.464391
NET-000984,7872,6872256,40,38,7,14478.958638,13132.030457,9.3027,14312171.013918,12864216.624987,0.525007
NET-000985,7880,6879240,26,35,7,7723.953929,7017.877633,9.1414,14319894.967847,12871234.50262,0.52662
NET-000986,7888,6886224,73,49,7,20389.019925,17221.714497,15.5344,14340283.987772,12888456.217117,0.46269
NET-000987,7896,6893208,21,29,7,7071.821685,6807.921008,3.7317,14347355.809457,12895264.138125,0.580717
NET-000988,7904,6900192,67,47,7,18624.795176,16178.306483,13.1357,14365980.604633,12911442.444608,0.486677
NET-000989,7912,6907176,77,48,7,25194.420663,21029.323585,16.5318,14391175.025296,12932471.768193,0.452716
NET-000990,7920,6914160,14,26,7,3271.758502,3271.758502,0.0,14394446.783798,12935743.526695,0.618034
NET-000991,7928,6921144,16,24,6,4051.950544,4051.950544,0.0,14398498.734342,12939795.477239,0.618034
NET-000992,7936,6928128,57,41,7,16886.668106,15394.655438,8.8354,14415385.402448,12955190.132677,0.52968
NET-000993,7944,6935112,15,24,7,4279.404986,4279.404986,0.0,14419664.807434,12959469.537663,0.618034
NET-000994,7952,6942096,81,50,7,26360.220968,21475.098639,18.5322,14446025.028402,12980944.636302,0.432712
NET-000995,7960,6949080,63,46,7,20008.822461,18181.790808,9.1311,14466033.850863,12999126.42711,0.526723
NET-000996,7968,6956064,52,44,7,16537.347726,15102.89721,8.674,14482571.198589,13014229.32432,0.531294
NET-000997,7976,6963048,62,45,7,18939.272705,16814.60054,11.2183,14501510.471294,13031043.92486,0.505851
NET-000998,7984,6970032,44,41,7,13397.876015,12022.735726,10.2639,14514908.347309,13043066.660586,0.515395
NET-000999,7992,6977016,76,49,7,22208.718743,19489.987426,12.2417,14537117.066052,13062556.648012,0.495617
NET-001000,8000,6984000,18,25,7,5990.190995,5862.969618,2.1238,14543107.257047,13068419.61763,0.596796
