beat_number,ideal_ms,actual_ms,drift_ms,cumulative_drift_ms,trades_settled,settlement_value_icp,is_sync_beat,is_netting_beat,phi_4_derivation,schumann_hz
1,873,871.1255,-1.8745,1.8745,20,1720.8989,False,False,875.3642,7.83
2,873,874.8496,1.8496,3.724,5,1124.1176,False,False,875.3642,7.83
3,873,872.0926,-0.9074,4.6315,2,5106.5742,True,False,875.3642,7.83
4,873,873.2542,0.2542,4.8857,0,1307.2704,False,False,875.3642,7.83
5,873,869.7254,-3.2746,8.1602,17,3867.7926,False,False,875.3642,7.83
6,873,871.5181,-1.4819,9.6422,3,2680.051,True,False,875.3642,7.83
7,873,872.9358,-0.0642,9.7064,4,4243.5507,False,False,875.3642,7.83
8,873,872.4332,-0.5668,10.2731,0,5359.4753,False,True,875.3642,7.83
9,873,872.4721,-0.5279,10.8011,39,4563.1018,True,False,875.3642,7.83
10,873,872.0127,-0.9873,11.7883,1,865.1267,False,False,875.3642,7.83
11,873,875.7284,2.7284,14.5168,8,5581.7617,False,False,875.3642,7.83
12,873,873.1963,0.1963,14.7131,7,3358.5623,True,False,875.3642,7.83
13,873,873.2632,0.2632,14.9763,42,3981.6385,False,False,875.3642,7.83
14,873,870.4011,-2.5989,17.5752,42,602.8586,False,False,875.3642,7.83
15,873,873.0039,0.0039,17.579,17,2880.0033,True,False,875.3642,7.83
16,873,873.3237,0.3237,17.9027,5,5564.7067,False,True,875.3642,7.83
17,873,873.2898,0.2898,18.1925,13,5710.4614,False,False,875.3642,7.83
18,873,872.1205,-0.8795,19.072,28,4731.7075,True,False,875.3642,7.83
19,873,871.9056,-1.0944,20.1664,30,4698.7049,False,False,875.3642,7.83
20,873,873.0104,0.0104,20.1768,6,1364.0554,False,False,875.3642,7.83
21,873,870.9784,-2.0216,22.1984,24,2048.9764,True,False,875.3642,7.83
22,873,874.0817,1.0817,23.2801,30,1556.2898,False,False,875.3642,7.83
23,873,869.2756,-3.7244,27.0045,63,599.2904,False,False,875.3642,7.83
24,873,872.8378,-0.1622,27.1667,41,2396.2863,True,True,875.3642,7.83
25,873,871.5781,-1.4219,28.5886,1,3527.8523,False,False,875.3642,7.83
26,873,873.4342,0.4342,29.0228,13,421.0297,False,False,875.3642,7.83
27,873,874.8346,1.8346,30.8574,4,3230.5229,True,False,875.3642,7.83
28,873,873.2956,0.2956,31.153,50,2289.235,False,False,875.3642,7.83
29,873,875.6054,2.6054,33.7584,18,3933.4357,False,False,875.3642,7.83
30,873,871.2084,-1.7916,35.55,11,6062.8213,True,False,875.3642,7.83
31,873,874.5867,1.5867,37.1367,8,1387.8232,False,False,875.3642,7.83
32,873,873.9627,0.9627,38.0994,9,6036.2955,False,True,875.3642,7.83
33,873,874.0828,1.0828,39.1822,2,1542.8676,True,False,875.3642,7.83
34,873,873.6394,0.6394,39.8217,6,1133.1501,False,False,875.3642,7.83
35,873,875.7794,2.7794,42.601,9,541.7613,False,False,875.3642,7.83
36,873,874.7106,1.7106,44.3117,13,5794.1795,True,False,875.3642,7.83
37,873,877.145,4.145,48.4567,29,5447.8844,False,False,875.3642,7.83
38,873,870.9707,-2.0293,50.486,8,3444.8223,False,False,875.3642,7.83
39,873,873.3176,0.3176,50.8036,49,863.1362,True,False,875.3642,7.83
40,873,873.0717,0.0717,50.8753,5,2864.5516,False,True,875.3642,7.83
41,873,874.7687,1.7687,52.644,46,3203.6786,False,False,875.3642,7.83
42,873,874.7188,1.7188,54.3628,7,4318.7686,True,False,875.3642,7.83
43,873,871.3394,-1.6606,56.0234,7,3135.4649,False,False,875.3642,7.83
44,873,875.1922,2.1922,58.2156,8,4075.0632,False,False,875.3642,7.83
45,873,875.5192,2.5192,60.7348,6,4434.4595,True,False,875.3642,7.83
46,873,873.0474,0.0474,60.7822,9,6048.0907,False,False,875.3642,7.83
47,873,873.6434,0.6434,61.4255,11,5616.7377,False,False,875.3642,7.83
48,873,870.5461,-2.4539,63.8794,1,4509.5067,True,True,875.3642,7.83
49,873,874.0266,1.0266,64.906,31,5719.5067,False,False,875.3642,7.83
50,873,872.4667,-0.5333,65.4393,17,5293.3456,False,False,875.3642,7.83
51,873,872.9408,-0.0592,65.4985,2,4422.7723,True,False,875.3642,7.83
52,873,874.7415,1.7415,67.24,9,4890.1156,False,False,875.3642,7.83
53,873,871.5726,-1.4274,68.6674,32,207.3525,False,False,875.3642,7.83
54,873,874.091,1.091,69.7583,7,1436.2842,True,False,875.3642,7.83
55,873,871.4597,-1.5403,71.2986,5,5099.3461,False,False,875.3642,7.83
56,873,873.3862,0.3862,71.6848,15,170.3378,False,True,875.3642,7.83
57,873,872.0745,-0.9255,72.6103,62,1454.1663,True,False,875.3642,7.83
58,873,874.9369,1.9369,74.5472,4,1310.5476,False,False,875.3642,7.83
59,873,873.1647,0.1647,74.7119,16,4537.7706,False,False,875.3642,7.83
60,873,872.628,-0.372,75.0839,8,4040.6447,True,False,875.3642,7.83
61,873,874.2118,1.2118,76.2957,0,638.6999,False,False,875.3642,7.83
62,873,872.6294,-0.3706,76.6663,12,3727.106,False,False,875.3642,7.83
63,873,872.5193,-0.4807,77.147,10,3363.9176,True,False,875.3642,7.83
64,873,873.5219,0.5219,77.6689,0,946.9991,False,True,875.3642,7.83
65,873,875.4816,2.4816,80.1504,5,4788.0768,False,False,875.3642,7.83
66,873,873.6356,0.6356,80.786,2,2557.1202,True,False,875.3642,7.83
67,873,873.5352,0.5352,81.3212,10,2029.6371,False,False,875.3642,7.83
68,873,871.4424,-1.5576,82.8788,31,3626.1603,False,False,875.3642,7.83
69,873,871.9015,-1.0985,83.9773,32,4370.2945,True,False,875.3642,7.83
70,873,872.5931,-0.4069,84.3842,15,4632.3166,False,False,875.3642,7.83
71,873,871.339,-1.661,86.0452,16,3696.1948,False,False,875.3642,7.83
72,873,872.2257,-0.7743,86.8195,17,163.7813,True,True,875.3642,7.83
73,873,875.5752,2.5752,89.3947,3,5472.084,False,False,875.3642,7.83
74,873,873.2255,0.2255,89.6202,3,3762.2273,False,False,875.3642,7.83
75,873,872.4521,-0.5479,90.1681,6,234.8733,True,False,875.3642,7.83
76,873,873.1984,0.1984,90.3665,11,2710.4998,False,False,875.3642,7.83
77,873,872.9999,-0.0001,90.3666,3,68.4544,False,False,875.3642,7.83
78,873,871.777,-1.223,91.5896,50,1345.3508,True,False,875.3642,7.83
79,873,876.2308,3.2308,94.8204,6,1712.3519,False,False,875.3642,7.83
80,873,872.6916,-0.3084,95.1288,1,4525.1744,False,True,875.3642,7.83
81,873,873.3926,0.3926,95.5215,21,1770.7897,True,False,875.3642,7.83
82,873,872.539,-0.461,95.9825,1,1014.2611,False,False,875.3642,7.83
83,873,872.5375,-0.4625,96.4449,7,2937.7228,False,False,875.3642,7.83
84,873,872.2962,-0.7038,97.1487,34,1213.8446,True,False,875.3642,7.83
85,873,873.5338,0.5338,97.6825,1,4773.8408,False,False,875.3642,7.83
86,873,873.7095,0.7095,98.392,30,3100.8993,False,False,875.3642,7.83
87,873,871.361,-1.639,100.0311,5,1804.5331,True,False,875.3642,7.83
88,873,871.1668,-1.8332,101.8642,4,3436.0634,False,True,875.3642,7.83
89,873,873.4444,0.4444,102.3086,12,1213.6772,False,False,875.3642,7.83
90,873,871.9199,-1.0801,103.3887,4,5138.8046,True,False,875.3642,7.83
91,873,872.3356,-0.6644,104.0531,5,655.2634,False,False,875.3642,7.83
92,873,873.694,0.694,104.7471,1,3208.2945,False,False,875.3642,7.83
93,873,875.4295,2.4295,107.1765,7,1565.0792,True,False,875.3642,7.83
94,873,873.961,0.961,108.1375,9,1526.2034,False,False,875.3642,7.83
95,873,874.5002,1.5002,109.6377,9,4678.3023,False,False,875.3642,7.83
96,873,872.2904,-0.7096,110.3473,29,2049.0394,True,True,875.3642,7.83
97,873,871.9324,-1.0676,111.4148,23,4189.887,False,False,875.3642,7.83
98,873,872.0615,-0.9385,112.3533,12,5685.2608,False,False,875.3642,7.83
99,873,875.7164,2.7164,115.0697,8,3799.843,True,False,875.3642,7.83
100,873,874.1612,1.1612,116.2309,6,3321.4985,False,False,875.3642,7.83
101,873,871.841,-1.159,117.3899,6,1029.295,False,False,875.3642,7.83
102,873,873.5011,0.5011,117.891,1,4670.0915,True,False,875.3642,7.83
103,873,873.9189,0.9189,118.8099,13,139.3921,False,False,875.3642,7.83
104,873,874.5905,1.5905,120.4004,5,1755.7451,False,True,875.3642,7.83
105,873,870.3463,-2.6537,123.0541,7,2841.8752,True,False,875.3642,7.83
106,873,873.5808,0.5808,123.6349,5,5857.5447,False,False,875.3642,7.83
107,873,874.2339,1.2339,124.8688,19,4829.3266,False,False,875.3642,7.83
108,873,876.3316,3.3316,128.2004,31,3512.6251,True,False,875.3642,7.83
109,873,871.2486,-1.7514,129.9519,6,4472.4216,False,False,875.3642,7.83
110,873,873.1942,0.1942,130.1461,17,2421.2227,False,False,875.3642,7.83
111,873,871.1796,-1.8204,131.9664,40,5965.3366,True,False,875.3642,7.83
112,873,871.47,-1.53,133.4964,33,1357.7716,False,True,875.3642,7.83
113,873,873.4587,0.4587,133.9551,1,2562.8947,False,False,875.3642,7.83
114,873,873.1403,0.1403,134.0954,43,986.1336,True,False,875.3642,7.83
115,873,874.8725,1.8725,135.9678,5,4146.1722,False,False,875.3642,7.83
116,873,873.3945,0.3945,136.3623,25,4048.069,False,False,875.3642,7.83
117,873,873.2173,0.2173,136.5796,5,2335.8979,True,False,875.3642,7.83
118,873,874.7555,1.7555,138.3351,13,5876.9219,False,False,875.3642,7.83
119,873,872.291,-0.709,139.0441,0,5762.3149,False,False,875.3642,7.83
120,873,872.6471,-0.3529,139.397,2,5757.1351,True,True,875.3642,7.83
121,873,869.4604,-3.5396,142.9366,2,5914.0421,False,False,875.3642,7.83
122,873,873.0914,0.0914,143.0279,2,352.1676,False,False,875.3642,7.83
123,873,872.9832,-0.0168,143.0448,20,1814.3543,True,False,875.3642,7.83
124,873,873.0648,0.0648,143.1095,3,1319.0622,False,False,875.3642,7.83
125,873,873.0054,0.0054,143.1149,5,3983.8699,False,False,875.3642,7.83
126,873,874.7189,1.7189,144.8339,1,1634.9178,True,False,875.3642,7.83
127,873,873.7694,0.7694,145.6033,11,1764.8225,False,False,875.3642,7.83
128,873,870.5221,-2.4779,148.0811,28,5520.6608,False,True,875.3642,7.83
129,873,872.8954,-0.1046,148.1857,55,3707.9511,True,False,875.3642,7.83
130,873,874.9515,1.9515,150.1372,7,1588.4092,False,False,875.3642,7.83
131,873,873.3925,0.3925,150.5296,13,103.5809,False,False,875.3642,7.83
132,873,871.1346,-1.8654,152.3951,89,3302.5388,True,False,875.3642,7.83
133,873,872.565,-0.435,152.83,4,36.2481,False,False,875.3642,7.83
134,873,872.9187,-0.0813,152.9114,13,1568.5594,False,False,875.3642,7.83
135,873,876.0703,3.0703,155.9817,9,900.1464,True,False,875.3642,7.83
136,873,872.9682,-0.0318,156.0135,27,1085.6615,False,True,875.3642,7.83
137,873,874.4063,1.4063,157.4197,79,694.8209,False,False,875.3642,7.83
138,873,872.2488,-0.7512,158.1709,45,452.5754,True,False,875.3642,7.83
139,873,872.4646,-0.5354,158.7063,6,3079.2359,False,False,875.3642,7.83
140,873,872.755,-0.245,158.9513,41,5178.0229,False,False,875.3642,7.83
141,873,871.7943,-1.2057,160.157,10,181.8395,True,False,875.3642,7.83
142,873,870.4948,-2.5052,162.6622,3,1156.2202,False,False,875.3642,7.83
143,873,872.6286,-0.3714,163.0336,79,4715.6936,False,False,875.3642,7.83
144,873,871.4564,-1.5436,164.5772,24,6164.2842,True,True,875.3642,7.83
145,873,874.2412,1.2412,165.8184,5,3827.1604,False,False,875.3642,7.83
146,873,871.6306,-1.3694,167.1879,5,3220.1669,False,False,875.3642,7.83
147,873,875.7655,2.7655,169.9534,48,4324.27,True,False,875.3642,7.83
148,873,872.1615,-0.8385,170.7919,16,2918.9524,False,False,875.3642,7.83
149,873,874.1583,1.1583,171.9502,17,1944.7008,False,False,875.3642,7.83
150,873,874.1794,1.1794,173.1296,29,5634.5294,True,False,875.3642,7.83
151,873,874.0149,1.0149,174.1445,17,1769.886,False,False,875.3642,7.83
152,873,875.2109,2.2109,176.3554,3,4763.5909,False,True,875.3642,7.83
153,873,872.7789,-0.2211,176.5765,14,5017.6569,True,False,875.3642,7.83
154,873,873.4104,0.4104,176.987,34,5695.2173,False,False,875.3642,7.83
155,873,871.4357,-1.5643,178.5512,32,6116.519,False,False,875.3642,7.83
156,873,873.2171,0.2171,178.7683,2,627.9772,True,False,875.3642,7.83
157,873,874.0908,1.0908,179.8591,17,5913.4865,False,False,875.3642,7.83
158,873,872.4657,-0.5343,180.3934,52,4009.1461,False,False,875.3642,7.83
159,873,873.9712,0.9712,181.3646,50,151.9415,True,False,875.3642,7.83
160,873,874.7033,1.7033,183.0679,3,4904.003,False,True,875.3642,7.83
161,873,874.6175,1.6175,184.6854,49,3276.4423,False,False,875.3642,7.83
162,873,873.4029,0.4029,185.0882,1,6069.4761,True,False,875.3642,7.83
163,873,873.0863,0.0863,185.1745,14,5829.5191,False,False,875.3642,7.83
164,873,873.7253,0.7253,185.8998,4,517.1368,False,False,875.3642,7.83
165,873,874.0093,1.0093,186.909,3,3089.9847,True,False,875.3642,7.83
166,873,875.0541,2.0541,188.9632,50,1288.8893,False,False,875.3642,7.83
167,873,870.3521,-2.6479,191.6111,4,3204.3178,False,False,875.3642,7.83
168,873,874.3606,1.3606,192.9717,5,4778.2075,True,True,875.3642,7.83
169,873,873.0326,0.0326,193.0043,3,2182.0483,False,False,875.3642,7.83
170,873,875.6608,2.6608,195.6651,5,2085.3287,False,False,875.3642,7.83
171,873,874.5784,1.5784,197.2435,28,5908.5173,True,False,875.3642,7.83
172,873,873.1067,0.1067,197.3502,3,1585.363,False,False,875.3642,7.83
173,873,871.495,-1.505,198.8553,5,782.2013,False,False,875.3642,7.83
174,873,871.7514,-1.2486,200.1039,13,5564.2494,True,False,875.3642,7.83
175,873,874.3642,1.3642,201.4681,3,4677.928,False,False,875.3642,7.83
176,873,872.7627,-0.2373,201.7055,6,3071.0746,False,True,875.3642,7.83
177,873,871.0312,-1.9688,203.6742,6,732.768,True,False,875.3642,7.83
178,873,872.7666,-0.2334,203.9076,32,1941.1758,False,False,875.3642,7.83
179,873,873.9975,0.9975,204.9051,8,3291.1068,False,False,875.3642,7.83
180,873,872.0665,-0.9335,205.8386,38,1444.2155,True,False,875.3642,7.83
181,873,872.4181,-0.5819,206.4206,5,3721.3424,False,False,875.3642,7.83
182,873,871.0829,-1.9171,208.3377,11,2216.9011,False,False,875.3642,7.83
183,873,871.7903,-1.2097,209.5474,1,4219.2924,True,False,875.3642,7.83
184,873,870.9989,-2.0011,211.5485,5,2260.6251,False,True,875.3642,7.83
185,873,870.8576,-2.1424,213.6909,0,4895.6161,False,False,875.3642,7.83
186,873,872.9535,-0.0465,213.7374,1,2183.044,True,False,875.3642,7.83
187,873,875.1553,2.1553,215.8927,0,5561.2806,False,False,875.3642,7.83
188,873,874.6009,1.6009,217.4937,0,2056.604,False,False,875.3642,7.83
189,873,871.861,-1.139,218.6327,4,3677.8527,True,False,875.3642,7.83
190,873,873.3462,0.3462,218.9789,4,4488.4984,False,False,875.3642,7.83
191,873,871.0298,-1.9702,220.9491,4,5014.168,False,False,875.3642,7.83
192,873,872.1375,-0.8625,221.8117,1,4581.0037,True,True,875.3642,7.83
193,873,873.7097,0.7097,222.5214,0,3154.7083,False,False,875.3642,7.83
194,873,873.7778,0.7778,223.2992,8,1387.9105,False,False,875.3642,7.83
195,873,871.4809,-1.5191,224.8183,27,5821.2905,True,False,875.3642,7.83
196,873,872.9238,-0.0762,224.8944,9,1636.4785,False,False,875.3642,7.83
197,873,873.3241,0.3241,225.2186,74,246.3714,False,False,875.3642,7.83
198,873,873.9838,0.9838,226.2024,32,4094.5056,True,False,875.3642,7.83
199,873,872.004,-0.996,227.1984,5,2472.7409,False,False,875.3642,7.83
200,873,871.6255,-1.3745,228.5729,86,1609.788,False,True,875.3642,7.83
201,873,870.9836,-2.0164,230.5893,4,48.2236,True,False,875.3642,7.83
202,873,872.9073,-0.0927,230.682,2,4530.415,False,False,875.3642,7.83
203,873,870.0797,-2.9203,233.6023,59,4671.7138,False,False,875.3642,7.83
204,873,872.1472,-0.8528,234.4551,18,2936.644,True,False,875.3642,7.83
205,873,871.9126,-1.0874,235.5425,6,4449.6403,False,False,875.3642,7.83
206,873,873.0016,0.0016,235.5441,4,4722.0737,False,False,875.3642,7.83
207,873,871.2064,-1.7936,237.3377,17,4514.8144,True,False,875.3642,7.83
208,873,871.5212,-1.4788,238.8165,43,4860.7822,False,True,875.3642,7.83
209,873,873.7005,0.7005,239.517,53,552.6266,False,False,875.3642,7.83
210,873,876.187,3.187,242.704,10,2234.3123,True,False,875.3642,7.83
211,873,873.8906,0.8906,243.5946,5,610.2826,False,False,875.3642,7.83
212,873,871.8516,-1.1484,244.743,12,4167.7617,False,False,875.3642,7.83
213,873,875.1384,2.1384,246.8814,1,2240.0731,True,False,875.3642,7.83
214,873,872.3366,-0.6634,247.5448,3,2992.7205,False,False,875.3642,7.83
215,873,871.8826,-1.1174,248.6622,0,5116.6263,False,False,875.3642,7.83
216,873,873.3669,0.3669,249.0291,66,597.1666,True,True,875.3642,7.83
217,873,875.7594,2.7594,251.7885,6,2350.7314,False,False,875.3642,7.83
218,873,870.5219,-2.4781,254.2666,33,3012.8865,False,False,875.3642,7.83
219,873,871.4057,-1.5943,255.8609,7,2417.2078,True,False,875.3642,7.83
220,873,871.0379,-1.9621,257.823,88,2208.3542,False,False,875.3642,7.83
221,873,872.8746,-0.1254,257.9483,35,3312.9089,False,False,875.3642,7.83
222,873,872.2461,-0.7539,258.7022,14,5427.6461,True,False,875.3642,7.83
223,873,873.6275,0.6275,259.3297,31,4648.5024,False,False,875.3642,7.83
224,873,873.6641,0.6641,259.9938,85,2764.2483,False,True,875.3642,7.83
225,873,874.2678,1.2678,261.2616,4,5287.3085,True,False,875.3642,7.83
226,873,873.0645,0.0645,261.3261,8,2682.2728,False,False,875.3642,7.83
227,873,870.2137,-2.7863,264.1125,32,1792.5502,False,False,875.3642,7.83
228,873,872.124,-0.876,264.9885,17,3587.4036,True,False,875.3642,7.83
229,873,872.5277,-0.4723,265.4608,0,3035.3478,False,False,875.3642,7.83
230,873,871.1198,-1.8802,267.341,12,41.3234,False,False,875.3642,7.83
231,873,871.4126,-1.5874,268.9285,57,317.846,True,False,875.3642,7.83
232,873,871.4564,-1.5436,270.4721,1,602.9243,False,True,875.3642,7.83
233,873,874.8225,1.8225,272.2945,5,496.9323,False,False,875.3642,7.83
234,873,874.175,1.175,273.4695,4,2583.4456,True,False,875.3642,7.83
235,873,873.3845,0.3845,273.854,3,2263.8382,False,False,875.3642,7.83
236,873,875.6531,2.6531,276.5071,1,1808.9194,False,False,875.3642,7.83
237,873,871.9518,-1.0482,277.5553,17,3306.3516,True,False,875.3642,7.83
238,873,872.3449,-0.6551,278.2103,17,552.0586,False,False,875.3642,7.83
239,873,873.4211,0.4211,278.6315,7,2669.107,False,False,875.3642,7.83
240,873,871.0589,-1.9411,280.5726,8,360.426,True,True,875.3642,7.83
241,873,873.1084,0.1084,280.681,39,190.8204,False,False,875.3642,7.83
242,873,873.2701,0.2701,280.9511,16,47.9483,False,False,875.3642,7.83
243,873,869.9789,-3.0211,283.9722,8,2094.9998,True,False,875.3642,7.83
244,873,873.9378,0.9378,284.91,0,3793.0146,False,False,875.3642,7.83
245,873,874.257,1.257,286.167,6,3529.3337,False,False,875.3642,7.83
246,873,871.1863,-1.8137,287.9807,50,3619.352,True,False,875.3642,7.83
247,873,871.3942,-1.6058,289.5865,18,563.3993,False,False,875.3642,7.83
248,873,871.9087,-1.0913,290.6778,2,1156.06,False,True,875.3642,7.83
249,873,870.9822,-2.0178,292.6956,0,2716.1538,True,False,875.3642,7.83
250,873,874.6376,1.6376,294.3331,12,2443.5557,False,False,875.3642,7.83
251,873,872.3923,-0.6077,294.9408,10,2590.6334,False,False,875.3642,7.83
252,873,872.934,-0.066,295.0068,10,2120.2619,True,False,875.3642,7.83
253,873,870.0587,-2.9413,297.9481,25,31.4991,False,False,875.3642,7.83
254,873,874.4812,1.4812,299.4293,11,5065.5029,False,False,875.3642,7.83
255,873,875.1778,2.1778,301.6071,6,3124.484,True,False,875.3642,7.83
256,873,870.5311,-2.4689,304.0759,4,487.0899,False,True,875.3642,7.83
257,873,872.2889,-0.7111,304.787,21,4062.1919,False,False,875.3642,7.83
258,873,872.9074,-0.0926,304.8797,1,2011.7399,True,False,875.3642,7.83
259,873,875.4996,2.4996,307.3792,11,3023.787,False,False,875.3642,7.83
260,873,872.7903,-0.2097,307.589,0,727.7435,False,False,875.3642,7.83
261,873,874.4727,1.4727,309.0616,7,2535.1838,True,False,875.3642,7.83
262,873,871.5661,-1.4339,310.4956,8,572.0356,False,False,875.3642,7.83
263,873,874.7229,1.7229,312.2185,7,4187.5204,False,False,875.3642,7.83
264,873,873.399,0.399,312.6175,18,5211.5425,True,True,875.3642,7.83
265,873,871.3451,-1.6549,314.2724,79,2564.9154,False,False,875.3642,7.83
266,873,870.4185,-2.5815,316.8539,21,3090.2238,False,False,875.3642,7.83
267,873,874.2962,1.2962,318.1501,15,5266.2455,True,False,875.3642,7.83
268,873,871.786,-1.214,319.3641,2,4278.6466,False,False,875.3642,7.83
269,873,874.4419,1.4419,320.8061,25,3755.154,False,False,875.3642,7.83
270,873,871.5193,-1.4807,322.2868,48,6026.9284,True,False,875.3642,7.83
271,873,871.6256,-1.3744,323.6612,8,6017.277,False,False,875.3642,7.83
272,873,873.5675,0.5675,324.2286,0,920.7798,False,True,875.3642,7.83
273,873,874.7758,1.7758,326.0044,2,2292.0289,True,False,875.3642,7.83
274,873,871.9866,-1.0134,327.0178,4,4197.4216,False,False,875.3642,7.83
275,873,870.3267,-2.6733,329.6911,80,257.352,False,False,875.3642,7.83
276,873,873.861,0.861,330.5521,5,5196.2201,True,False,875.3642,7.83
277,873,873.7368,0.7368,331.2889,77,4526.1045,False,False,875.3642,7.83
278,873,873.5794,0.5794,331.8684,2,30.5828,False,False,875.3642,7.83
279,873,873.4335,0.4335,332.3018,51,4791.1801,True,False,875.3642,7.83
280,873,874.0427,1.0427,333.3445,16,4278.5149,False,True,875.3642,7.83
281,873,872.4838,-0.5162,333.8607,73,1286.7347,False,False,875.3642,7.83
282,873,873.875,0.875,334.7357,6,12.8546,True,False,875.3642,7.83
283,873,873.1851,0.1851,334.9208,30,1785.3689,False,False,875.3642,7.83
284,873,875.5183,2.5183,337.4391,31,6087.4662,False,False,875.3642,7.83
285,873,872.201,-0.799,338.2381,3,3933.7792,True,False,875.3642,7.83
286,873,872.6768,-0.3232,338.5613,7,1692.8783,False,False,875.3642,7.83
287,873,872.4004,-0.5996,339.1609,24,2663.3052,False,False,875.3642,7.83
288,873,872.5933,-0.4067,339.5675,7,3061.751,True,True,875.3642,7.83
289,873,874.9939,1.9939,341.5614,8,902.1549,False,False,875.3642,7.83
290,873,872.8622,-0.1378,341.6992,14,4901.0392,False,False,875.3642,7.83
291,873,872.2817,-0.7183,342.4175,4,2157.0115,True,False,875.3642,7.83
292,873,872.5264,-0.4736,342.8911,6,168.2736,False,False,875.3642,7.83
293,873,871.8514,-1.1486,344.0397,4,4797.3521,False,False,875.3642,7.83
294,873,876.0277,3.0277,347.0674,2,4418.5013,True,False,875.3642,7.83
295,873,871.649,-1.351,348.4185,11,6020.9902,False,False,875.3642,7.83
296,873,873.1154,0.1154,348.5338,8,6072.6417,False,True,875.3642,7.83
297,873,873.4822,0.4822,349.0161,5,1690.9559,True,False,875.3642,7.83
298,873,873.2598,0.2598,349.2759,2,1014.7138,False,False,875.3642,7.83
299,873,873.2332,0.2332,349.5091,3,5993.1259,False,False,875.3642,7.83
300,873,872.0766,-0.9234,350.4325,56,972.9339,True,False,875.3642,7.83
301,873,872.6357,-0.3643,350.7968,34,3070.6039,False,False,875.3642,7.83
302,873,874.4589,1.4589,352.2557,7,1015.1574,False,False,875.3642,7.83
303,873,873.3905,0.3905,352.6462,7,2599.0006,True,False,875.3642,7.83
304,873,876.5719,3.5719,356.2181,17,3866.0436,False,True,875.3642,7.83
305,873,875.4524,2.4524,358.6705,19,5303.2179,False,False,875.3642,7.83
306,873,873.4081,0.4081,359.0786,3,6162.7975,True,False,875.3642,7.83
307,873,873.9869,0.9869,360.0655,4,75.95,False,False,875.3642,7.83
308,873,873.469,0.469,360.5345,76,5688.9775,False,False,875.3642,7.83
309,873,872.7899,-0.2101,360.7446,2,259.6514,True,False,875.3642,7.83
310,873,872.0796,-0.9204,361.665,4,3123.8873,False,False,875.3642,7.83
311,873,871.5929,-1.4071,363.0721,4,724.7915,False,False,875.3642,7.83
312,873,873.5822,0.5822,363.6543,12,4869.8247,True,True,875.3642,7.83
313,873,874.3186,1.3186,364.973,14,2624.9374,False,False,875.3642,7.83
314,873,874.1874,1.1874,366.1604,79,913.3974,False,False,875.3642,7.83
315,873,875.0055,2.0055,368.1659,0,4800.4439,True,False,875.3642,7.83
316,873,874.0926,1.0926,369.2586,13,2719.7387,False,False,875.3642,7.83
317,873,871.936,-1.064,370.3226,8,5394.5395,False,False,875.3642,7.83
318,873,874.4788,1.4788,371.8013,38,4673.685,True,False,875.3642,7.83
319,873,873.0823,0.0823,371.8836,19,5951.1993,False,False,875.3642,7.83
320,873,873.4096,0.4096,372.2932,34,4565.1136,False,True,875.3642,7.83
321,873,872.3069,-0.6931,372.9863,2,3269.296,True,False,875.3642,7.83
322,873,872.2441,-0.7559,373.7423,60,5308.4149,False,False,875.3642,7.83
323,873,872.3228,-0.6772,374.4195,24,2463.6589,False,False,875.3642,7.83
324,873,873.6913,0.6913,375.1108,26,705.9942,True,False,875.3642,7.83
325,873,871.535,-1.465,376.5758,16,5136.7982,False,False,875.3642,7.83
326,873,872.898,-0.102,376.6778,4,1132.9148,False,False,875.3642,7.83
327,873,870.0757,-2.9243,379.6022,7,5642.8942,True,False,875.3642,7.83
328,873,870.3375,-2.6625,382.2647,5,1114.1744,False,True,875.3642,7.83
329,873,874.7734,1.7734,384.0381,89,3983.651,False,False,875.3642,7.83
330,873,873.8303,0.8303,384.8684,43,3539.5833,True,False,875.3642,7.83
331,873,872.3658,-0.6342,385.5027,8,2125.9912,False,False,875.3642,7.83
332,873,873.8665,0.8665,386.3692,4,2279.0332,False,False,875.3642,7.83
333,873,871.584,-1.416,387.7851,1,855.3026,True,False,875.3642,7.83
334,873,873.2385,0.2385,388.0237,6,1933.3683,False,False,875.3642,7.83
335,873,874.1533,1.1533,389.177,75,5925.4946,False,False,875.3642,7.83
336,873,872.4043,-0.5957,389.7727,13,3158.4866,True,True,875.3642,7.83
337,873,870.7712,-2.2288,392.0015,3,366.4451,False,False,875.3642,7.83
338,873,874.9724,1.9724,393.9739,32,4726.2655,False,False,875.3642,7.83
339,873,872.8465,-0.1535,394.1274,41,1246.1115,True,False,875.3642,7.83
340,873,871.7422,-1.2578,395.3853,24,1578.888,False,False,875.3642,7.83
341,873,870.0636,-2.9364,398.3216,0,5652.4769,False,False,875.3642,7.83
342,873,873.7036,0.7036,399.0253,12,5576.0137,True,False,875.3642,7.83
343,873,872.9121,-0.0879,399.1132,8,3483.5512,False,False,875.3642,7.83
344,873,873.5199,0.5199,399.6331,19,3575.1752,False,True,875.3642,7.83
345,873,873.2215,0.2215,399.8547,11,2638.9877,True,False,875.3642,7.83
346,873,875.6224,2.6224,402.4771,0,6043.4306,False,False,875.3642,7.83
347,873,869.7585,-3.2415,405.7186,5,4097.7645,False,False,875.3642,7.83
348,873,873.3386,0.3386,406.0572,21,3954.177,True,False,875.3642,7.83
349,873,872.3201,-0.6799,406.7371,5,4249.2687,False,False,875.3642,7.83
350,873,873.1873,0.1873,406.9244,0,4763.1412,False,False,875.3642,7.83
351,873,871.8665,-1.1335,408.0579,5,3360.0638,True,False,875.3642,7.83
352,873,875.4452,2.4452,410.5031,7,2818.0266,False,True,875.3642,7.83
353,873,873.2446,0.2446,410.7477,31,2103.713,False,False,875.3642,7.83
354,873,875.8594,2.8594,413.6071,12,3291.1019,True,False,875.3642,7.83
355,873,872.2014,-0.7986,414.4057,0,4239.7319,False,False,875.3642,7.83
356,873,872.2566,-0.7434,415.1491,31,3015.6885,False,False,875.3642,7.83
357,873,872.8646,-0.1354,415.2846,4,1483.535,True,False,875.3642,7.83
358,873,874.3148,1.3148,416.5993,51,3683.3505,False,False,875.3642,7.83
359,873,872.1405,-0.8595,417.4588,7,95.9985,False,False,875.3642,7.83
360,873,872.8567,-0.1433,417.6021,10,2976.3302,True,True,875.3642,7.83
361,873,873.2387,0.2387,417.8408,6,61.7868,False,False,875.3642,7.83
362,873,869.9581,-3.0419,420.8828,1,5606.6069,False,False,875.3642,7.83
363,873,874.4117,1.4117,422.2944,10,370.5057,True,False,875.3642,7.83
364,873,871.1652,-1.8348,424.1292,13,4784.6221,False,False,875.3642,7.83
365,873,871.3329,-1.6671,425.7963,41,78.2271,False,False,875.3642,7.83
366,873,872.3267,-0.6733,426.4696,1,4588.1258,True,False,875.3642,7.83
367,873,871.5508,-1.4492,427.9188,3,52.2566,False,False,875.3642,7.83
368,873,873.5799,0.5799,428.4987,6,5051.5446,False,True,875.3642,7.83
369,873,874.5459,1.5459,430.0446,1,124.2238,True,False,875.3642,7.83
370,873,871.7771,-1.2229,431.2675,3,4977.7169,False,False,875.3642,7.83
371,873,872.7057,-0.2943,431.5618,38,1358.5351,False,False,875.3642,7.83
372,873,872.6038,-0.3962,431.958,2,4069.5183,True,False,875.3642,7.83
373,873,871.4011,-1.5989,433.5568,41,2104.8594,False,False,875.3642,7.83
374,873,874.5003,1.5003,435.0572,29,4684.0343,False,False,875.3642,7.83
375,873,874.3893,1.3893,436.4465,3,4052.6308,True,False,875.3642,7.83
376,873,872.952,-0.048,436.4945,3,4592.0162,False,True,875.3642,7.83
377,873,872.6512,-0.3488,436.8433,82,4986.4818,False,False,875.3642,7.83
378,873,874.6879,1.6879,438.5312,10,2071.6641,True,False,875.3642,7.83
379,873,872.9779,-0.0221,438.5533,6,271.4919,False,False,875.3642,7.83
380,873,872.0817,-0.9183,439.4715,0,1768.4428,False,False,875.3642,7.83
381,873,875.3147,2.3147,441.7862,7,2334.4868,True,False,875.3642,7.83
382,873,871.3756,-1.6244,443.4107,31,2029.3798,False,False,875.3642,7.83
383,873,872.4397,-0.5603,443.971,14,3313.423,False,False,875.3642,7.83
384,873,874.6927,1.6927,445.6636,7,1273.5296,True,True,875.3642,7.83
385,873,875.132,2.132,447.7956,0,1912.9432,False,False,875.3642,7.83
386,873,873.6492,0.6492,448.4448,5,3194.3406,False,False,875.3642,7.83
387,873,870.7507,-2.2493,450.6941,4,5970.8735,True,False,875.3642,7.83
388,873,873.7425,0.7425,451.4366,0,6118.9188,False,False,875.3642,7.83
389,873,872.5634,-0.4366,451.8732,18,1623.6915,False,False,875.3642,7.83
390,873,874.6493,1.6493,453.5226,4,4139.5952,True,False,875.3642,7.83
391,873,874.643,1.643,455.1655,5,73.2676,False,False,875.3642,7.83
392,873,875.3563,2.3563,457.5218,13,858.8638,False,True,875.3642,7.83
393,873,874.6753,1.6753,459.1971,52,5658.8901,True,False,875.3642,7.83
394,873,873.4282,0.4282,459.6253,40,4225.8582,False,False,875.3642,7.83
395,873,873.7208,0.7208,460.3461,11,2612.5888,False,False,875.3642,7.83
396,873,874.3118,1.3118,461.6579,32,873.5979,True,False,875.3642,7.83
397,873,872.6399,-0.3601,462.018,11,4436.2157,False,False,875.3642,7.83
398,873,874.5057,1.5057,463.5238,3,2013.1554,False,False,875.3642,7.83
399,873,873.2308,0.2308,463.7545,0,1083.3996,True,False,875.3642,7.83
400,873,876.8368,3.8368,467.5914,59,123.1758,False,True,875.3642,7.83
401,873,873.1824,0.1824,467.7738,5,5987.7198,False,False,875.3642,7.83
402,873,872.8838,-0.1162,467.89,5,4638.1093,True,False,875.3642,7.83
403,873,871.3232,-1.6768,469.5668,17,1664.0921,False,False,875.3642,7.83
404,873,874.5053,1.5053,471.0721,21,3619.741,False,False,875.3642,7.83
405,873,871.4015,-1.5985,472.6706,53,3092.9978,True,False,875.3642,7.83
406,873,873.4536,0.4536,473.1242,63,4047.2431,False,False,875.3642,7.83
407,873,873.2459,0.2459,473.3701,0,3376.5136,False,False,875.3642,7.83
408,873,871.2164,-1.7836,475.1537,10,485.3746,True,True,875.3642,7.83
409,873,873.8256,0.8256,475.9794,2,1408.9823,False,False,875.3642,7.83
410,873,871.568,-1.432,477.4113,5,2183.2557,False,False,875.3642,7.83
411,873,873.7439,0.7439,478.1552,4,5708.2732,True,False,875.3642,7.83
412,873,874.3583,1.3583,479.5135,6,2196.8405,False,False,875.3642,7.83
413,873,873.4275,0.4275,479.941,1,119.2763,False,False,875.3642,7.83
414,873,869.2747,-3.7253,483.6663,7,4892.0142,True,False,875.3642,7.83
415,873,874.0135,1.0135,484.6798,14,2573.0325,False,False,875.3642,7.83
416,873,871.8291,-1.1709,485.8507,0,1878.4727,False,True,875.3642,7.83
417,873,872.3458,-0.6542,486.5049,50,4315.5625,True,False,875.3642,7.83
418,873,872.3845,-0.6155,487.1203,0,2416.9306,False,False,875.3642,7.83
419,873,873.4587,0.4587,487.5791,8,2677.3636,False,False,875.3642,7.83
420,873,873.4472,0.4472,488.0263,2,2496.8224,True,False,875.3642,7.83
421,873,872.4608,-0.5392,488.5655,25,2199.4418,False,False,875.3642,7.83
422,873,873.2136,0.2136,488.7791,2,4452.1583,False,False,875.3642,7.83
423,873,872.8468,-0.1532,488.9324,0,1343.37,True,False,875.3642,7.83
424,873,872.2636,-0.7364,489.6688,39,2520.7833,False,True,875.3642,7.83
425,873,869.6422,-3.3578,493.0266,84,5898.2926,False,False,875.3642,7.83
426,873,872.9554,-0.0446,493.0711,16,4762.9982,True,False,875.3642,7.83
427,873,873.2412,0.2412,493.3124,3,2598.7565,False,False,875.3642,7.83
428,873,871.0337,-1.9663,495.2787,12,1454.7482,False,False,875.3642,7.83
429,873,875.6429,2.6429,497.9216,8,3994.2444,True,False,875.3642,7.83
430,873,870.928,-2.072,499.9936,15,1323.2497,False,False,875.3642,7.83
431,873,872.7921,-0.2079,500.2015,10,5846.8721,False,False,875.3642,7.83
432,873,872.7344,-0.2656,500.4671,2,319.5591,True,True,875.3642,7.83
433,873,873.2352,0.2352,500.7023,9,4163.3259,False,False,875.3642,7.83
434,873,872.9293,-0.0707,500.773,1,551.3793,False,False,875.3642,7.83
435,873,873.9716,0.9716,501.7446,8,513.7172,True,False,875.3642,7.83
436,873,870.9446,-2.0554,503.8,28,6154.5788,False,False,875.3642,7.83
437,873,873.4603,0.4603,504.2603,2,5592.578,False,False,875.3642,7.83
438,873,872.4649,-0.5351,504.7954,9,2577.3887,True,False,875.3642,7.83
439,873,871.3045,-1.6955,506.4909,4,2864.1419,False,False,875.3642,7.83
440,873,872.7022,-0.2978,506.7887,1,1709.3994,False,True,875.3642,7.83
441,873,873.5529,0.5529,507.3417,9,3147.9339,True,False,875.3642,7.83
442,873,874.1432,1.1432,508.4848,1,4926.4667,False,False,875.3642,7.83
443,873,871.1177,-1.8823,510.3671,12,2777.1292,False,False,875.3642,7.83
444,873,871.8466,-1.1534,511.5205,8,1692.9295,True,False,875.3642,7.83
445,873,875.0233,2.0233,513.5439,6,4488.6491,False,False,875.3642,7.83
446,873,872.179,-0.821,514.3649,2,3881.8795,False,False,875.3642,7.83
447,873,875.14,2.14,516.5049,9,5343.3074,True,False,875.3642,7.83
448,873,871.1896,-1.8104,518.3153,4,1741.615,False,True,875.3642,7.83
449,873,873.096,0.096,518.4112,2,1894.3357,False,False,875.3642,7.83
450,873,873.956,0.956,519.3673,10,3445.8972,True,False,875.3642,7.83
451,873,872.4219,-0.5781,519.9454,43,838.5522,False,False,875.3642,7.83
452,873,874.8155,1.8155,521.761,84,4897.9767,False,False,875.3642,7.83
453,873,872.6548,-0.3452,522.1062,31,3096.3255,True,False,875.3642,7.83
454,873,872.7899,-0.2101,522.3163,17,5849.6241,False,False,875.3642,7.83
455,873,872.3256,-0.6744,522.9907,10,2761.5857,False,False,875.3642,7.83
456,873,873.6339,0.6339,523.6246,11,528.5244,True,True,875.3642,7.83
457,873,874.0972,1.0972,524.7217,1,3554.8742,False,False,875.3642,7.83
458,873,870.7766,-2.2234,526.9452,19,4952.7858,False,False,875.3642,7.83
459,873,874.8883,1.8883,528.8335,3,3243.9997,True,False,875.3642,7.83
460,873,871.6811,-1.3189,530.1524,0,1835.4434,False,False,875.3642,7.83
461,873,873.8591,0.8591,531.0115,15,5147.6073,False,False,875.3642,7.83
462,873,873.4235,0.4235,531.435,19,306.4422,True,False,875.3642,7.83
463,873,874.0835,1.0835,532.5186,22,5088.6543,False,False,875.3642,7.83
464,873,874.8122,1.8122,534.3308,47,1954.2126,False,True,875.3642,7.83
465,873,871.7563,-1.2437,535.5745,68,1442.3153,True,False,875.3642,7.83
466,873,874.0358,1.0358,536.6103,1,2404.4083,False,False,875.3642,7.83
467,873,872.5115,-0.4885,537.0988,4,5218.7464,False,False,875.3642,7.83
468,873,874.7192,1.7192,538.818,5,4515.4608,True,False,875.3642,7.83
469,873,871.9297,-1.0703,539.8883,0,4183.0436,False,False,875.3642,7.83
470,873,873.1469,0.1469,540.0353,27,284.2097,False,False,875.3642,7.83
471,873,873.1705,0.1705,540.2057,0,6123.8707,True,False,875.3642,7.83
472,873,871.8156,-1.1844,541.3901,34,2821.1238,False,True,875.3642,7.83
473,873,874.6812,1.6812,543.0713,4,2197.0349,False,False,875.3642,7.83
474,873,874.0732,1.0732,544.1445,0,177.3338,True,False,875.3642,7.83
475,873,875.312,2.312,546.4564,10,453.6905,False,False,875.3642,7.83
476,873,872.2933,-0.7067,547.1632,10,5685.7955,False,False,875.3642,7.83
477,873,872.2504,-0.7496,547.9127,67,1740.9762,True,False,875.3642,7.83
478,873,874.5704,1.5704,549.4832,14,1856.839,False,False,875.3642,7.83
479,873,874.0989,1.0989,550.582,4,5676.6853,False,False,875.3642,7.83
480,873,872.2501,-0.7499,551.3319,34,951.0098,True,True,875.3642,7.83
481,873,875.0684,2.0684,553.4003,26,5230.8228,False,False,875.3642,7.83
482,873,872.3155,-0.6845,554.0848,26,3246.9804,False,False,875.3642,7.83
483,873,874.6868,1.6868,555.7716,29,5841.1583,True,False,875.3642,7.83
484,873,870.1178,-2.8822,558.6538,43,1834.8121,False,False,875.3642,7.83
485,873,871.3242,-1.6758,560.3296,12,4576.8376,False,False,875.3642,7.83
486,873,871.5312,-1.4688,561.7985,17,83.8787,True,False,875.3642,7.83
487,873,873.4957,0.4957,562.2942,4,4379.513,False,False,875.3642,7.83
488,873,871.063,-1.937,564.2312,4,5717.9699,False,True,875.3642,7.83
489,873,873.1501,0.1501,564.3813,13,4987.1621,True,False,875.3642,7.83
490,873,872.3058,-0.6942,565.0755,4,2237.8837,False,False,875.3642,7.83
491,873,872.4712,-0.5288,565.6043,0,5245.7123,False,False,875.3642,7.83
492,873,870.9011,-2.0989,567.7032,25,3774.837,True,False,875.3642,7.83
493,873,873.0495,0.0495,567.7527,11,4743.316,False,False,875.3642,7.83
494,873,873.5512,0.5512,568.3039,11,1106.5275,False,False,875.3642,7.83
495,873,872.9251,-0.0749,568.3788,0,2927.38,True,False,875.3642,7.83
496,873,870.4782,-2.5218,570.9006,10,2091.8344,False,True,875.3642,7.83
497,873,872.1648,-0.8352,571.7358,4,4516.6616,False,False,875.3642,7.83
498,873,874.201,1.201,572.9367,2,19.1583,True,False,875.3642,7.83
499,873,874.9238,1.9238,574.8605,47,2372.827,False,False,875.3642,7.83
500,873,871.779,-1.221,576.0815,13,2377.2012,False,False,875.3642,7.83
501,873,871.4408,-1.5592,577.6407,3,4135.7385,True,False,875.3642,7.83
502,873,874.9334,1.9334,579.5741,1,1577.5597,False,False,875.3642,7.83
503,873,873.5433,0.5433,580.1174,25,2368.7794,False,False,875.3642,7.83
504,873,870.5739,-2.4261,582.5435,21,47.4231,True,True,875.3642,7.83
505,873,870.2063,-2.7937,585.3372,4,270.5299,False,False,875.3642,7.83
506,873,872.9941,-0.0059,585.3431,3,4370.489,False,False,875.3642,7.83
507,873,872.5883,-0.4117,585.7548,3,5246.3986,True,False,875.3642,7.83
508,873,873.4547,0.4547,586.2095,9,5956.8047,False,False,875.3642,7.83
509,873,874.8623,1.8623,588.0718,0,938.5375,False,False,875.3642,7.83
510,873,872.1522,-0.8478,588.9196,7,4463.6974,True,False,875.3642,7.83
511,873,870.4589,-2.5411,591.4607,4,5803.2728,False,False,875.3642,7.83
512,873,873.8425,0.8425,592.3033,86,5749.1452,False,True,875.3642,7.83
513,873,873.8894,0.8894,593.1927,2,1671.5958,True,False,875.3642,7.83
514,873,873.0679,0.0679,593.2606,29,4311.073,False,False,875.3642,7.83
515,873,871.9776,-1.0224,594.2829,24,2726.64,False,False,875.3642,7.83
516,873,872.2986,-0.7014,594.9843,13,3258.6144,True,False,875.3642,7.83
517,873,871.7251,-1.2749,596.2592,4,2061.3202,False,False,875.3642,7.83
518,873,874.4529,1.4529,597.7121,9,5411.0073,False,False,875.3642,7.83
519,873,873.5381,0.5381,598.2501,45,2845.8137,True,False,875.3642,7.83
520,873,874.7913,1.7913,600.0414,15,1835.4639,False,True,875.3642,7.83
521,873,874.4534,1.4534,601.4949,1,1391.648,False,False,875.3642,7.83
522,873,875.3753,2.3753,603.8702,55,3788.0184,True,False,875.3642,7.83
523,873,871.0229,-1.9771,605.8473,25,4942.1466,False,False,875.3642,7.83
524,873,873.5058,0.5058,606.353,36,3415.9379,False,False,875.3642,7.83
525,873,872.4033,-0.5967,606.9497,14,2210.0879,True,False,875.3642,7.83
526,873,873.069,0.069,607.0188,19,6097.0066,False,False,875.3642,7.83
527,873,874.0774,1.0774,608.0961,6,2923.8713,False,False,875.3642,7.83
528,873,872.0083,-0.9917,609.0879,24,1738.9529,True,True,875.3642,7.83
529,873,873.0714,0.0714,609.1593,3,2272.1279,False,False,875.3642,7.83
530,873,871.0397,-1.9603,611.1196,5,5877.0189,False,False,875.3642,7.83
531,873,873.9849,0.9849,612.1046,45,4628.649,True,False,875.3642,7.83
532,873,868.8198,-4.1802,616.2848,27,1789.1408,False,False,875.3642,7.83
533,873,874.0528,1.0528,617.3376,89,4644.2277,False,False,875.3642,7.83
534,873,870.7988,-2.2012,619.5389,10,1397.4215,True,False,875.3642,7.83
535,873,871.6498,-1.3502,620.889,3,5839.7836,False,False,875.3642,7.83
536,873,874.7134,1.7134,622.6024,27,5991.52,False,True,875.3642,7.83
537,873,872.9183,-0.0817,622.6841,63,4698.6765,True,False,875.3642,7.83
538,873,873.4243,0.4243,623.1084,3,2605.7974,False,False,875.3642,7.83
539,873,870.3435,-2.6565,625.7649,19,4744.9653,False,False,875.3642,7.83
540,873,873.9512,0.9512,626.7161,2,3686.1987,True,False,875.3642,7.83
541,873,873.0732,0.0732,626.7893,5,4419.5731,False,False,875.3642,7.83
542,873,872.9935,-0.0065,626.7957,8,171.0192,False,False,875.3642,7.83
543,873,872.1022,-0.8978,627.6936,19,300.1634,True,False,875.3642,7.83
544,873,869.6895,-3.3105,631.0041,52,1537.2531,False,True,875.3642,7.83
545,873,871.6965,-1.3035,632.3076,15,2924.222,False,False,875.3642,7.83
546,873,872.739,-0.261,632.5685,9,2639.5842,True,False,875.3642,7.83
547,873,871.9753,-1.0247,633.5933,82,2295.8939,False,False,875.3642,7.83
548,873,873.7743,0.7743,634.3675,12,3506.518,False,False,875.3642,7.83
549,873,874.3769,1.3769,635.7444,2,6105.9848,True,False,875.3642,7.83
550,873,872.4186,-0.5814,636.3258,21,3227.6806,False,False,875.3642,7.83
551,873,872.431,-0.569,636.8948,6,4143.7211,False,False,875.3642,7.83
552,873,873.2288,0.2288,637.1236,5,3047.3129,True,True,875.3642,7.83
553,873,872.7298,-0.2702,637.3938,4,3679.1919,False,False,875.3642,7.83
554,873,870.8689,-2.1311,639.5249,8,2286.0491,False,False,875.3642,7.83
555,873,874.0864,1.0864,640.6113,0,5695.1665,True,False,875.3642,7.83
556,873,870.003,-2.997,643.6083,84,196.043,False,False,875.3642,7.83
557,873,873.5627,0.5627,644.171,12,198.2138,False,False,875.3642,7.83
558,873,873.0399,0.0399,644.2109,7,1048.5103,True,False,875.3642,7.83
559,873,875.0844,2.0844,646.2953,12,153.0961,False,False,875.3642,7.83
560,873,873.6519,0.6519,646.9471,25,4894.4331,False,True,875.3642,7.83
561,873,872.6047,-0.3953,647.3424,44,3643.998,True,False,875.3642,7.83
562,873,873.7313,0.7313,648.0737,11,1922.3537,False,False,875.3642,7.83
563,873,871.0628,-1.9372,650.0109,12,1251.7223,False,False,875.3642,7.83
564,873,871.9007,-1.0993,651.1102,4,2459.7672,True,False,875.3642,7.83
565,873,875.9996,2.9996,654.1098,13,4131.6023,False,False,875.3642,7.83
566,873,870.4932,-2.5068,656.6166,5,719.1857,False,False,875.3642,7.83
567,873,874.1029,1.1029,657.7195,5,4576.6312,True,False,875.3642,7.83
568,873,875.3071,2.3071,660.0266,44,4541.0914,False,True,875.3642,7.83
569,873,868.8755,-4.1245,664.1511,14,2452.3927,False,False,875.3642,7.83
570,873,872.4054,-0.5946,664.7458,0,138.4504,True,False,875.3642,7.83
571,873,874.642,1.642,666.3878,0,1756.8471,False,False,875.3642,7.83
572,873,874.8942,1.8942,668.2821,1,855.6822,False,False,875.3642,7.83
573,873,872.324,-0.676,668.9581,21,3359.2661,True,False,875.3642,7.83
574,873,874.8778,1.8778,670.8359,13,4988.4625,False,False,875.3642,7.83
575,873,873.2469,0.2469,671.0828,4,1308.5709,False,False,875.3642,7.83
576,873,874.478,1.478,672.5607,24,298.292,True,True,875.3642,7.83
577,873,874.4508,1.4508,674.0115,3,3160.3911,False,False,875.3642,7.83
578,873,875.2812,2.2812,676.2927,6,3278.9115,False,False,875.3642,7.83
579,873,874.1241,1.1241,677.4168,4,5994.9232,True,False,875.3642,7.83
580,873,872.8792,-0.1208,677.5376,28,2412.366,False,False,875.3642,7.83
581,873,873.2116,0.2116,677.7492,4,5446.4946,False,False,875.3642,7.83
582,873,872.0039,-0.9961,678.7454,39,948.9536,True,False,875.3642,7.83
583,873,872.0152,-0.9848,679.7302,1,19.3059,False,False,875.3642,7.83
584,873,873.054,0.054,679.7842,4,833.6342,False,True,875.3642,7.83
585,873,874.1448,1.1448,680.929,6,3281.2338,True,False,875.3642,7.83
586,873,872.1554,-0.8446,681.7736,59,2199.5696,False,False,875.3642,7.83
587,873,874.347,1.347,683.1206,0,235.3522,False,False,875.3642,7.83
588,873,875.9027,2.9027,686.0234,2,1648.9127,True,False,875.3642,7.83
589,873,874.2325,1.2325,687.2558,18,6019.0502,False,False,875.3642,7.83
590,873,874.1224,1.1224,688.3783,8,2160.4631,False,False,875.3642,7.83
591,873,872.0322,-0.9678,689.346,51,3609.3611,True,False,875.3642,7.83
592,873,874.7128,1.7128,691.0588,34,4514.7038,False,True,875.3642,7.83
593,873,871.7217,-1.2783,692.3371,3,4409.1326,False,False,875.3642,7.83
594,873,875.2971,2.2971,694.6342,84,623.5083,True,False,875.3642,7.83
595,873,874.1072,1.1072,695.7414,0,3577.741,False,False,875.3642,7.83
596,873,873.4884,0.4884,696.2299,53,4308.2093,False,False,875.3642,7.83
597,873,876.335,3.335,699.5648,11,5891.9636,True,False,875.3642,7.83
598,873,870.548,-2.452,702.0168,41,461.5289,False,False,875.3642,7.83
599,873,873.3584,0.3584,702.3752,12,519.2352,False,False,875.3642,7.83
600,873,871.9703,-1.0297,703.4049,0,3961.0308,True,True,875.3642,7.83
601,873,872.4685,-0.5315,703.9364,31,2784.2424,False,False,875.3642,7.83
602,873,872.6853,-0.3147,704.2511,27,3447.1563,False,False,875.3642,7.83
603,873,872.099,-0.901,705.1521,8,6011.8251,True,False,875.3642,7.83
604,873,873.4161,0.4161,705.5682,1,934.7423,False,False,875.3642,7.83
605,873,874.7964,1.7964,707.3646,4,879.1795,False,False,875.3642,7.83
606,873,873.5937,0.5937,707.9583,20,3734.8977,True,False,875.3642,7.83
607,873,873.7791,0.7791,708.7373,2,5634.6224,False,False,875.3642,7.83
608,873,870.55,-2.45,711.1873,16,972.9472,False,True,875.3642,7.83
609,873,872.8416,-0.1584,711.3457,19,5163.7749,True,False,875.3642,7.83
610,873,872.4232,-0.5768,711.9225,26,882.3099,False,False,875.3642,7.83
611,873,873.9205,0.9205,712.843,7,173.8697,False,False,875.3642,7.83
612,873,873.0953,0.0953,712.9383,4,1914.0997,True,False,875.3642,7.83
613,873,873.5108,0.5108,713.4491,4,756.4991,False,False,875.3642,7.83
614,873,873.3108,0.3108,713.7599,7,3376.5137,False,False,875.3642,7.83
615,873,876.1268,3.1268,716.8867,5,63.2642,True,False,875.3642,7.83
616,873,872.2325,-0.7675,717.6541,27,560.9102,False,True,875.3642,7.83
617,873,872.1804,-0.8196,718.4738,13,4268.8099,False,False,875.3642,7.83
618,873,871.0453,-1.9547,720.4285,8,2380.1111,True,False,875.3642,7.83
619,873,873.6047,0.6047,721.0333,7,1939.1249,False,False,875.3642,7.83
620,873,873.3394,0.3394,721.3727,4,1504.6796,False,False,875.3642,7.83
621,873,870.9874,-2.0126,723.3853,5,4858.6727,True,False,875.3642,7.83
622,873,875.2761,2.2761,725.6614,4,3223.3231,False,False,875.3642,7.83
623,873,872.9412,-0.0588,725.7202,5,2512.4305,False,False,875.3642,7.83
624,873,873.5066,0.5066,726.2268,1,4585.6369,True,True,875.3642,7.83
625,873,873.9497,0.9497,727.1765,4,5408.3841,False,False,875.3642,7.83
626,873,875.0834,2.0834,729.2599,7,2781.7409,False,False,875.3642,7.83
627,873,872.623,-0.377,729.6369,16,2761.5736,True,False,875.3642,7.83
628,873,873.3288,0.3288,729.9656,7,2631.918,False,False,875.3642,7.83
629,873,874.4774,1.4774,731.443,7,1822.4491,False,False,875.3642,7.83
630,873,872.6624,-0.3376,731.7806,20,3296.6073,True,False,875.3642,7.83
631,873,870.4968,-2.5032,734.2839,3,3551.3937,False,False,875.3642,7.83
632,873,872.401,-0.599,734.8829,28,123.3286,False,True,875.3642,7.83
633,873,873.5629,0.5629,735.4457,50,4605.0285,True,False,875.3642,7.83
634,873,873.0515,0.0515,735.4973,7,3723.3022,False,False,875.3642,7.83
635,873,869.9098,-3.0902,738.5875,7,3289.337,False,False,875.3642,7.83
636,873,874.0762,1.0762,739.6637,0,5160.7881,True,False,875.3642,7.83
637,873,870.807,-2.193,741.8567,21,2917.3058,False,False,875.3642,7.83
638,873,872.3489,-0.6511,742.5077,5,1147.4967,False,False,875.3642,7.83
639,873,873.0663,0.0663,742.574,15,1827.6256,True,False,875.3642,7.83
640,873,874.2022,1.2022,743.7762,10,4166.9155,False,True,875.3642,7.83
641,873,876.5424,3.5424,747.3186,7,2599.3576,False,False,875.3642,7.83
642,873,874.6258,1.6258,748.9444,31,4670.572,True,False,875.3642,7.83
643,873,874.3614,1.3614,750.3058,7,163.972,False,False,875.3642,7.83
644,873,874.5712,1.5712,751.877,6,602.0158,False,False,875.3642,7.83
645,873,873.7831,0.7831,752.66,30,3472.4821,True,False,875.3642,7.83
646,873,872.5449,-0.4551,753.1152,16,3938.3623,False,False,875.3642,7.83
647,873,873.4079,0.4079,753.5231,0,76.5095,False,False,875.3642,7.83
648,873,872.9747,-0.0253,753.5484,10,4795.5116,True,True,875.3642,7.83
649,873,871.4715,-1.5285,755.077,5,2519.4186,False,False,875.3642,7.83
650,873,872.2537,-0.7463,755.8233,9,1370.8761,False,False,875.3642,7.83
651,873,874.672,1.672,757.4953,55,58.0935,True,False,875.3642,7.83
652,873,872.4687,-0.5313,758.0266,1,991.9505,False,False,875.3642,7.83
653,873,872.6799,-0.3201,758.3467,0,4067.7016,False,False,875.3642,7.83
654,873,873.703,0.703,759.0497,2,862.7449,True,False,875.3642,7.83
655,873,873.642,0.642,759.6917,3,1486.1322,False,False,875.3642,7.83
656,873,871.0253,-1.9747,761.6665,77,2201.258,False,True,875.3642,7.83
657,873,874.2821,1.2821,762.9485,3,4956.0468,True,False,875.3642,7.83
658,873,872.9675,-0.0325,762.9811,11,541.0598,False,False,875.3642,7.83
659,873,871.862,-1.138,764.119,5,5789.7772,False,False,875.3642,7.83
660,873,872.1264,-0.8736,764.9927,4,1839.9742,True,False,875.3642,7.83
661,873,870.8805,-2.1195,767.1121,7,5088.1216,False,False,875.3642,7.83
662,873,873.6838,0.6838,767.7959,16,1390.9494,False,False,875.3642,7.83
663,873,874.4561,1.4561,769.252,7,5821.6681,True,False,875.3642,7.83
664,873,872.6608,-0.3392,769.5912,0,3230.8766,False,True,875.3642,7.83
665,873,874.0501,1.0501,770.6413,35,2755.2366,False,False,875.3642,7.83
666,873,874.8273,1.8273,772.4685,30,2992.4123,True,False,875.3642,7.83
667,873,874.4284,1.4284,773.897,77,2181.1142,False,False,875.3642,7.83
668,873,872.8211,-0.1789,774.0759,19,71.7778,False,False,875.3642,7.83
669,873,871.4516,-1.5484,775.6244,2,306.7391,True,False,875.3642,7.83
670,873,872.7303,-0.2697,775.894,15,5797.7569,False,False,875.3642,7.83
671,873,874.7225,1.7225,777.6166,5,4656.3581,False,False,875.3642,7.83
672,873,871.0724,-1.9276,779.5441,5,4688.2576,True,True,875.3642,7.83
673,873,870.7069,-2.2931,781.8373,1,4551.4682,False,False,875.3642,7.83
674,873,874.4292,1.4292,783.2665,2,3803.9076,False,False,875.3642,7.83
675,873,874.6497,1.6497,784.9162,4,5721.2772,True,False,875.3642,7.83
676,873,870.487,-2.513,787.4291,2,5003.941,False,False,875.3642,7.83
677,873,872.5183,-0.4817,787.9109,17,221.4766,False,False,875.3642,7.83
678,873,874.6673,1.6673,789.5782,1,3080.7902,True,False,875.3642,7.83
679,873,874.2438,1.2438,790.822,13,1405.9984,False,False,875.3642,7.83
680,873,873.6927,0.6927,791.5148,3,3065.1844,False,True,875.3642,7.83
681,873,873.1111,0.1111,791.6258,44,2390.2757,True,False,875.3642,7.83
682,873,875.6036,2.6036,794.2294,67,4622.0059,False,False,875.3642,7.83
683,873,876.0567,3.0567,797.2862,60,5198.5219,False,False,875.3642,7.83
684,873,873.3875,0.3875,797.6737,54,1511.0629,True,False,875.3642,7.83
685,873,876.1056,3.1056,800.7793,3,2187.4782,False,False,875.3642,7.83
686,873,872.272,-0.728,801.5073,4,5645.5308,False,False,875.3642,7.83
687,873,873.7109,0.7109,802.2182,0,5882.7476,True,False,875.3642,7.83
688,873,873.8373,0.8373,803.0555,24,5515.8326,False,True,875.3642,7.83
689,873,871.0735,-1.9265,804.982,10,3751.8361,False,False,875.3642,7.83
690,873,873.5115,0.5115,805.4935,2,3414.0578,True,False,875.3642,7.83
691,873,873.0214,0.0214,805.5149,4,4009.9457,False,False,875.3642,7.83
692,873,869.8187,-3.1813,808.6962,6,1304.2143,False,False,875.3642,7.83
693,873,872.1445,-0.8555,809.5517,8,5116.2182,True,False,875.3642,7.83
694,873,873.5049,0.5049,810.0566,12,740.452,False,False,875.3642,7.83
695,873,871.7521,-1.2479,811.3044,3,2078.1583,False,False,875.3642,7.83
696,873,875.0887,2.0887,813.3931,20,2460.2021,True,True,875.3642,7.83
697,873,873.3537,0.3537,813.7468,0,5940.0679,False,False,875.3642,7.83
698,873,869.5516,-3.4484,817.1953,7,773.8357,False,False,875.3642,7.83
699,873,876.4056,3.4056,820.6009,14,2129.1556,True,False,875.3642,7.83
700,873,871.6598,-1.3402,821.9411,7,3323.6063,False,False,875.3642,7.83
701,873,868.4472,-4.5528,826.4939,24,3878.3128,False,False,875.3642,7.83
702,873,873.4622,0.4622,826.9561,6,551.6353,True,False,875.3642,7.83
703,873,873.2592,0.2592,827.2152,81,4443.9466,False,False,875.3642,7.83
704,873,872.3113,-0.6887,827.9039,18,5346.2625,False,True,875.3642,7.83
705,873,873.16,0.16,828.0639,58,2390.0681,True,False,875.3642,7.83
706,873,874.0674,1.0674,829.1313,7,305.1189,False,False,875.3642,7.83
707,873,873.5096,0.5096,829.6409,87,5568.2587,False,False,875.3642,7.83
708,873,872.5773,-0.4227,830.0635,17,795.1845,True,False,875.3642,7.83
709,873,874.6808,1.6808,831.7443,5,1457.1323,False,False,875.3642,7.83
710,873,869.2437,-3.7563,835.5006,10,3272.9997,False,False,875.3642,7.83
711,873,872.1864,-0.8136,836.3142,1,5470.4134,True,False,875.3642,7.83
712,873,875.8688,2.8688,839.183,6,1500.7559,False,True,875.3642,7.83
713,873,872.1214,-0.8786,840.0617,5,3264.2855,False,False,875.3642,7.83
714,873,870.4403,-2.5597,842.6213,3,3564.0175,True,False,875.3642,7.83
715,873,872.3305,-0.6695,843.2909,1,223.7362,False,False,875.3642,7.83
716,873,874.4839,1.4839,844.7747,5,2725.47,False,False,875.3642,7.83
717,873,872.7344,-0.2656,845.0404,41,3926.7844,True,False,875.3642,7.83
718,873,872.2455,-0.7545,845.7949,4,2679.0416,False,False,875.3642,7.83
719,873,871.676,-1.324,847.1189,21,5599.4236,False,False,875.3642,7.83
720,873,870.1386,-2.8614,849.9803,4,811.4967,True,True,875.3642,7.83
721,873,875.4339,2.4339,852.4142,7,3624.2562,False,False,875.3642,7.83
722,873,875.5492,2.5492,854.9634,30,5764.8809,False,False,875.3642,7.83
723,873,871.2346,-1.7654,856.7288,2,5915.0435,True,False,875.3642,7.83
724,873,869.998,-3.002,859.7308,5,4897.4518,False,False,875.3642,7.83
725,873,873.3078,0.3078,860.0386,3,3429.0883,False,False,875.3642,7.83
726,873,874.0242,1.0242,861.0628,4,2456.6558,True,False,875.3642,7.83
727,873,875.6577,2.6577,863.7205,11,1529.7826,False,False,875.3642,7.83
728,873,871.5272,-1.4728,865.1933,3,3434.9903,False,True,875.3642,7.83
729,873,874.7432,1.7432,866.9365,10,376.42,True,False,875.3642,7.83
730,873,872.6095,-0.3905,867.327,0,2842.1121,False,False,875.3642,7.83
731,873,868.9137,-4.0863,871.4133,3,232.223,False,False,875.3642,7.83
732,873,873.3172,0.3172,871.7305,31,6163.2561,True,False,875.3642,7.83
733,873,871.2295,-1.7705,873.501,7,3284.4821,False,False,875.3642,7.83
734,873,872.6605,-0.3395,873.8405,4,3441.2595,False,False,875.3642,7.83
735,873,873.5155,0.5155,874.3559,19,440.0744,True,False,875.3642,7.83
736,873,876.8567,3.8567,878.2127,1,4491.8241,False,True,875.3642,7.83
737,873,873.189,0.189,878.4017,9,305.9992,False,False,875.3642,7.83
738,873,875.8435,2.8435,881.2452,22,4971.9388,True,False,875.3642,7.83
739,873,872.3785,-0.6215,881.8668,20,2255.473,False,False,875.3642,7.83
740,873,871.8865,-1.1135,882.9803,20,1093.2166,False,False,875.3642,7.83
741,873,874.066,1.066,884.0463,9,692.7703,True,False,875.3642,7.83
742,873,877.0573,4.0573,888.1036,0,5207.5597,False,False,875.3642,7.83
743,873,874.5948,1.5948,889.6984,20,4793.4768,False,False,875.3642,7.83
744,873,873.5698,0.5698,890.2681,8,3130.2995,True,True,875.3642,7.83
745,873,873.0672,0.0672,890.3353,2,2584.5243,False,False,875.3642,7.83
746,873,871.7658,-1.2342,891.5695,42,4230.4276,False,False,875.3642,7.83
747,873,872.6254,-0.3746,891.9441,6,263.8155,True,False,875.3642,7.83
748,873,871.7654,-1.2346,893.1787,0,6042.0953,False,False,875.3642,7.83
749,873,874.1847,1.1847,894.3634,89,5196.6823,False,False,875.3642,7.83
750,873,872.5278,-0.4722,894.8356,75,1736.9823,True,False,875.3642,7.83
751,873,873.2108,0.2108,895.0464,8,352.4145,False,False,875.3642,7.83
752,873,871.2832,-1.7168,896.7632,10,1883.2741,False,True,875.3642,7.83
753,873,872.847,-0.153,896.9162,26,5147.392,True,False,875.3642,7.83
754,873,871.5781,-1.4219,898.3381,1,2740.1704,False,False,875.3642,7.83
755,873,875.1008,2.1008,900.4389,15,5017.8772,False,False,875.3642,7.83
756,873,874.0828,1.0828,901.5217,21,723.7778,True,False,875.3642,7.83
757,873,876.4884,3.4884,905.0101,11,5129.1873,False,False,875.3642,7.83
758,873,872.1282,-0.8718,905.8819,8,562.5317,False,False,875.3642,7.83
759,873,873.8608,0.8608,906.7427,6,6068.6724,True,False,875.3642,7.83
760,873,876.1792,3.1792,909.9219,3,3883.3547,False,True,875.3642,7.83
761,873,873.1152,0.1152,910.0371,5,2189.4314,False,False,875.3642,7.83
762,873,872.9872,-0.0128,910.0498,26,1652.186,True,False,875.3642,7.83
763,873,875.624,2.624,912.6738,2,3910.7195,False,False,875.3642,7.83
764,873,876.2031,3.2031,915.8769,0,5283.7869,False,False,875.3642,7.83
765,873,872.3823,-0.6177,916.4946,2,5770.2423,True,False,875.3642,7.83
766,873,873.033,0.033,916.5276,5,5554.3738,False,False,875.3642,7.83
767,873,874.9488,1.9488,918.4764,7,4486.2731,False,False,875.3642,7.83
768,873,874.3859,1.3859,919.8624,2,2054.8677,True,True,875.3642,7.83
769,873,873.769,0.769,920.6314,37,301.8944,False,False,875.3642,7.83
770,873,872.1618,-0.8382,921.4696,3,619.6524,False,False,875.3642,7.83
771,873,871.7715,-1.2285,922.6981,4,4971.3262,True,False,875.3642,7.83
772,873,874.7422,1.7422,924.4404,33,5897.6948,False,False,875.3642,7.83
773,873,876.3804,3.3804,927.8207,10,1597.8781,False,False,875.3642,7.83
774,873,873.1242,0.1242,927.9449,30,6013.2636,True,False,875.3642,7.83
775,873,873.5378,0.5378,928.4827,3,4555.7286,False,False,875.3642,7.83
776,873,873.1207,0.1207,928.6034,2,2472.8643,False,True,875.3642,7.83
777,873,874.8008,1.8008,930.4043,3,2588.4133,True,False,875.3642,7.83
778,873,873.7484,0.7484,931.1527,49,5393.8008,False,False,875.3642,7.83
779,873,872.1924,-0.8076,931.9602,2,435.8469,False,False,875.3642,7.83
780,873,874.0997,1.0997,933.06,49,2335.8709,True,False,875.3642,7.83
781,873,872.0413,-0.9587,934.0187,5,5008.8836,False,False,875.3642,7.83
782,873,874.472,1.472,935.4907,2,6156.5286,False,False,875.3642,7.83
783,873,873.8099,0.8099,936.3006,26,1660.6192,True,False,875.3642,7.83
784,873,874.2172,1.2172,937.5178,79,2571.2119,False,True,875.3642,7.83
785,873,874.5334,1.5334,939.0512,0,3049.3117,False,False,875.3642,7.83
786,873,872.6261,-0.3739,939.4251,9,6021.2905,True,False,875.3642,7.83
787,873,873.039,0.039,939.4642,1,5421.6321,False,False,875.3642,7.83
788,873,873.0963,0.0963,939.5605,11,2152.3037,False,False,875.3642,7.83
789,873,872.0088,-0.9912,940.5517,24,583.8228,True,False,875.3642,7.83
790,873,873.2065,0.2065,940.7582,11,2088.5478,False,False,875.3642,7.83
791,873,872.4689,-0.5311,941.2893,29,286.9145,False,False,875.3642,7.83
792,873,872.394,-0.606,941.8953,52,3053.463,True,True,875.3642,7.83
793,873,872.0507,-0.9493,942.8446,1,2888.8544,False,False,875.3642,7.83
794,873,869.9382,-3.0618,945.9065,14,3039.234,False,False,875.3642,7.83
795,873,874.5095,1.5095,947.416,21,2612.6467,True,False,875.3642,7.83
796,873,873.7466,0.7466,948.1626,2,325.9181,False,False,875.3642,7.83
797,873,870.5376,-2.4624,950.625,3,2360.3155,False,False,875.3642,7.83
798,873,872.3278,-0.6722,951.2973,3,4034.8252,True,False,875.3642,7.83
799,873,873.5232,0.5232,951.8205,8,4461.7827,False,False,875.3642,7.83
800,873,871.909,-1.091,952.9114,2,3595.7785,False,True,875.3642,7.83
801,873,873.4149,0.4149,953.3263,10,1175.9765,True,False,875.3642,7.83
802,873,872.1779,-0.8221,954.1484,5,2245.8861,False,False,875.3642,7.83
803,873,873.1179,0.1179,954.2663,1,3604.2408,False,False,875.3642,7.83
804,873,873.7736,0.7736,955.0399,1,1778.2659,True,False,875.3642,7.83
805,873,872.5935,-0.4065,955.4465,37,747.8681,False,False,875.3642,7.83
806,873,875.4697,2.4697,957.9162,10,1727.7777,False,False,875.3642,7.83
807,873,873.1695,0.1695,958.0856,0,5499.5017,True,False,875.3642,7.83
808,873,872.7948,-0.2052,958.2908,6,1144.3983,False,True,875.3642,7.83
809,873,870.7495,-2.2505,960.5413,50,5.7807,False,False,875.3642,7.83
810,873,876.9738,3.9738,964.5151,3,2305.4913,True,False,875.3642,7.83
811,873,874.2752,1.2752,965.7903,0,5077.4412,False,False,875.3642,7.83
812,873,872.9714,-0.0286,965.8189,2,1301.8045,False,False,875.3642,7.83
813,873,873.743,0.743,966.5619,29,4272.3747,True,False,875.3642,7.83
814,873,873.2465,0.2465,966.8084,19,411.7403,False,False,875.3642,7.83
815,873,871.8445,-1.1555,967.9639,6,393.5804,False,False,875.3642,7.83
816,873,869.521,-3.479,971.4429,1,3772.7752,True,True,875.3642,7.83
817,873,875.8886,2.8886,974.3315,1,2029.0789,False,False,875.3642,7.83
818,873,873.1129,0.1129,974.4444,6,3783.8612,False,False,875.3642,7.83
819,873,869.6703,-3.3297,977.7741,3,4255.8424,True,False,875.3642,7.83
820,873,871.7089,-1.2911,979.0652,6,5150.1631,False,False,875.3642,7.83
821,873,873.8637,0.8637,979.9289,16,2866.2246,False,False,875.3642,7.83
822,873,873.7261,0.7261,980.6551,8,2801.0631,True,False,875.3642,7.83
823,873,873.3257,0.3257,980.9808,6,3038.031,False,False,875.3642,7.83
824,873,872.5105,-0.4895,981.4703,25,3549.6883,False,True,875.3642,7.83
825,873,871.2784,-1.7216,983.1919,2,1543.7714,True,False,875.3642,7.83
826,873,873.5358,0.5358,983.7276,5,3252.8203,False,False,875.3642,7.83
827,873,874.9827,1.9827,985.7103,6,3119.6871,False,False,875.3642,7.83
828,873,875.917,2.917,988.6273,48,2184.0635,True,False,875.3642,7.83
829,873,873.6164,0.6164,989.2438,5,1573.2833,False,False,875.3642,7.83
830,873,871.8993,-1.1007,990.3445,10,2706.0143,False,False,875.3642,7.83
831,873,873.5803,0.5803,990.9248,50,2676.6897,True,False,875.3642,7.83
832,873,873.9599,0.9599,991.8847,13,1028.058,False,True,875.3642,7.83
833,873,872.5918,-0.4082,992.2929,31,1349.2698,False,False,875.3642,7.83
834,873,875.8856,2.8856,995.1785,21,1457.3135,True,False,875.3642,7.83
835,873,874.1141,1.1141,996.2926,0,455.4109,False,False,875.3642,7.83
836,873,873.8883,0.8883,997.1809,37,1458.5182,False,False,875.3642,7.83
837,873,874.8192,1.8192,999.0001,78,4854.5542,True,False,875.3642,7.83
838,873,873.5543,0.5543,999.5544,7,5605.2502,False,False,875.3642,7.83
839,873,872.284,-0.716,1000.2704,2,1473.2157,False,False,875.3642,7.83
840,873,874.3103,1.3103,1001.5807,1,5585.0139,True,True,875.3642,7.83
841,873,873.4616,0.4616,1002.0422,7,1171.388,False,False,875.3642,7.83
842,873,872.9991,-0.0009,1002.0432,3,4750.6666,False,False,875.3642,7.83
843,873,872.8704,-0.1296,1002.1728,7,1755.6514,True,False,875.3642,7.83
844,873,873.2168,0.2168,1002.3897,25,5912.6213,False,False,875.3642,7.83
845,873,872.862,-0.138,1002.5277,52,3111.1234,False,False,875.3642,7.83
846,873,873.289,0.289,1002.8167,12,2325.7224,True,False,875.3642,7.83
847,873,872.4479,-0.5521,1003.3688,3,234.4851,False,False,875.3642,7.83
848,873,872.0453,-0.9547,1004.3235,1,3658.2208,False,True,875.3642,7.83
849,873,874.3208,1.3208,1005.6442,5,5247.2245,True,False,875.3642,7.83
850,873,874.3252,1.3252,1006.9694,4,4717.9975,False,False,875.3642,7.83
851,873,872.0979,-0.9021,1007.8715,13,2149.4013,False,False,875.3642,7.83
852,873,874.8378,1.8378,1009.7093,3,4077.7205,True,False,875.3642,7.83
853,873,872.2965,-0.7035,1010.4128,30,3856.6509,False,False,875.3642,7.83
854,873,873.0712,0.0712,1010.484,4,2190.1124,False,False,875.3642,7.83
855,873,873.5859,0.5859,1011.0699,31,1878.1721,True,False,875.3642,7.83
856,873,872.5772,-0.4228,1011.4927,28,5409.1248,False,True,875.3642,7.83
857,873,872.1006,-0.8994,1012.3921,7,3259.3288,False,False,875.3642,7.83
858,873,872.3785,-0.6215,1013.0136,58,2347.6264,True,False,875.3642,7.83
859,873,873.545,0.545,1013.5586,26,1073.7535,False,False,875.3642,7.83
860,873,873.1002,0.1002,1013.6588,7,4846.1378,False,False,875.3642,7.83
861,873,872.0279,-0.9721,1014.6309,8,4184.5002,True,False,875.3642,7.83
862,873,873.5581,0.5581,1015.189,6,5323.7416,False,False,875.3642,7.83
863,873,874.1796,1.1796,1016.3686,27,4327.7539,False,False,875.3642,7.83
864,873,869.4277,-3.5723,1019.9409,5,2212.6124,True,True,875.3642,7.83
865,873,873.7434,0.7434,1020.6843,8,5099.0022,False,False,875.3642,7.83
866,873,874.3666,1.3666,1022.0509,28,4616.5017,False,False,875.3642,7.83
867,873,872.6749,-0.3251,1022.376,11,1562.218,True,False,875.3642,7.83
868,873,871.4449,-1.5551,1023.931,8,2179.0363,False,False,875.3642,7.83
869,873,874.9618,1.9618,1025.8929,16,5397.1654,False,False,875.3642,7.83
870,873,870.7488,-2.2512,1028.1441,48,4964.7143,True,False,875.3642,7.83
871,873,871.2528,-1.7472,1029.8912,7,4067.2167,False,False,875.3642,7.83
872,873,872.7258,-0.2742,1030.1655,9,1267.899,False,True,875.3642,7.83
873,873,871.6929,-1.3071,1031.4726,88,4166.8282,True,False,875.3642,7.83
874,873,872.5719,-0.4281,1031.9006,4,3058.5153,False,False,875.3642,7.83
875,873,873.5765,0.5765,1032.4771,5,6173.8478,False,False,875.3642,7.83
876,873,877.5862,4.5862,1037.0633,49,3139.0535,True,False,875.3642,7.83
877,873,874.7756,1.7756,1038.8389,7,4410.3338,False,False,875.3642,7.83
878,873,874.0429,1.0429,1039.8818,7,3802.33,False,False,875.3642,7.83
879,873,872.8897,-0.1103,1039.9921,8,2322.049,True,False,875.3642,7.83
880,873,872.5942,-0.4058,1040.3978,2,1549.8518,False,True,875.3642,7.83
881,873,871.308,-1.692,1042.0899,45,3619.1126,False,False,875.3642,7.83
882,873,873.7946,0.7946,1042.8845,15,5004.7156,True,False,875.3642,7.83
883,873,875.6188,2.6188,1045.5032,17,4706.2311,False,False,875.3642,7.83
884,873,874.2318,1.2318,1046.735,47,1017.4646,False,False,875.3642,7.83
885,873,872.6476,-0.3524,1047.0874,32,3885.7276,True,False,875.3642,7.83
886,873,873.4329,0.4329,1047.5203,6,2755.4765,False,False,875.3642,7.83
887,873,873.1104,0.1104,1047.6306,2,5696.541,False,False,875.3642,7.83
888,873,875.6158,2.6158,1050.2464,12,1893.168,True,True,875.3642,7.83
889,873,872.906,-0.094,1050.3404,17,1936.4071,False,False,875.3642,7.83
890,873,874.5762,1.5762,1051.9166,12,2784.4466,False,False,875.3642,7.83
891,873,873.2824,0.2824,1052.199,31,3404.0169,True,False,875.3642,7.83
892,873,874.3442,1.3442,1053.5433,9,897.6729,False,False,875.3642,7.83
893,873,874.2042,1.2042,1054.7475,0,2997.552,False,False,875.3642,7.83
894,873,870.2067,-2.7933,1057.5408,4,2497.4851,True,False,875.3642,7.83
895,873,873.9911,0.9911,1058.5318,34,1269.606,False,False,875.3642,7.83
896,873,872.1892,-0.8108,1059.3426,13,4956.0378,False,True,875.3642,7.83
897,873,871.1285,-1.8715,1061.2141,3,1191.1705,True,False,875.3642,7.83
898,873,872.4121,-0.5879,1061.802,4,922.9768,False,False,875.3642,7.83
899,873,869.9039,-3.0961,1064.8981,3,1989.5214,False,False,875.3642,7.83
900,873,873.0772,0.0772,1064.9753,9,5713.9921,True,False,875.3642,7.83
901,873,873.2369,0.2369,1065.2122,0,2586.1168,False,False,875.3642,7.83
902,873,876.0208,3.0208,1068.233,37,1802.7581,False,False,875.3642,7.83
903,873,870.8282,-2.1718,1070.4048,9,12.5915,True,False,875.3642,7.83
904,873,872.5218,-0.4782,1070.883,14,6.2039,False,True,875.3642,7.83
905,873,872.1684,-0.8316,1071.7146,74,4871.6203,False,False,875.3642,7.83
906,873,872.7961,-0.2039,1071.9185,33,2315.0049,True,False,875.3642,7.83
907,873,874.3936,1.3936,1073.3121,0,5517.0947,False,False,875.3642,7.83
908,873,874.7729,1.7729,1075.085,7,2086.9008,False,False,875.3642,7.83
909,873,873.2482,0.2482,1075.3332,29,3441.8272,True,False,875.3642,7.83
910,873,871.6029,-1.3971,1076.7303,11,4208.3975,False,False,875.3642,7.83
911,873,875.5737,2.5737,1079.304,4,4727.3982,False,False,875.3642,7.83
912,873,872.4232,-0.5768,1079.8809,39,1086.141,True,True,875.3642,7.83
913,873,874.2334,1.2334,1081.1142,0,4753.4288,False,False,875.3642,7.83
914,873,875.6364,2.6364,1083.7506,25,5104.5421,False,False,875.3642,7.83
915,873,873.4965,0.4965,1084.2471,25,1347.8406,True,False,875.3642,7.83
916,873,874.2569,1.2569,1085.504,2,1545.7659,False,False,875.3642,7.83
917,873,874.0277,1.0277,1086.5318,5,6110.265,False,False,875.3642,7.83
918,873,873.0863,0.0863,1086.6181,27,1032.4248,True,False,875.3642,7.83
919,873,872.7261,-0.2739,1086.892,2,3299.7844,False,False,875.3642,7.83
920,873,873.9585,0.9585,1087.8505,5,1517.7873,False,True,875.3642,7.83
921,873,875.3686,2.3686,1090.2191,4,1641.0095,True,False,875.3642,7.83
922,873,873.8894,0.8894,1091.1086,17,2496.0951,False,False,875.3642,7.83
923,873,872.0352,-0.9648,1092.0733,2,250.2468,False,False,875.3642,7.83
924,873,872.0146,-0.9854,1093.0588,8,2964.763,True,False,875.3642,7.83
925,873,873.2471,0.2471,1093.3059,1,5743.3929,False,False,875.3642,7.83
926,873,871.8598,-1.1402,1094.4461,59,6095.3186,False,False,875.3642,7.83
927,873,873.2444,0.2444,1094.6905,5,4777.2969,True,False,875.3642,7.83
928,873,875.3262,2.3262,1097.0167,2,4106.8685,False,True,875.3642,7.83
929,873,876.1298,3.1298,1100.1465,2,3710.2624,False,False,875.3642,7.83
930,873,872.8115,-0.1885,1100.335,2,1440.8815,True,False,875.3642,7.83
931,873,874.9994,1.9994,1102.3344,4,5606.4223,False,False,875.3642,7.83
932,873,870.1787,-2.8213,1105.1557,3,3344.1703,False,False,875.3642,7.83
933,873,872.2623,-0.7377,1105.8934,39,1653.8952,True,False,875.3642,7.83
934,873,873.9069,0.9069,1106.8002,0,254.6081,False,False,875.3642,7.83
935,873,874.1418,1.1418,1107.9421,6,2429.6041,False,False,875.3642,7.83
936,873,870.7808,-2.2192,1110.1613,73,4458.7046,True,True,875.3642,7.83
937,873,873.2818,0.2818,1110.4431,11,216.8107,False,False,875.3642,7.83
938,873,872.8402,-0.1598,1110.6029,4,4730.0107,False,False,875.3642,7.83
939,873,872.094,-0.906,1111.5089,6,4565.7519,True,False,875.3642,7.83
940,873,879.069,6.069,1117.5779,13,3291.02,False,False,875.3642,7.83
941,873,871.3943,-1.6057,1119.1836,3,5754.5028,False,False,875.3642,7.83
942,873,871.7721,-1.2279,1120.4115,17,2691.9418,True,False,875.3642,7.83
943,873,870.2834,-2.7166,1123.1281,19,5729.0805,False,False,875.3642,7.83
944,873,875.0131,2.0131,1125.1413,9,1026.2399,False,True,875.3642,7.83
945,873,876.0345,3.0345,1128.1758,87,1029.4445,True,False,875.3642,7.83
946,873,875.6567,2.6567,1130.8325,5,3994.7386,False,False,875.3642,7.83
947,873,873.5159,0.5159,1131.3484,13,1740.4311,False,False,875.3642,7.83
948,873,873.2787,0.2787,1131.6271,9,2517.9794,True,False,875.3642,7.83
949,873,874.6318,1.6318,1133.2588,3,664.9824,False,False,875.3642,7.83
950,873,871.3781,-1.6219,1134.8807,8,5835.3643,False,False,875.3642,7.83
951,873,876.622,3.622,1138.5027,20,2202.7056,True,False,875.3642,7.83
952,873,872.389,-0.611,1139.1137,21,1346.9354,False,True,875.3642,7.83
953,873,874.1228,1.1228,1140.2366,8,1302.9636,False,False,875.3642,7.83
954,873,873.6405,0.6405,1140.8771,0,1757.5501,True,False,875.3642,7.83
955,873,872.5871,-0.4129,1141.2899,26,4244.9522,False,False,875.3642,7.83
956,873,875.175,2.175,1143.4649,34,6044.9293,False,False,875.3642,7.83
957,873,872.6935,-0.3065,1143.7715,35,3861.4691,True,False,875.3642,7.83
958,873,871.3272,-1.6728,1145.4443,4,4762.1226,False,False,875.3642,7.83
959,873,871.5904,-1.4096,1146.8539,1,18.1786,False,False,875.3642,7.83
960,873,874.3302,1.3302,1148.184,23,776.027,True,True,875.3642,7.83
961,873,872.6898,-0.3102,1148.4942,12,972.3534,False,False,875.3642,7.83
962,873,871.0095,-1.9905,1150.4848,3,4617.408,False,False,875.3642,7.83
963,873,872.015,-0.985,1151.4697,49,4273.8729,True,False,875.3642,7.83
964,873,871.7781,-1.2219,1152.6917,1,6006.727,False,False,875.3642,7.83
965,873,874.227,1.227,1153.9187,6,4397.7356,False,False,875.3642,7.83
966,873,870.9456,-2.0544,1155.9731,87,234.3398,True,False,875.3642,7.83
967,873,869.8161,-3.1839,1159.157,59,4576.3531,False,False,875.3642,7.83
968,873,871.1152,-1.8848,1161.0419,18,5950.8972,False,True,875.3642,7.83
969,873,873.6378,0.6378,1161.6797,21,3220.869,True,False,875.3642,7.83
970,873,870.8515,-2.1485,1163.8282,26,5688.3327,False,False,875.3642,7.83
971,873,872.8349,-0.1651,1163.9933,12,397.2882,False,False,875.3642,7.83
972,873,873.9988,0.9988,1164.9921,5,31.7859,True,False,875.3642,7.83
973,873,871.9775,-1.0225,1166.0146,4,3444.2614,False,False,875.3642,7.83
974,873,876.3421,3.3421,1169.3567,1,4440.6278,False,False,875.3642,7.83
975,873,874.279,1.279,1170.6357,12,3933.3622,True,False,875.3642,7.83
976,873,871.839,-1.161,1171.7967,2,2095.8709,False,True,875.3642,7.83
977,873,872.998,-0.002,1171.7987,4,3381.8856,False,False,875.3642,7.83
978,873,872.9861,-0.0139,1171.8126,22,3665.0564,True,False,875.3642,7.83
979,873,874.0578,1.0578,1172.8703,0,382.533,False,False,875.3642,7.83
980,873,871.6581,-1.3419,1174.2123,21,5020.3087,False,False,875.3642,7.83
981,873,875.2067,2.2067,1176.419,0,4863.8029,True,False,875.3642,7.83
982,873,872.8398,-0.1602,1176.5792,20,1354.3432,False,False,875.3642,7.83
983,873,874.1249,1.1249,1177.7042,67,3180.2033,False,False,875.3642,7.83
984,873,872.3266,-0.6734,1178.3776,17,900.9532,True,True,875.3642,7.83
985,873,874.2878,1.2878,1179.6654,0,2278.8136,False,False,875.3642,7.83
986,873,871.0693,-1.9307,1181.5961,3,4310.2226,False,False,875.3642,7.83
987,873,873.2269,0.2269,1181.823,1,1392.9277,True,False,875.3642,7.83
988,873,871.6259,-1.3741,1183.1971,1,2281.6729,False,False,875.3642,7.83
989,873,874.4198,1.4198,1184.617,0,5616.8666,False,False,875.3642,7.83
990,873,874.2637,1.2637,1185.8807,0,5511.1243,True,False,875.3642,7.83
991,873,870.7026,-2.2974,1188.178,3,2984.2206,False,False,875.3642,7.83
992,873,873.7693,0.7693,1188.9474,13,4962.8947,False,True,875.3642,7.83
993,873,872.6376,-0.3624,1189.3097,54,4177.5073,True,False,875.3642,7.83
994,873,874.802,1.802,1191.1117,43,3767.3366,False,False,875.3642,7.83
995,873,873.8465,0.8465,1191.9582,4,1928.0983,False,False,875.3642,7.83
996,873,874.2552,1.2552,1193.2134,32,4560.1849,True,False,875.3642,7.83
997,873,872.9954,-0.0046,1193.2181,5,5485.824,False,False,875.3642,7.83
998,873,874.3545,1.3545,1194.5726,3,1491.0553,False,False,875.3642,7.83
999,873,870.4344,-2.5656,1197.1381,9,5634.3723,True,False,875.3642,7.83
1000,873,872.0519,-0.9481,1198.0862,7,5821.3817,False,True,875.3642,7.83
1001,873,871.5012,-1.4988,1199.5851,5,840.9604,False,False,875.3642,7.83
1002,873,874.5925,1.5925,1201.1775,1,1799.3822,True,False,875.3642,7.83
1003,873,871.9029,-1.0971,1202.2746,21,2753.9781,False,False,875.3642,7.83
1004,873,870.7461,-2.2539,1204.5286,0,1993.2384,False,False,875.3642,7.83
1005,873,873.7209,0.7209,1205.2494,0,1299.4693,True,False,875.3642,7.83
1006,873,872.6726,-0.3274,1205.5769,1,822.5466,False,False,875.3642,7.83
1007,873,873.8778,0.8778,1206.4547,1,3747.1588,False,False,875.3642,7.83
1008,873,872.9645,-0.0355,1206.4902,8,5382.8656,True,True,875.3642,7.83
1009,873,875.1028,2.1028,1208.593,5,1184.0927,False,False,875.3642,7.83
1010,873,874.4762,1.4762,1210.0692,0,5991.213,False,False,875.3642,7.83
1011,873,870.3323,-2.6677,1212.7369,3,5765.8334,True,False,875.3642,7.83
1012,873,870.2404,-2.7596,1215.4966,3,5122.6497,False,False,875.3642,7.83
1013,873,872.6618,-0.3382,1215.8347,5,3851.9795,False,False,875.3642,7.83
1014,873,872.7231,-0.2769,1216.1117,6,1178.6705,True,False,875.3642,7.83
1015,873,872.3306,-0.6694,1216.7811,1,4099.2937,False,False,875.3642,7.83
1016,873,871.4403,-1.5597,1218.3408,35,4038.4619,False,True,875.3642,7.83
1017,873,872.5638,-0.4362,1218.777,7,5002.0072,True,False,875.3642,7.83
1018,873,873.266,0.266,1219.043,21,817.9983,False,False,875.3642,7.83
1019,873,871.8775,-1.1225,1220.1655,3,3571.6383,False,False,875.3642,7.83
1020,873,874.7648,1.7648,1221.9303,8,3852.1889,True,False,875.3642,7.83
1021,873,873.9207,0.9207,1222.8511,40,2369.2035,False,False,875.3642,7.83
1022,873,873.3724,0.3724,1223.2235,8,3652.095,False,False,875.3642,7.83
1023,873,871.6516,-1.3484,1224.5718,32,2260.62,True,False,875.3642,7.83
1024,873,874.2735,1.2735,1225.8453,23,4347.8861,False,True,875.3642,7.83
1025,873,871.243,-1.757,1227.6023,12,1121.9953,False,False,875.3642,7.83
1026,873,874.9451,1.9451,1229.5475,75,5735.98,True,False,875.3642,7.83
1027,873,873.2505,0.2505,1229.7979,27,2725.3665,False,False,875.3642,7.83
1028,873,872.9178,-0.0822,1229.8801,8,1347.9821,False,False,875.3642,7.83
1029,873,874.1414,1.1414,1231.0215,40,4154.0448,True,False,875.3642,7.83
1030,873,873.9941,0.9941,1232.0156,29,3416.2143,False,False,875.3642,7.83
1031,873,876.5762,3.5762,1235.5918,4,4419.3952,False,False,875.3642,7.83
1032,873,871.1192,-1.8808,1237.4727,5,1931.624,True,True,875.3642,7.83
1033,873,870.747,-2.253,1239.7257,2,1096.6616,False,False,875.3642,7.83
1034,873,874.2638,1.2638,1240.9894,14,5168.0111,False,False,875.3642,7.83
1035,873,871.6171,-1.3829,1242.3723,24,2176.4625,True,False,875.3642,7.83
1036,873,874.4651,1.4651,1243.8374,5,2210.092,False,False,875.3642,7.83
1037,873,873.7659,0.7659,1244.6033,5,6067.2051,False,False,875.3642,7.83
1038,873,876.392,3.392,1247.9953,3,2688.9947,True,False,875.3642,7.83
1039,873,873.1962,0.1962,1248.1914,63,1811.7626,False,False,875.3642,7.83
1040,873,872.6897,-0.3103,1248.5018,4,5601.6681,False,True,875.3642,7.83
1041,873,869.1792,-3.8208,1252.3226,12,3885.9185,True,False,875.3642,7.83
1042,873,872.2322,-0.7678,1253.0904,10,375.6825,False,False,875.3642,7.83
1043,873,872.5905,-0.4095,1253.5,42,3533.5535,False,False,875.3642,7.83
1044,873,873.918,0.918,1254.4179,57,2055.8601,True,False,875.3642,7.83
1045,873,869.3116,-3.6884,1258.1063,8,3790.6459,False,False,875.3642,7.83
1046,873,872.7019,-0.2981,1258.4044,9,2887.3281,False,False,875.3642,7.83
1047,873,872.4539,-0.5461,1258.9505,0,56.4599,True,False,875.3642,7.83
1048,873,872.8365,-0.1635,1259.114,6,1445.2512,False,True,875.3642,7.83
1049,873,871.212,-1.788,1260.9021,83,2217.1828,False,False,875.3642,7.83
1050,873,873.7699,0.7699,1261.672,6,1538.6512,True,False,875.3642,7.83
1051,873,875.0962,2.0962,1263.7683,0,5841.9151,False,False,875.3642,7.83
1052,873,873.6714,0.6714,1264.4397,7,3193.0714,False,False,875.3642,7.83
1053,873,875.0388,2.0388,1266.4784,20,2218.6682,True,False,875.3642,7.83
1054,873,871.3623,-1.6377,1268.1161,33,3080.3847,False,False,875.3642,7.83
1055,873,873.1461,0.1461,1268.2622,27,188.892,False,False,875.3642,7.83
1056,873,874.1515,1.1515,1269.4136,2,3963.777,True,True,875.3642,7.83
1057,873,871.6665,-1.3335,1270.7471,52,107.5032,False,False,875.3642,7.83
1058,873,872.9673,-0.0327,1270.7798,3,5947.8959,False,False,875.3642,7.83
1059,873,876.3811,3.3811,1274.1609,24,3019.4065,True,False,875.3642,7.83
1060,873,871.9618,-1.0382,1275.1991,51,3373.4989,False,False,875.3642,7.83
1061,873,873.463,0.463,1275.6621,3,3483.3557,False,False,875.3642,7.83
1062,873,870.1868,-2.8132,1278.4753,1,2816.2762,True,False,875.3642,7.83
1063,873,873.6349,0.6349,1279.1102,45,1575.872,False,False,875.3642,7.83
1064,873,872.9382,-0.0618,1279.172,38,1454.7561,False,True,875.3642,7.83
1065,873,875.2411,2.2411,1281.4131,28,2690.6539,True,False,875.3642,7.83
1066,873,871.3798,-1.6202,1283.0333,3,3469.527,False,False,875.3642,7.83
1067,873,872.2232,-0.7768,1283.8101,6,2982.0353,False,False,875.3642,7.83
1068,873,872.2858,-0.7142,1284.5243,4,310.6111,True,False,875.3642,7.83
1069,873,869.6759,-3.3241,1287.8484,6,3151.9707,False,False,875.3642,7.83
1070,873,873.0418,0.0418,1287.8902,32,26.1389,False,False,875.3642,7.83
1071,873,873.8843,0.8843,1288.7745,16,5714.1987,True,False,875.3642,7.83
1072,873,872.1634,-0.8366,1289.6111,4,3467.9498,False,True,875.3642,7.83
1073,873,871.8016,-1.1984,1290.8096,52,3007.6664,False,False,875.3642,7.83
1074,873,872.1116,-0.8884,1291.698,25,2205.7689,True,False,875.3642,7.83
1075,873,871.2205,-1.7795,1293.4774,0,5752.1419,False,False,875.3642,7.83
1076,873,874.2418,1.2418,1294.7192,5,2819.0201,False,False,875.3642,7.83
1077,873,873.5644,0.5644,1295.2836,0,477.5601,True,False,875.3642,7.83
1078,873,871.8302,-1.1698,1296.4534,26,2368.6258,False,False,875.3642,7.83
1079,873,873.1886,0.1886,1296.6421,21,2516.1066,False,False,875.3642,7.83
1080,873,873.0892,0.0892,1296.7313,1,6067.2783,True,True,875.3642,7.83
1081,873,874.4864,1.4864,1298.2177,1,3270.659,False,False,875.3642,7.83
1082,873,873.474,0.474,1298.6917,14,4920.6222,False,False,875.3642,7.83
1083,873,871.1745,-1.8255,1300.5172,12,2429.881,True,False,875.3642,7.83
1084,873,875.0329,2.0329,1302.5501,32,3829.9178,False,False,875.3642,7.83
1085,873,872.0375,-0.9625,1303.5126,15,4358.8349,False,False,875.3642,7.83
1086,873,871.4567,-1.5433,1305.0559,6,2302.9866,True,False,875.3642,7.83
1087,873,874.575,1.575,1306.6309,5,3359.2681,False,False,875.3642,7.83
1088,873,871.1018,-1.8982,1308.5291,18,6059.8235,False,True,875.3642,7.83
1089,873,872.2367,-0.7633,1309.2924,5,3151.1249,True,False,875.3642,7.83
1090,873,872.9975,-0.0025,1309.2949,1,2194.8768,False,False,875.3642,7.83
1091,873,872.4768,-0.5232,1309.8182,14,1264.7956,False,False,875.3642,7.83
1092,873,872.4829,-0.5171,1310.3353,25,3860.5241,True,False,875.3642,7.83
1093,873,873.3609,0.3609,1310.6962,5,4719.7823,False,False,875.3642,7.83
1094,873,874.6169,1.6169,1312.3131,0,5110.3997,False,False,875.3642,7.83
1095,873,873.1908,0.1908,1312.5039,9,2361.0804,True,False,875.3642,7.83
1096,873,875.7147,2.7147,1315.2186,3,4019.736,False,True,875.3642,7.83
1097,873,874.7554,1.7554,1316.974,4,3353.8864,False,False,875.3642,7.83
1098,873,870.1538,-2.8462,1319.8202,0,4073.8486,True,False,875.3642,7.83
1099,873,872.5949,-0.4051,1320.2253,11,2584.8474,False,False,875.3642,7.83
1100,873,876.4232,3.4232,1323.6485,10,5351.1379,False,False,875.3642,7.83
1101,873,872.9074,-0.0926,1323.7412,20,3442.3692,True,False,875.3642,7.83
1102,873,873.3416,0.3416,1324.0828,76,4981.623,False,False,875.3642,7.83
1103,873,869.8676,-3.1324,1327.2151,18,864.7869,False,False,875.3642,7.83
1104,873,874.3188,1.3188,1328.5339,28,5899.601,True,True,875.3642,7.83
1105,873,871.8928,-1.1072,1329.6412,4,5673.5127,False,False,875.3642,7.83
1106,873,874.2901,1.2901,1330.9313,26,5960.3081,False,False,875.3642,7.83
1107,873,871.7619,-1.2381,1332.1694,0,4540.0365,True,False,875.3642,7.83
1108,873,873.417,0.417,1332.5865,35,3353.0012,False,False,875.3642,7.83
1109,873,873.4299,0.4299,1333.0163,2,1308.9457,False,False,875.3642,7.83
1110,873,872.1138,-0.8862,1333.9026,2,4672.6118,True,False,875.3642,7.83
1111,873,872.6489,-0.3511,1334.2537,81,4356.1587,False,False,875.3642,7.83
1112,873,873.2649,0.2649,1334.5186,57,2953.3035,False,True,875.3642,7.83
1113,873,870.2357,-2.7643,1337.2829,12,5715.669,True,False,875.3642,7.83
1114,873,875.206,2.206,1339.4889,57,4900.3564,False,False,875.3642,7.83
1115,873,874.3424,1.3424,1340.8312,20,5918.0221,False,False,875.3642,7.83
1116,873,871.4633,-1.5367,1342.3679,0,1080.1156,True,False,875.3642,7.83
1117,873,871.5926,-1.4074,1343.7753,2,2786.5081,False,False,875.3642,7.83
1118,873,875.2874,2.2874,1346.0627,3,2412.7441,False,False,875.3642,7.83
1119,873,870.3509,-2.6491,1348.7117,3,1141.6575,True,False,875.3642,7.83
1120,873,870.8409,-2.1591,1350.8709,41,2062.9613,False,True,875.3642,7.83
1121,873,873.8485,0.8485,1351.7194,4,549.5289,False,False,875.3642,7.83
1122,873,873.2835,0.2835,1352.0029,0,5646.6598,True,False,875.3642,7.83
1123,873,873.8047,0.8047,1352.8076,13,1202.6257,False,False,875.3642,7.83
1124,873,871.7189,-1.2811,1354.0887,5,3969.3453,False,False,875.3642,7.83
1125,873,872.2225,-0.7775,1354.8662,39,924.5468,True,False,875.3642,7.83
1126,873,873.2166,0.2166,1355.0828,7,4084.2703,False,False,875.3642,7.83
1127,873,872.7127,-0.2873,1355.3701,16,1406.8746,False,False,875.3642,7.83
1128,873,871.2709,-1.7291,1357.0992,7,498.7598,True,True,875.3642,7.83
1129,873,870.0981,-2.9019,1360.0011,2,1848.7083,False,False,875.3642,7.83
1130,873,877.2169,4.2169,1364.218,20,5740.8827,False,False,875.3642,7.83
1131,873,873.6303,0.6303,1364.8483,12,5400.5288,True,False,875.3642,7.83
1132,873,870.7377,-2.2623,1367.1106,9,4845.5494,False,False,875.3642,7.83
1133,873,871.6464,-1.3536,1368.4642,15,3200.4475,False,False,875.3642,7.83
1134,873,873.4367,0.4367,1368.9009,5,3189.8684,True,False,875.3642,7.83
1135,873,872.4579,-0.5421,1369.4429,25,4496.3624,False,False,875.3642,7.83
1136,873,872.1985,-0.8015,1370.2444,5,5681.7946,False,True,875.3642,7.83
1137,873,873.8681,0.8681,1371.1125,29,654.6234,True,False,875.3642,7.83
1138,873,872.2267,-0.7733,1371.8858,13,201.4948,False,False,875.3642,7.83
1139,873,872.1033,-0.8967,1372.7825,15,4702.9135,False,False,875.3642,7.83
1140,873,875.5443,2.5443,1375.3268,6,4170.3512,True,False,875.3642,7.83
1141,873,868.8103,-4.1897,1379.5165,7,2097.3475,False,False,875.3642,7.83
1142,873,872.1705,-0.8295,1380.346,10,6114.6214,False,False,875.3642,7.83
1143,873,871.7084,-1.2916,1381.6376,1,2009.2721,True,False,875.3642,7.83
1144,873,871.5883,-1.4117,1383.0493,11,5510.3983,False,True,875.3642,7.83
1145,873,870.8654,-2.1346,1385.1839,3,909.4325,False,False,875.3642,7.83
1146,873,873.0673,0.0673,1385.2512,7,3211.7299,True,False,875.3642,7.83
1147,873,873.1736,0.1736,1385.4248,19,5501.1455,False,False,875.3642,7.83
1148,873,872.5229,-0.4771,1385.9019,0,3128.6674,False,False,875.3642,7.83
1149,873,874.1059,1.1059,1387.0077,11,5359.6654,True,False,875.3642,7.83
1150,873,875.4104,2.4104,1389.4181,7,4031.2828,False,False,875.3642,7.83
1151,873,871.6321,-1.3679,1390.786,16,1437.9516,False,False,875.3642,7.83
1152,873,871.1284,-1.8716,1392.6576,0,3833.3445,True,True,875.3642,7.83
1153,873,872.3692,-0.6308,1393.2883,37,1852.9468,False,False,875.3642,7.83
1154,873,871.0395,-1.9605,1395.2489,1,5194.53,False,False,875.3642,7.83
1155,873,873.8776,0.8776,1396.1265,37,4769.6136,True,False,875.3642,7.83
1156,873,871.1127,-1.8873,1398.0138,5,5181.157,False,False,875.3642,7.83
1157,873,875.4636,2.4636,1400.4774,14,3094.9241,False,False,875.3642,7.83
1158,873,873.3451,0.3451,1400.8225,7,5379.5469,True,False,875.3642,7.83
1159,873,874.2825,1.2825,1402.105,44,4610.8086,False,False,875.3642,7.83
1160,873,873.5404,0.5404,1402.6453,8,3709.9413,False,True,875.3642,7.83
1161,873,872.5426,-0.4574,1403.1028,3,1835.8538,True,False,875.3642,7.83
1162,873,872.8593,-0.1407,1403.2435,3,2131.6487,False,False,875.3642,7.83
1163,873,875.6682,2.6682,1405.9117,0,5735.6782,False,False,875.3642,7.83
1164,873,877.3801,4.3801,1410.2917,40,752.4507,True,False,875.3642,7.83
1165,873,871.4411,-1.5589,1411.8507,1,3295.7779,False,False,875.3642,7.83
1166,873,874.6844,1.6844,1413.5351,0,4595.1749,False,False,875.3642,7.83
1167,873,872.193,-0.807,1414.3421,41,4620.5836,True,False,875.3642,7.83
1168,873,872.8754,-0.1246,1414.4667,6,2195.3373,False,True,875.3642,7.83
1169,873,872.7489,-0.2511,1414.7178,3,5094.5874,False,False,875.3642,7.83
1170,873,872.5518,-0.4482,1415.166,1,3165.4646,True,False,875.3642,7.83
1171,873,875.1841,2.1841,1417.3501,3,2459.0783,False,False,875.3642,7.83
1172,873,873.7542,0.7542,1418.1043,14,1478.9005,False,False,875.3642,7.83
1173,873,871.8738,-1.1262,1419.2305,8,3859.2562,True,False,875.3642,7.83
1174,873,873.758,0.758,1419.9885,9,1285.0551,False,False,875.3642,7.83
1175,873,871.1663,-1.8337,1421.8222,42,4348.4634,False,False,875.3642,7.83
1176,873,873.7756,0.7756,1422.5978,1,2470.3313,True,True,875.3642,7.83
1177,873,871.8029,-1.1971,1423.795,29,3254.5169,False,False,875.3642,7.83
1178,873,872.5264,-0.4736,1424.2686,37,4189.3609,False,False,875.3642,7.83
1179,873,872.0873,-0.9127,1425.1813,15,4906.8322,True,False,875.3642,7.83
1180,873,874.1173,1.1173,1426.2986,4,5154.5384,False,False,875.3642,7.83
1181,873,874.1573,1.1573,1427.4559,43,2918.7067,False,False,875.3642,7.83
1182,873,873.9688,0.9688,1428.4247,7,5456.5935,True,False,875.3642,7.83
1183,873,873.317,0.317,1428.7417,7,3122.8798,False,False,875.3642,7.83
1184,873,874.2636,1.2636,1430.0052,4,4388.125,False,True,875.3642,7.83
1185,873,871.356,-1.644,1431.6493,4,5798.4718,True,False,875.3642,7.83
1186,873,873.689,0.689,1432.3382,3,5129.8546,False,False,875.3642,7.83
1187,873,871.7192,-1.2808,1433.619,11,4681.2743,False,False,875.3642,7.83
1188,873,875.6263,2.6263,1436.2454,0,5876.8288,True,False,875.3642,7.83
1189,873,874.0315,1.0315,1437.2769,0,2707.2022,False,False,875.3642,7.83
1190,873,874.7685,1.7685,1439.0453,54,5338.7743,False,False,875.3642,7.83
1191,873,873.2112,0.2112,1439.2565,13,3662.4234,True,False,875.3642,7.83
1192,873,872.849,-0.151,1439.4075,1,1210.7158,False,True,875.3642,7.83
1193,873,872.65,-0.35,1439.7575,2,822.8643,False,False,875.3642,7.83
1194,873,870.4726,-2.5274,1442.2849,4,205.2597,True,False,875.3642,7.83
1195,873,872.8493,-0.1507,1442.4357,3,1184.6526,False,False,875.3642,7.83
1196,873,870.8521,-2.1479,1444.5836,4,4350.9429,False,False,875.3642,7.83
1197,873,877.9344,4.9344,1449.518,2,1281.5538,True,False,875.3642,7.83
1198,873,870.892,-2.108,1451.626,13,4936.1149,False,False,875.3642,7.83
1199,873,872.6484,-0.3516,1451.9775,2,2017.9696,False,False,875.3642,7.83
1200,873,873.6492,0.6492,1452.6267,26,4789.8532,True,True,875.3642,7.83
1201,873,873.7811,0.7811,1453.4077,2,4775.0519,False,False,875.3642,7.83
1202,873,872.4304,-0.5696,1453.9774,24,1964.535,False,False,875.3642,7.83
1203,873,871.2921,-1.7079,1455.6853,13,4479.9306,True,False,875.3642,7.83
1204,873,875.7767,2.7767,1458.462,13,5668.0583,False,False,875.3642,7.83
1205,873,873.3077,0.3077,1458.7697,18,5480.2502,False,False,875.3642,7.83
1206,873,874.9415,1.9415,1460.7111,0,2465.3764,True,False,875.3642,7.83
1207,873,875.11,2.11,1462.8212,12,633.5551,False,False,875.3642,7.83
1208,873,872.3462,-0.6538,1463.475,5,2529.1391,False,True,875.3642,7.83
1209,873,872.7819,-0.2181,1463.6931,10,2425.7177,True,False,875.3642,7.83
1210,873,874.8377,1.8377,1465.5307,5,4337.8977,False,False,875.3642,7.83
1211,873,874.5283,1.5283,1467.059,1,1953.5342,False,False,875.3642,7.83
1212,873,872.319,-0.681,1467.74,6,2147.998,True,False,875.3642,7.83
1213,873,875.1842,2.1842,1469.9241,5,5552.1823,False,False,875.3642,7.83
1214,873,872.3849,-0.6151,1470.5393,48,2722.1846,False,False,875.3642,7.83
1215,873,874.2179,1.2179,1471.7571,43,4051.5022,True,False,875.3642,7.83
1216,873,870.3073,-2.6927,1474.4499,3,2112.6972,False,True,875.3642,7.83
1217,873,873.4276,0.4276,1474.8775,3,4595.457,False,False,875.3642,7.83
1218,873,874.1662,1.1662,1476.0437,4,1948.659,True,False,875.3642,7.83
1219,873,873.0281,0.0281,1476.0718,5,1804.7445,False,False,875.3642,7.83
1220,873,871.8114,-1.1886,1477.2605,43,5013.0084,False,False,875.3642,7.83
1221,873,875.5963,2.5963,1479.8568,4,10.1545,True,False,875.3642,7.83
1222,873,874.2399,1.2399,1481.0967,8,3013.5781,False,False,875.3642,7.83
1223,873,873.3068,0.3068,1481.4034,60,2272.8863,False,False,875.3642,7.83
1224,873,874.2921,1.2921,1482.6956,1,1272.7711,True,True,875.3642,7.83
1225,873,873.6967,0.6967,1483.3922,52,78.5576,False,False,875.3642,7.83
1226,873,873.2076,0.2076,1483.5998,31,1439.6006,False,False,875.3642,7.83
1227,873,874.3462,1.3462,1484.9461,1,1885.6186,True,False,875.3642,7.83
1228,873,871.0304,-1.9696,1486.9157,77,1523.425,False,False,875.3642,7.83
1229,873,872.7108,-0.2892,1487.2048,3,1380.1315,False,False,875.3642,7.83
1230,873,875.0713,2.0713,1489.2761,30,337.4458,True,False,875.3642,7.83
1231,873,874.4676,1.4676,1490.7437,2,5771.9002,False,False,875.3642,7.83
1232,873,871.9705,-1.0295,1491.7732,5,1097.79,False,True,875.3642,7.83
1233,873,872.5245,-0.4755,1492.2487,12,1032.6337,True,False,875.3642,7.83
1234,873,870.1924,-2.8076,1495.0564,23,2277.8803,False,False,875.3642,7.83
1235,873,873.2585,0.2585,1495.3149,27,4118.8159,False,False,875.3642,7.83
1236,873,873.1892,0.1892,1495.504,4,2436.0425,True,False,875.3642,7.83
1237,873,874.315,1.315,1496.819,1,1923.7071,False,False,875.3642,7.83
1238,873,872.3489,-0.6511,1497.4701,28,4614.0024,False,False,875.3642,7.83
1239,873,871.9498,-1.0502,1498.5204,4,3602.9082,True,False,875.3642,7.83
1240,873,872.6709,-0.3291,1498.8495,8,4898.585,False,True,875.3642,7.83
1241,873,874.1061,1.1061,1499.9556,19,2401.1787,False,False,875.3642,7.83
1242,873,874.1573,1.1573,1501.1129,53,3375.6265,True,False,875.3642,7.83
1243,873,875.0534,2.0534,1503.1664,71,327.4957,False,False,875.3642,7.83
1244,873,873.5454,0.5454,1503.7117,6,1251.6872,False,False,875.3642,7.83
1245,873,869.9885,-3.0115,1506.7232,36,5065.741,True,False,875.3642,7.83
1246,873,871.4505,-1.5495,1508.2727,20,4354.2878,False,False,875.3642,7.83
1247,873,873.2575,0.2575,1508.5302,29,6121.7736,False,False,875.3642,7.83
1248,873,875.0992,2.0992,1510.6294,42,1269.3704,True,True,875.3642,7.83
1249,873,871.9036,-1.0964,1511.7259,22,4318.2601,False,False,875.3642,7.83
1250,873,871.8366,-1.1634,1512.8893,2,72.0685,False,False,875.3642,7.83
1251,873,872.7464,-0.2536,1513.1429,14,2391.9557,True,False,875.3642,7.83
1252,873,872.645,-0.355,1513.4979,3,758.8687,False,False,875.3642,7.83
1253,873,874.2408,1.2408,1514.7387,35,4458.0501,False,False,875.3642,7.83
1254,873,874.8605,1.8605,1516.5992,43,4639.3303,True,False,875.3642,7.83
1255,873,873.4738,0.4738,1517.073,6,274.9235,False,False,875.3642,7.83
1256,873,875.1264,2.1264,1519.1994,13,5625.5681,False,True,875.3642,7.83
1257,873,871.8451,-1.1549,1520.3542,7,1513.1727,True,False,875.3642,7.83
1258,873,873.6875,0.6875,1521.0417,55,5764.5863,False,False,875.3642,7.83
1259,873,872.7362,-0.2638,1521.3055,23,1158.9147,False,False,875.3642,7.83
1260,873,873.4376,0.4376,1521.7432,18,1033.9022,True,False,875.3642,7.83
1261,873,873.2491,0.2491,1521.9923,5,1444.2852,False,False,875.3642,7.83
1262,873,873.6547,0.6547,1522.647,5,5636.5985,False,False,875.3642,7.83
1263,873,873.3608,0.3608,1523.0078,19,270.6716,True,False,875.3642,7.83
1264,873,872.9621,-0.0379,1523.0458,7,4171.6467,False,True,875.3642,7.83
1265,873,872.0354,-0.9646,1524.0104,51,2610.4591,False,False,875.3642,7.83
1266,873,871.9641,-1.0359,1525.0463,6,4366.6249,True,False,875.3642,7.83
1267,873,874.3283,1.3283,1526.3746,5,5220.3738,False,False,875.3642,7.83
1268,873,872.3554,-0.6446,1527.0193,21,1844.6578,False,False,875.3642,7.83
1269,873,875.0754,2.0754,1529.0947,3,3183.6266,True,False,875.3642,7.83
1270,873,872.0749,-0.9251,1530.0198,2,3439.1654,False,False,875.3642,7.83
1271,873,873.7062,0.7062,1530.7261,42,2165.3455,False,False,875.3642,7.83
1272,873,873.0277,0.0277,1530.7537,10,4267.6449,True,True,875.3642,7.83
1273,873,873.2023,0.2023,1530.9561,15,2724.5527,False,False,875.3642,7.83
1274,873,872.7625,-0.2375,1531.1935,9,4380.4111,False,False,875.3642,7.83
1275,873,873.6044,0.6044,1531.7979,3,2244.604,True,False,875.3642,7.83
1276,873,872.2598,-0.7402,1532.5381,9,3069.4904,False,False,875.3642,7.83
1277,873,873.3112,0.3112,1532.8494,1,5733.6198,False,False,875.3642,7.83
1278,873,873.0994,0.0994,1532.9488,5,1012.8417,True,False,875.3642,7.83
1279,873,870.0698,-2.9302,1535.8789,4,1171.7435,False,False,875.3642,7.83
1280,873,873.8902,0.8902,1536.7691,6,5492.5658,False,True,875.3642,7.83
1281,873,871.5492,-1.4508,1538.2199,3,749.5251,True,False,875.3642,7.83
1282,873,872.0874,-0.9126,1539.1325,14,1604.9651,False,False,875.3642,7.83
1283,873,873.039,0.039,1539.1715,21,2662.0369,False,False,875.3642,7.83
1284,873,871.318,-1.682,1540.8536,13,1954.9556,True,False,875.3642,7.83
1285,873,873.0602,0.0602,1540.9137,21,4478.4829,False,False,875.3642,7.83
1286,873,875.5199,2.5199,1543.4336,15,4078.8344,False,False,875.3642,7.83
1287,873,872.7025,-0.2975,1543.7311,18,5513.1836,True,False,875.3642,7.83
1288,873,871.0166,-1.9834,1545.7146,4,2635.6472,False,True,875.3642,7.83
1289,873,876.2959,3.2959,1549.0104,20,2026.0069,False,False,875.3642,7.83
1290,873,870.5708,-2.4292,1551.4396,34,5787.8458,True,False,875.3642,7.83
1291,873,873.8172,0.8172,1552.2568,2,191.4845,False,False,875.3642,7.83
1292,873,873.941,0.941,1553.1978,35,3187.0203,False,False,875.3642,7.83
1293,873,872.47,-0.53,1553.7278,72,5306.2875,True,False,875.3642,7.83
1294,873,870.9894,-2.0106,1555.7384,2,3041.7228,False,False,875.3642,7.83
1295,873,873.4096,0.4096,1556.148,12,2646.5915,False,False,875.3642,7.83
1296,873,872.4443,-0.5557,1556.7037,43,2490.312,True,True,875.3642,7.83
1297,873,869.2863,-3.7137,1560.4175,36,5762.4705,False,False,875.3642,7.83
1298,873,875.3579,2.3579,1562.7753,5,4461.4022,False,False,875.3642,7.83
1299,873,873.3604,0.3604,1563.1357,7,21.5382,True,False,875.3642,7.83
1300,873,874.3431,1.3431,1564.4788,69,325.2604,False,False,875.3642,7.83
1301,873,873.746,0.746,1565.2248,50,4093.1116,False,False,875.3642,7.83
1302,873,872.8858,-0.1142,1565.339,7,3259.6658,True,False,875.3642,7.83
1303,873,872.3785,-0.6215,1565.9605,2,5936.5079,False,False,875.3642,7.83
1304,873,873.0679,0.0679,1566.0284,13,4677.9937,False,True,875.3642,7.83
1305,873,873.5215,0.5215,1566.5499,0,866.5029,True,False,875.3642,7.83
1306,873,875.6819,2.6819,1569.2318,68,276.3998,False,False,875.3642,7.83
1307,873,872.4509,-0.5491,1569.7809,43,1613.2021,False,False,875.3642,7.83
1308,873,873.2122,0.2122,1569.9931,13,3245.6162,True,False,875.3642,7.83
1309,873,872.4893,-0.5107,1570.5038,8,3760.5996,False,False,875.3642,7.83
1310,873,874.5051,1.5051,1572.0089,4,904.9314,False,False,875.3642,7.83
1311,873,874.0461,1.0461,1573.0551,23,4164.3867,True,False,875.3642,7.83
1312,873,876.2404,3.2404,1576.2955,6,5444.0617,False,True,875.3642,7.83
1313,873,872.9483,-0.0517,1576.3472,2,5250.0281,False,False,875.3642,7.83
1314,873,873.2623,0.2623,1576.6094,6,3936.4718,True,False,875.3642,7.83
1315,873,874.9927,1.9927,1578.6022,20,4494.127,False,False,875.3642,7.83
1316,873,875.4163,2.4163,1581.0185,2,1775.0264,False,False,875.3642,7.83
1317,873,871.627,-1.373,1582.3915,7,5197.6852,True,False,875.3642,7.83
1318,873,873.4305,0.4305,1582.8219,28,1096.1052,False,False,875.3642,7.83
1319,873,874.5506,1.5506,1584.3725,7,5512.6334,False,False,875.3642,7.83
1320,873,872.2745,-0.7255,1585.0981,83,5903.7552,True,True,875.3642,7.83
1321,873,872.3114,-0.6886,1585.7867,49,4646.1115,False,False,875.3642,7.83
1322,873,871.0833,-1.9167,1587.7034,2,4042.7654,False,False,875.3642,7.83
1323,873,869.2626,-3.7374,1591.4408,66,5863.9905,True,False,875.3642,7.83
1324,873,872.2027,-0.7973,1592.2381,0,6112.788,False,False,875.3642,7.83
1325,873,874.5327,1.5327,1593.7709,0,2646.7695,False,False,875.3642,7.83
1326,873,874.4365,1.4365,1595.2073,20,2289.7902,True,False,875.3642,7.83
1327,873,874.0231,1.0231,1596.2304,7,411.5864,False,False,875.3642,7.83
1328,873,871.9849,-1.0151,1597.2455,1,5624.3158,False,True,875.3642,7.83
1329,873,871.909,-1.091,1598.3365,21,1828.7347,True,False,875.3642,7.83
1330,873,872.8897,-0.1103,1598.4468,15,41.1249,False,False,875.3642,7.83
1331,873,871.5686,-1.4314,1599.8782,1,5040.2357,False,False,875.3642,7.83
1332,873,872.5726,-0.4274,1600.3056,1,3238.6969,True,False,875.3642,7.83
1333,873,872.5675,-0.4325,1600.7381,3,4038.5787,False,False,875.3642,7.83
1334,873,873.7208,0.7208,1601.4589,51,5343.6136,False,False,875.3642,7.83
1335,873,874.5686,1.5686,1603.0275,0,4244.804,True,False,875.3642,7.83
1336,873,872.8403,-0.1597,1603.1873,4,257.8778,False,True,875.3642,7.83
1337,873,874.2684,1.2684,1604.4557,0,632.754,False,False,875.3642,7.83
1338,873,873.0265,0.0265,1604.4822,34,1383.1629,True,False,875.3642,7.83
1339,873,873.0775,0.0775,1604.5597,8,2102.9499,False,False,875.3642,7.83
1340,873,869.8791,-3.1209,1607.6807,8,3546.087,False,False,875.3642,7.83
1341,873,873.6712,0.6712,1608.3519,5,2244.6386,True,False,875.3642,7.83
1342,873,872.6863,-0.3137,1608.6655,17,2592.0155,False,False,875.3642,7.83
1343,873,871.0837,-1.9163,1610.5819,4,6103.3652,False,False,875.3642,7.83
1344,873,872.4251,-0.5749,1611.1567,12,5585.2761,True,True,875.3642,7.83
1345,873,871.4948,-1.5052,1612.662,0,2156.2877,False,False,875.3642,7.83
1346,873,873.5051,0.5051,1613.1671,10,5791.206,False,False,875.3642,7.83
1347,873,873.8332,0.8332,1614.0003,2,5804.8972,True,False,875.3642,7.83
1348,873,870.4325,-2.5675,1616.5678,12,1344.9218,False,False,875.3642,7.83
1349,873,871.3654,-1.6346,1618.2024,8,730.535,False,False,875.3642,7.83
1350,873,870.4883,-2.5117,1620.714,52,4855.9356,True,False,875.3642,7.83
1351,873,872.9278,-0.0722,1620.7863,3,138.1414,False,False,875.3642,7.83
1352,873,871.5648,-1.4352,1622.2214,0,2416.3374,False,True,875.3642,7.83
1353,873,874.3264,1.3264,1623.5479,21,2694.1176,True,False,875.3642,7.83
1354,873,874.614,1.614,1625.1619,24,4759.0631,False,False,875.3642,7.83
1355,873,874.5102,1.5102,1626.672,11,47.4755,False,False,875.3642,7.83
1356,873,869.4124,-3.5876,1630.2597,2,2034.9454,True,False,875.3642,7.83
1357,873,874.4357,1.4357,1631.6953,3,4209.8538,False,False,875.3642,7.83
1358,873,874.2979,1.2979,1632.9932,13,2609.2594,False,False,875.3642,7.83
1359,873,871.8174,-1.1826,1634.1758,30,4021.3306,True,False,875.3642,7.83
1360,873,873.348,0.348,1634.5238,28,4386.6143,False,True,875.3642,7.83
1361,873,872.3816,-0.6184,1635.1422,4,884.6373,False,False,875.3642,7.83
1362,873,872.7494,-0.2506,1635.3929,2,4877.4858,True,False,875.3642,7.83
1363,873,871.4653,-1.5347,1636.9276,8,1113.5739,False,False,875.3642,7.83
1364,873,872.9125,-0.0875,1637.0151,23,773.4497,False,False,875.3642,7.83
1365,873,871.6054,-1.3946,1638.4097,46,1543.0937,True,False,875.3642,7.83
1366,873,870.8386,-2.1614,1640.5711,6,5971.8748,False,False,875.3642,7.83
1367,873,874.6433,1.6433,1642.2144,5,1854.2506,False,False,875.3642,7.83
1368,873,873.2863,0.2863,1642.5007,2,3052.6545,True,True,875.3642,7.83
1369,873,871.7227,-1.2773,1643.778,5,6150.0678,False,False,875.3642,7.83
1370,873,873.3807,0.3807,1644.1587,12,549.589,False,False,875.3642,7.83
1371,873,871.5073,-1.4927,1645.6514,8,3651.2784,True,False,875.3642,7.83
1372,873,873.9114,0.9114,1646.5627,4,1058.1311,False,False,875.3642,7.83
1373,873,872.6612,-0.3388,1646.9016,0,2592.1683,False,False,875.3642,7.83
1374,873,871.8036,-1.1964,1648.0979,3,5415.1939,True,False,875.3642,7.83
1375,873,874.6171,1.6171,1649.715,1,2521.0999,False,False,875.3642,7.83
1376,873,875.0698,2.0698,1651.7848,2,567.4059,False,True,875.3642,7.83
1377,873,872.7033,-0.2967,1652.0815,0,89.0168,True,False,875.3642,7.83
1378,873,872.4347,-0.5653,1652.6468,1,5131.5907,False,False,875.3642,7.83
1379,873,873.2543,0.2543,1652.9011,40,5606.4545,False,False,875.3642,7.83
1380,873,871.6227,-1.3773,1654.2784,62,5187.4044,True,False,875.3642,7.83
1381,873,871.3125,-1.6875,1655.9659,3,655.8987,False,False,875.3642,7.83
1382,873,872.9631,-0.0369,1656.0028,1,5760.4369,False,False,875.3642,7.83
1383,873,875.3473,2.3473,1658.35,15,4377.1425,True,False,875.3642,7.83
1384,873,873.2083,0.2083,1658.5583,25,2822.8938,False,True,875.3642,7.83
1385,873,876.7833,3.7833,1662.3417,1,5902.688,False,False,875.3642,7.83
1386,873,871.9952,-1.0048,1663.3465,0,3653.2713,True,False,875.3642,7.83
1387,873,874.7062,1.7062,1665.0527,9,6024.44,False,False,875.3642,7.83
1388,873,873.0834,0.0834,1665.1361,5,6105.2272,False,False,875.3642,7.83
1389,873,871.7058,-1.2942,1666.4303,7,192.6617,True,False,875.3642,7.83
1390,873,875.1128,2.1128,1668.5431,17,4866.7724,False,False,875.3642,7.83
1391,873,874.7756,1.7756,1670.3187,40,3789.2651,False,False,875.3642,7.83
1392,873,873.0502,0.0502,1670.3689,3,711.5873,True,True,875.3642,7.83
1393,873,873.2307,0.2307,1670.5995,0,4990.6695,False,False,875.3642,7.83
1394,873,874.0062,1.0062,1671.6058,0,4070.912,False,False,875.3642,7.83
1395,873,873.2879,0.2879,1671.8937,3,799.3176,True,False,875.3642,7.83
1396,873,873.7234,0.7234,1672.6171,31,809.6629,False,False,875.3642,7.83
1397,873,872.9484,-0.0516,1672.6686,17,4320.5079,False,False,875.3642,7.83
1398,873,873.2861,0.2861,1672.9548,42,4668.1388,True,False,875.3642,7.83
1399,873,871.4984,-1.5016,1674.4564,10,4055.3032,False,False,875.3642,7.83
1400,873,873.099,0.099,1674.5553,8,1537.177,False,True,875.3642,7.83
1401,873,872.1788,-0.8212,1675.3766,3,6122.7785,True,False,875.3642,7.83
1402,873,870.9419,-2.0581,1677.4347,0,868.3458,False,False,875.3642,7.83
1403,873,876.2042,3.2042,1680.6388,55,6157.0404,False,False,875.3642,7.83
1404,873,872.5499,-0.4501,1681.0889,13,3365.4618,True,False,875.3642,7.83
1405,873,873.2797,0.2797,1681.3686,87,5115.458,False,False,875.3642,7.83
1406,873,871.9753,-1.0247,1682.3933,7,4742.5652,False,False,875.3642,7.83
1407,873,872.2069,-0.7931,1683.1864,9,5222.2032,True,False,875.3642,7.83
1408,873,870.8152,-2.1848,1685.3712,6,92.9264,False,True,875.3642,7.83
1409,873,871.6566,-1.3434,1686.7146,46,3430.2918,False,False,875.3642,7.83
1410,873,872.0641,-0.9359,1687.6505,17,2381.2781,True,False,875.3642,7.83
1411,873,871.7761,-1.2239,1688.8743,38,3716.8371,False,False,875.3642,7.83
1412,873,870.6551,-2.3449,1691.2192,1,1439.9785,False,False,875.3642,7.83
1413,873,874.5697,1.5697,1692.7889,5,2064.1102,True,False,875.3642,7.83
1414,873,871.5986,-1.4014,1694.1903,13,3275.064,False,False,875.3642,7.83
1415,873,872.8918,-0.1082,1694.2985,1,5549.0825,False,False,875.3642,7.83
1416,873,872.2266,-0.7734,1695.0719,2,3543.5578,True,True,875.3642,7.83
1417,873,872.3036,-0.6964,1695.7682,48,1687.7578,False,False,875.3642,7.83
1418,873,876.6367,3.6367,1699.4049,6,5654.2797,False,False,875.3642,7.83
1419,873,872.6889,-0.3111,1699.716,6,3251.705,True,False,875.3642,7.83
1420,873,871.3911,-1.6089,1701.3249,3,3849.4933,False,False,875.3642,7.83
1421,873,872.6449,-0.3551,1701.68,3,4268.9187,False,False,875.3642,7.83
1422,873,872.9689,-0.0311,1701.7111,17,3157.2363,True,False,875.3642,7.83
1423,873,871.6062,-1.3938,1703.1049,4,3832.1114,False,False,875.3642,7.83
1424,873,872.8547,-0.1453,1703.2502,68,5631.4568,False,True,875.3642,7.83
1425,873,871.0678,-1.9322,1705.1824,1,4376.6988,True,False,875.3642,7.83
1426,873,874.1083,1.1083,1706.2908,2,5244.7441,False,False,875.3642,7.83
1427,873,871.8247,-1.1753,1707.4661,12,2423.4108,False,False,875.3642,7.83
1428,873,874.5342,1.5342,1709.0003,7,730.601,True,False,875.3642,7.83
1429,873,872.4419,-0.5581,1709.5584,10,286.7338,False,False,875.3642,7.83
1430,873,873.855,0.855,1710.4134,0,5178.7705,False,False,875.3642,7.83
1431,873,876.5152,3.5152,1713.9286,4,5738.0461,True,False,875.3642,7.83
1432,873,874.6892,1.6892,1715.6178,4,5415.9188,False,True,875.3642,7.83
1433,873,876.9886,3.9886,1719.6063,5,3198.6769,False,False,875.3642,7.83
1434,873,870.9917,-2.0083,1721.6147,25,2702.2992,True,False,875.3642,7.83
1435,873,872.8607,-0.1393,1721.754,81,3535.5723,False,False,875.3642,7.83
1436,873,875.3765,2.3765,1724.1305,33,5215.0539,False,False,875.3642,7.83
1437,873,871.1126,-1.8874,1726.0179,8,4941.9686,True,False,875.3642,7.83
1438,873,873.6116,0.6116,1726.6296,17,5779.3352,False,False,875.3642,7.83
1439,873,874.5507,1.5507,1728.1802,12,428.8438,False,False,875.3642,7.83
1440,873,871.4193,-1.5807,1729.761,47,1104.3481,True,True,875.3642,7.83
1441,873,874.0837,1.0837,1730.8446,44,1018.2324,False,False,875.3642,7.83
1442,873,872.8976,-0.1024,1730.9471,0,5422.0631,False,False,875.3642,7.83
1443,873,873.3282,0.3282,1731.2752,31,8.4794,True,False,875.3642,7.83
1444,873,871.6587,-1.3413,1732.6165,6,388.4222,False,False,875.3642,7.83
1445,873,872.6035,-0.3965,1733.013,19,4750.8499,False,False,875.3642,7.83
1446,873,871.6025,-1.3975,1734.4105,4,1031.5979,True,False,875.3642,7.83
1447,873,871.0995,-1.9005,1736.311,4,2360.8266,False,False,875.3642,7.83
1448,873,873.4556,0.4556,1736.7666,79,4483.2086,False,True,875.3642,7.83
1449,873,871.8111,-1.1889,1737.9555,15,3756.9848,True,False,875.3642,7.83
1450,873,874.674,1.674,1739.6295,7,3177.8985,False,False,875.3642,7.83
1451,873,873.2252,0.2252,1739.8547,5,4724.541,False,False,875.3642,7.83
1452,873,872.3355,-0.6645,1740.5192,81,6124.2138,True,False,875.3642,7.83
1453,873,872.3603,-0.6397,1741.1589,52,3558.4956,False,False,875.3642,7.83
1454,873,868.9833,-4.0167,1745.1756,3,6010.5336,False,False,875.3642,7.83
1455,873,873.7734,0.7734,1745.949,2,3241.5939,True,False,875.3642,7.83
1456,873,872.2344,-0.7656,1746.7146,22,5009.1239,False,True,875.3642,7.83
1457,873,873.3991,0.3991,1747.1136,7,2589.9413,False,False,875.3642,7.83
1458,873,872.1528,-0.8472,1747.9609,73,1415.5053,True,False,875.3642,7.83
1459,873,871.6337,-1.3663,1749.3272,1,785.3943,False,False,875.3642,7.83
1460,873,872.8578,-0.1422,1749.4694,0,5839.5021,False,False,875.3642,7.83
1461,873,872.1459,-0.8541,1750.3236,16,906.8233,True,False,875.3642,7.83
1462,873,874.0431,1.0431,1751.3667,3,4406.5856,False,False,875.3642,7.83
1463,873,875.2197,2.2197,1753.5864,18,4858.3204,False,False,875.3642,7.83
1464,873,873.7205,0.7205,1754.307,3,5746.3976,True,True,875.3642,7.83
1465,873,872.4886,-0.5114,1754.8184,0,2988.9862,False,False,875.3642,7.83
1466,873,875.2704,2.2704,1757.0887,30,1437.9315,False,False,875.3642,7.83
1467,873,872.9428,-0.0572,1757.1459,6,2055.8786,True,False,875.3642,7.83
1468,873,870.9913,-2.0087,1759.1547,5,3350.2754,False,False,875.3642,7.83
1469,873,874.0382,1.0382,1760.1929,23,5858.6968,False,False,875.3642,7.83
1470,873,871.4459,-1.5541,1761.747,1,2823.1126,True,False,875.3642,7.83
1471,873,871.6099,-1.3901,1763.1371,3,4938.3814,False,False,875.3642,7.83
1472,873,872.5435,-0.4565,1763.5935,49,2655.2062,False,True,875.3642,7.83
1473,873,872.0302,-0.9698,1764.5633,31,1119.2289,True,False,875.3642,7.83
1474,873,871.4287,-1.5713,1766.1346,10,2532.1461,False,False,875.3642,7.83
1475,873,875.5093,2.5093,1768.6439,5,3088.6527,False,False,875.3642,7.83
1476,873,874.225,1.225,1769.8689,7,659.6785,True,False,875.3642,7.83
1477,873,872.1502,-0.8498,1770.7187,2,2865.0356,False,False,875.3642,7.83
1478,873,873.3425,0.3425,1771.0612,29,4888.4354,False,False,875.3642,7.83
1479,873,872.6921,-0.3079,1771.3691,32,1025.1441,True,False,875.3642,7.83
1480,873,871.1551,-1.8449,1773.214,9,4605.777,False,True,875.3642,7.83
1481,873,873.6734,0.6734,1773.8874,4,5622.0432,False,False,875.3642,7.83
1482,873,872.2766,-0.7234,1774.6108,1,1009.2783,True,False,875.3642,7.83
1483,873,874.2202,1.2202,1775.8311,4,788.6635,False,False,875.3642,7.83
1484,873,873.9411,0.9411,1776.7721,16,1954.5334,False,False,875.3642,7.83
1485,873,872.2193,-0.7807,1777.5528,6,4303.9078,True,False,875.3642,7.83
1486,873,872.9414,-0.0586,1777.6114,77,1727.1397,False,False,875.3642,7.83
1487,873,870.8662,-2.1338,1779.7451,5,3799.6987,False,False,875.3642,7.83
1488,873,872.343,-0.657,1780.4022,19,1972.266,True,True,875.3642,7.83
1489,873,873.3572,0.3572,1780.7594,20,6121.2467,False,False,875.3642,7.83
1490,873,872.1817,-0.8183,1781.5776,65,291.0679,False,False,875.3642,7.83
1491,873,873.5757,0.5757,1782.1534,32,5276.2332,True,False,875.3642,7.83
1492,873,872.41,-0.59,1782.7434,2,1796.8333,False,False,875.3642,7.83
1493,873,873.22,0.22,1782.9634,6,1060.4454,False,False,875.3642,7.83
1494,873,872.3981,-0.6019,1783.5654,28,4027.3509,True,False,875.3642,7.83
1495,873,873.5645,0.5645,1784.1298,3,1562.1659,False,False,875.3642,7.83
1496,873,873.1552,0.1552,1784.285,2,1328.4154,False,True,875.3642,7.83
1497,873,873.1592,0.1592,1784.4442,12,1246.1992,True,False,875.3642,7.83
1498,873,872.7602,-0.2398,1784.684,4,4775.2012,False,False,875.3642,7.83
1499,873,874.6382,1.6382,1786.3221,12,831.0856,False,False,875.3642,7.83
1500,873,872.987,-0.013,1786.3351,2,1017.6215,True,False,875.3642,7.83
1501,873,871.4952,-1.5048,1787.8399,13,5686.5252,False,False,875.3642,7.83
1502,873,873.64,0.64,1788.4799,41,1606.027,False,False,875.3642,7.83
1503,873,874.6957,1.6957,1790.1756,5,344.4802,True,False,875.3642,7.83
1504,873,875.0854,2.0854,1792.261,7,2529.7613,False,True,875.3642,7.83
1505,873,873.8451,0.8451,1793.1062,22,4407.899,False,False,875.3642,7.83
1506,873,874.7926,1.7926,1794.8988,4,653.0269,True,False,875.3642,7.83
1507,873,874.0387,1.0387,1795.9375,4,4794.278,False,False,875.3642,7.83
1508,873,872.4576,-0.5424,1796.4799,3,4479.4934,False,False,875.3642,7.83
1509,873,873.631,0.631,1797.1108,17,4067.6517,True,False,875.3642,7.83
1510,873,873.4098,0.4098,1797.5207,33,1450.889,False,False,875.3642,7.83
1511,873,870.8595,-2.1405,1799.6612,6,1669.4873,False,False,875.3642,7.83
1512,873,873.3754,0.3754,1800.0366,0,3720.9829,True,True,875.3642,7.83
1513,873,875.2357,2.2357,1802.2723,31,3725.4303,False,False,875.3642,7.83
1514,873,874.8643,1.8643,1804.1366,15,3814.9253,False,False,875.3642,7.83
1515,873,872.2689,-0.7311,1804.8677,0,629.8417,True,False,875.3642,7.83
1516,873,873.7664,0.7664,1805.6341,3,1466.6662,False,False,875.3642,7.83
1517,873,873.001,0.001,1805.6351,4,204.6763,False,False,875.3642,7.83
1518,873,873.3775,0.3775,1806.0126,19,3834.3509,True,False,875.3642,7.83
1519,873,871.8998,-1.1002,1807.1128,2,5118.0352,False,False,875.3642,7.83
1520,873,873.0174,0.0174,1807.1302,1,538.6827,False,True,875.3642,7.83
1521,873,873.1733,0.1733,1807.3034,6,6132.0908,True,False,875.3642,7.83
1522,873,873.4449,0.4449,1807.7483,18,224.4671,False,False,875.3642,7.83
1523,873,872.9379,-0.0621,1807.8104,4,2091.6363,False,False,875.3642,7.83
1524,873,874.3314,1.3314,1809.1418,48,3903.4486,True,False,875.3642,7.83
1525,873,872.2919,-0.7081,1809.8499,11,5841.0059,False,False,875.3642,7.83
1526,873,873.0452,0.0452,1809.8952,0,5884.7105,False,False,875.3642,7.83
1527,873,872.4369,-0.5631,1810.4582,16,3601.7268,True,False,875.3642,7.83
1528,873,871.5365,-1.4635,1811.9218,26,3546.0976,False,True,875.3642,7.83
1529,873,875.5815,2.5815,1814.5032,2,5718.5609,False,False,875.3642,7.83
1530,873,874.277,1.277,1815.7803,8,1169.3913,True,False,875.3642,7.83
1531,873,874.3779,1.3779,1817.1581,1,2870.9936,False,False,875.3642,7.83
1532,873,872.1107,-0.8893,1818.0474,85,5564.1274,False,False,875.3642,7.83
1533,873,875.0436,2.0436,1820.091,79,5796.7079,True,False,875.3642,7.83
1534,873,871.2004,-1.7996,1821.8906,45,6072.4829,False,False,875.3642,7.83
1535,873,873.0444,0.0444,1821.9351,7,2698.9226,False,False,875.3642,7.83
1536,873,871.7568,-1.2432,1823.1782,3,4850.3235,True,True,875.3642,7.83
1537,873,874.0661,1.0661,1824.2443,20,1531.1293,False,False,875.3642,7.83
1538,873,873.304,0.304,1824.5483,13,576.4072,False,False,875.3642,7.83
1539,873,869.4843,-3.5157,1828.064,7,3835.1761,True,False,875.3642,7.83
1540,873,877.9836,4.9836,1833.0476,41,1353.8223,False,False,875.3642,7.83
1541,873,870.8495,-2.1505,1835.1981,3,3908.478,False,False,875.3642,7.83
1542,873,871.3314,-1.6686,1836.8667,8,5897.4824,True,False,875.3642,7.83
1543,873,871.7176,-1.2824,1838.1491,16,510.2573,False,False,875.3642,7.83
1544,873,873.7636,0.7636,1838.9126,13,4369.7291,False,True,875.3642,7.83
1545,873,872.8527,-0.1473,1839.06,3,1947.0023,True,False,875.3642,7.83
1546,873,876.2215,3.2215,1842.2815,2,5857.5076,False,False,875.3642,7.83
1547,873,868.9285,-4.0715,1846.353,23,4257.0137,False,False,875.3642,7.83
1548,873,870.2664,-2.7336,1849.0866,41,5583.2054,True,False,875.3642,7.83
1549,873,872.2358,-0.7642,1849.8508,2,4372.5288,False,False,875.3642,7.83
1550,873,872.8963,-0.1037,1849.9546,3,463.9241,False,False,875.3642,7.83
1551,873,876.2652,3.2652,1853.2197,9,2628.5828,True,False,875.3642,7.83
1552,873,873.9596,0.9596,1854.1793,4,2922.9488,False,True,875.3642,7.83
1553,873,875.4767,2.4767,1856.656,31,4280.5404,False,False,875.3642,7.83
1554,873,873.6756,0.6756,1857.3316,20,2877.4888,True,False,875.3642,7.83
1555,873,871.9367,-1.0633,1858.3949,13,5305.7393,False,False,875.3642,7.83
1556,873,872.9471,-0.0529,1858.4478,2,516.5715,False,False,875.3642,7.83
1557,873,873.5062,0.5062,1858.954,0,5246.0114,True,False,875.3642,7.83
1558,873,875.2563,2.2563,1861.2103,71,4092.2374,False,False,875.3642,7.83
1559,873,873.366,0.366,1861.5762,6,1450.9135,False,False,875.3642,7.83
1560,873,873.8515,0.8515,1862.4277,9,3453.2997,True,True,875.3642,7.83
1561,873,874.5849,1.5849,1864.0126,11,6121.9696,False,False,875.3642,7.83
1562,873,872.6553,-0.3447,1864.3573,8,3141.3395,False,False,875.3642,7.83
1563,873,872.2274,-0.7726,1865.13,6,1090.5183,True,False,875.3642,7.83
1564,873,872.4168,-0.5832,1865.7132,14,2662.6186,False,False,875.3642,7.83
1565,873,873.5681,0.5681,1866.2813,2,2487.9543,False,False,875.3642,7.83
1566,873,872.685,-0.315,1866.5963,5,2240.2591,True,False,875.3642,7.83
1567,873,873.3183,0.3183,1866.9145,0,4599.5833,False,False,875.3642,7.83
1568,873,870.7919,-2.2081,1869.1226,5,4561.6048,False,True,875.3642,7.83
1569,873,873.5947,0.5947,1869.7174,15,145.6719,True,False,875.3642,7.83
1570,873,871.7381,-1.2619,1870.9793,7,6161.1323,False,False,875.3642,7.83
1571,873,876.3038,3.3038,1874.2831,8,2565.2992,False,False,875.3642,7.83
1572,873,871.9637,-1.0363,1875.3194,54,4975.8537,True,False,875.3642,7.83
1573,873,872.7469,-0.2531,1875.5725,9,2341.4968,False,False,875.3642,7.83
1574,873,872.7059,-0.2941,1875.8666,1,2271.7958,False,False,875.3642,7.83
1575,873,873.881,0.881,1876.7476,16,4732.5469,True,False,875.3642,7.83
1576,873,873.4556,0.4556,1877.2032,7,5907.377,False,True,875.3642,7.83
1577,873,873.3698,0.3698,1877.573,2,4352.5192,False,False,875.3642,7.83
1578,873,873.6681,0.6681,1878.2411,0,5973.4355,True,False,875.3642,7.83
1579,873,871.4875,-1.5125,1879.7536,11,311.3574,False,False,875.3642,7.83
1580,873,873.2583,0.2583,1880.0119,5,447.929,False,False,875.3642,7.83
1581,873,876.1278,3.1278,1883.1397,8,3994.0179,True,False,875.3642,7.83
1582,873,873.4312,0.4312,1883.5709,19,4417.9567,False,False,875.3642,7.83
1583,873,871.8782,-1.1218,1884.6927,52,4270.4822,False,False,875.3642,7.83
1584,873,874.5757,1.5757,1886.2683,25,425.9497,True,True,875.3642,7.83
1585,873,874.753,1.753,1888.0213,23,5943.976,False,False,875.3642,7.83
1586,873,873.5147,0.5147,1888.536,5,2241.142,False,False,875.3642,7.83
1587,873,874.2519,1.2519,1889.7879,4,1474.3619,True,False,875.3642,7.83
1588,873,873.2375,0.2375,1890.0254,6,1360.6958,False,False,875.3642,7.83
1589,873,872.3245,-0.6755,1890.7009,46,3670.9544,False,False,875.3642,7.83
1590,873,873.7413,0.7413,1891.4422,10,3179.5288,True,False,875.3642,7.83
1591,873,872.5038,-0.4962,1891.9384,3,2623.0379,False,False,875.3642,7.83
1592,873,874.8858,1.8858,1893.8242,3,5621.2407,False,True,875.3642,7.83
1593,873,873.8361,0.8361,1894.6604,2,2425.5977,True,False,875.3642,7.83
1594,873,873.028,0.028,1894.6883,5,885.2079,False,False,875.3642,7.83
1595,873,874.2318,1.2318,1895.9201,1,3935.3486,False,False,875.3642,7.83
1596,873,872.7861,-0.2139,1896.134,0,1304.757,True,False,875.3642,7.83
1597,873,874.0259,1.0259,1897.1599,45,3313.9449,False,False,875.3642,7.83
1598,873,873.992,0.992,1898.1519,2,977.7284,False,False,875.3642,7.83
1599,873,874.3847,1.3847,1899.5366,37,2722.3547,True,False,875.3642,7.83
1600,873,871.6885,-1.3115,1900.8481,3,52.4088,False,True,875.3642,7.83
1601,873,874.4369,1.4369,1902.285,13,3302.2648,False,False,875.3642,7.83
1602,873,872.061,-0.939,1903.224,62,2175.1452,True,False,875.3642,7.83
1603,873,875.1101,2.1101,1905.3342,3,5869.7205,False,False,875.3642,7.83
1604,873,873.9277,0.9277,1906.2618,0,5112.2136,False,False,875.3642,7.83
1605,873,874.5545,1.5545,1907.8164,8,4335.6961,True,False,875.3642,7.83
1606,873,873.6392,0.6392,1908.4556,3,5075.4148,False,False,875.3642,7.83
1607,873,871.0882,-1.9118,1910.3674,3,1702.9577,False,False,875.3642,7.83
1608,873,872.5516,-0.4484,1910.8158,2,4579.0519,True,True,875.3642,7.83
1609,873,870.7279,-2.2721,1913.0879,3,1822.3456,False,False,875.3642,7.83
1610,873,873.2352,0.2352,1913.3231,11,527.8609,False,False,875.3642,7.83
1611,873,875.6891,2.6891,1916.0122,1,5739.6421,True,False,875.3642,7.83
1612,873,873.1688,0.1688,1916.181,37,999.3013,False,False,875.3642,7.83
1613,873,871.7583,-1.2417,1917.4227,17,2692.8779,False,False,875.3642,7.83
1614,873,872.0127,-0.9873,1918.4099,1,4926.2639,True,False,875.3642,7.83
1615,873,871.398,-1.602,1920.0119,0,3965.0193,False,False,875.3642,7.83
1616,873,872.9708,-0.0292,1920.0411,17,2672.2544,False,True,875.3642,7.83
1617,873,874.3902,1.3902,1921.4314,0,4364.9066,True,False,875.3642,7.83
1618,873,874.0359,1.0359,1922.4673,34,4511.0134,False,False,875.3642,7.83
1619,873,871.0081,-1.9919,1924.4591,35,3979.6226,False,False,875.3642,7.83
1620,873,870.8084,-2.1916,1926.6508,4,1036.5586,True,False,875.3642,7.83
1621,873,872.4637,-0.5363,1927.1871,49,2706.0935,False,False,875.3642,7.83
1622,873,873.4651,0.4651,1927.6522,35,1992.8793,False,False,875.3642,7.83
1623,873,873.4443,0.4443,1928.0964,28,676.6905,True,False,875.3642,7.83
1624,873,873.4157,0.4157,1928.5121,3,5069.8919,False,True,875.3642,7.83
1625,873,871.9244,-1.0756,1929.5877,10,1353.4777,False,False,875.3642,7.83
1626,873,870.089,-2.911,1932.4987,81,324.0184,True,False,875.3642,7.83
1627,873,871.8151,-1.1849,1933.6836,21,5912.1718,False,False,875.3642,7.83
1628,873,872.0814,-0.9186,1934.6022,70,388.4208,False,False,875.3642,7.83
1629,873,873.7897,0.7897,1935.3918,1,5422.9279,True,False,875.3642,7.83
1630,873,873.0383,0.0383,1935.4302,3,4150.1922,False,False,875.3642,7.83
1631,873,873.0802,0.0802,1935.5103,7,3744.7204,False,False,875.3642,7.83
1632,873,870.4266,-2.5734,1938.0838,36,1124.77,True,True,875.3642,7.83
1633,873,871.3121,-1.6879,1939.7717,50,4007.7762,False,False,875.3642,7.83
1634,873,874.3873,1.3873,1941.1589,26,221.6723,False,False,875.3642,7.83
1635,873,874.1526,1.1526,1942.3116,14,4810.4337,True,False,875.3642,7.83
1636,873,873.0638,0.0638,1942.3754,0,1776.16,False,False,875.3642,7.83
1637,873,876.764,3.764,1946.1394,11,822.476,False,False,875.3642,7.83
1638,873,873.1428,0.1428,1946.2823,5,5027.991,True,False,875.3642,7.83
1639,873,874.6531,1.6531,1947.9354,1,4775.0158,False,False,875.3642,7.83
1640,873,871.5655,-1.4345,1949.3698,50,6068.7218,False,True,875.3642,7.83
1641,873,874.851,1.851,1951.2209,6,4174.9096,True,False,875.3642,7.83
1642,873,873.2091,0.2091,1951.4299,2,1484.9894,False,False,875.3642,7.83
1643,873,874.7832,1.7832,1953.2131,37,330.3155,False,False,875.3642,7.83
1644,873,872.0336,-0.9664,1954.1795,1,1317.2746,True,False,875.3642,7.83
1645,873,871.6159,-1.3841,1955.5636,1,4811.5659,False,False,875.3642,7.83
1646,873,870.7248,-2.2752,1957.8388,5,2355.6594,False,False,875.3642,7.83
1647,873,871.6215,-1.3785,1959.2173,5,1183.4448,True,False,875.3642,7.83
1648,873,874.4092,1.4092,1960.6266,13,1266.1673,False,True,875.3642,7.83
1649,873,873.4048,0.4048,1961.0314,0,3085.0997,False,False,875.3642,7.83
1650,873,872.4303,-0.5697,1961.6011,6,1123.0464,True,False,875.3642,7.83
1651,873,873.4077,0.4077,1962.0088,43,1126.5692,False,False,875.3642,7.83
1652,873,872.1333,-0.8667,1962.8755,13,3915.5,False,False,875.3642,7.83
1653,873,870.9673,-2.0327,1964.9082,14,449.3889,True,False,875.3642,7.83
1654,873,872.0266,-0.9734,1965.8816,10,5171.7472,False,False,875.3642,7.83
1655,873,871.4757,-1.5243,1967.4059,4,6166.8395,False,False,875.3642,7.83
1656,873,872.0439,-0.9561,1968.362,4,891.35,True,True,875.3642,7.83
1657,873,874.7412,1.7412,1970.1032,5,3267.5456,False,False,875.3642,7.83
1658,873,873.1098,0.1098,1970.2131,2,3254.2756,False,False,875.3642,7.83
1659,873,873.9902,0.9902,1971.2032,7,431.7528,True,False,875.3642,7.83
1660,873,874.4295,1.4295,1972.6327,5,4757.9483,False,False,875.3642,7.83
1661,873,872.9399,-0.0601,1972.6928,8,5955.0958,False,False,875.3642,7.83
1662,873,876.206,3.206,1975.8988,10,3798.0097,True,False,875.3642,7.83
1663,873,872.9265,-0.0735,1975.9722,7,1140.7944,False,False,875.3642,7.83
1664,873,874.5947,1.5947,1977.5669,1,6155.2883,False,True,875.3642,7.83
1665,873,873.0417,0.0417,1977.6087,3,3709.6055,True,False,875.3642,7.83
1666,873,871.7389,-1.2611,1978.8698,9,5157.6089,False,False,875.3642,7.83
1667,873,872.6395,-0.3605,1979.2303,68,769.3417,False,False,875.3642,7.83
1668,873,875.1427,2.1427,1981.373,1,2892.546,True,False,875.3642,7.83
1669,873,874.0805,1.0805,1982.4536,12,5881.4711,False,False,875.3642,7.83
1670,873,872.517,-0.483,1982.9365,17,1874.5482,False,False,875.3642,7.83
1671,873,873.8018,0.8018,1983.7383,3,2849.7232,True,False,875.3642,7.83
1672,873,872.0722,-0.9278,1984.6662,17,1408.6616,False,True,875.3642,7.83
1673,873,873.9238,0.9238,1985.5899,1,562.5041,False,False,875.3642,7.83
1674,873,872.8135,-0.1865,1985.7764,7,3734.6666,True,False,875.3642,7.83
1675,873,872.1766,-0.8234,1986.5998,12,379.9227,False,False,875.3642,7.83
1676,873,874.8697,1.8697,1988.4694,28,2155.6932,False,False,875.3642,7.83
1677,873,873.061,0.061,1988.5304,1,5027.7488,True,False,875.3642,7.83
1678,873,874.8549,1.8549,1990.3853,2,2446.4503,False,False,875.3642,7.83
1679,873,873.345,0.345,1990.7303,0,3178.4472,False,False,875.3642,7.83
1680,873,874.1217,1.1217,1991.852,19,2257.0954,True,True,875.3642,7.83
1681,873,875.5952,2.5952,1994.4472,22,5574.1234,False,False,875.3642,7.83
1682,873,877.3031,4.3031,1998.7503,10,4139.6552,False,False,875.3642,7.83
1683,873,872.8353,-0.1647,1998.9151,19,5572.5813,True,False,875.3642,7.83
1684,873,872.0621,-0.9379,1999.853,9,2405.5881,False,False,875.3642,7.83
1685,873,872.9052,-0.0948,1999.9478,59,524.7655,False,False,875.3642,7.83
1686,873,873.2598,0.2598,2000.2076,9,972.1909,True,False,875.3642,7.83
1687,873,871.7899,-1.2101,2001.4177,5,560.341,False,False,875.3642,7.83
1688,873,872.0738,-0.9262,2002.3439,39,2941.8052,False,True,875.3642,7.83
1689,873,873.1156,0.1156,2002.4595,51,3581.6772,True,False,875.3642,7.83
1690,873,875.257,2.257,2004.7165,0,1979.7122,False,False,875.3642,7.83
1691,873,874.1848,1.1848,2005.9013,32,1222.1795,False,False,875.3642,7.83
1692,873,872.4119,-0.5881,2006.4894,24,626.3043,True,False,875.3642,7.83
1693,873,872.5948,-0.4052,2006.8946,49,5073.3616,False,False,875.3642,7.83
1694,873,873.8456,0.8456,2007.7402,13,4025.4402,False,False,875.3642,7.83
1695,873,874.4217,1.4217,2009.1619,3,1061.2415,True,False,875.3642,7.83
1696,873,871.7851,-1.2149,2010.3768,3,996.302,False,True,875.3642,7.83
1697,873,873.1962,0.1962,2010.573,18,5263.9884,False,False,875.3642,7.83
1698,873,871.3473,-1.6527,2012.2257,1,659.7551,True,False,875.3642,7.83
1699,873,873.7863,0.7863,2013.012,64,2797.4036,False,False,875.3642,7.83
1700,873,872.4529,-0.5471,2013.5591,12,5092.5496,False,False,875.3642,7.83
1701,873,870.7572,-2.2428,2015.8019,1,500.5868,True,False,875.3642,7.83
1702,873,875.0681,2.0681,2017.87,11,400.2748,False,False,875.3642,7.83
1703,873,872.4535,-0.5465,2018.4165,7,5033.9313,False,False,875.3642,7.83
1704,873,870.1457,-2.8543,2021.2708,7,2607.231,True,True,875.3642,7.83
1705,873,873.3719,0.3719,2021.6427,38,4046.157,False,False,875.3642,7.83
1706,873,873.5817,0.5817,2022.2244,4,5601.6907,False,False,875.3642,7.83
1707,873,870.7273,-2.2727,2024.4971,47,5491.218,True,False,875.3642,7.83
1708,873,872.8386,-0.1614,2024.6585,33,1239.7705,False,False,875.3642,7.83
1709,873,871.2474,-1.7526,2026.4111,0,1813.7565,False,False,875.3642,7.83
1710,873,871.8179,-1.1821,2027.5932,29,5936.5396,True,False,875.3642,7.83
1711,873,873.4771,0.4771,2028.0703,5,2207.0814,False,False,875.3642,7.83
1712,873,873.5072,0.5072,2028.5775,3,5726.0249,False,True,875.3642,7.83
1713,873,873.958,0.958,2029.5355,6,5355.0932,True,False,875.3642,7.83
1714,873,873.7788,0.7788,2030.3143,20,4082.451,False,False,875.3642,7.83
1715,873,872.5302,-0.4698,2030.7842,10,1720.5907,False,False,875.3642,7.83
1716,873,874.8,1.8,2032.5842,15,122.66,True,False,875.3642,7.83
1717,873,868.7382,-4.2618,2036.8459,32,1890.9718,False,False,875.3642,7.83
1718,873,873.0709,0.0709,2036.9168,12,887.9748,False,False,875.3642,7.83
1719,873,873.5128,0.5128,2037.4296,13,5951.5441,True,False,875.3642,7.83
1720,873,873.4877,0.4877,2037.9173,12,4707.8906,False,True,875.3642,7.83
1721,873,873.4422,0.4422,2038.3596,5,1615.056,False,False,875.3642,7.83
1722,873,874.1738,1.1738,2039.5334,21,31.003,True,False,875.3642,7.83
1723,873,873.3132,0.3132,2039.8466,14,561.1446,False,False,875.3642,7.83
1724,873,872.6056,-0.3944,2040.241,16,1708.0358,False,False,875.3642,7.83
1725,873,871.4182,-1.5818,2041.8228,9,5895.6777,True,False,875.3642,7.83
1726,873,873.4468,0.4468,2042.2696,0,5593.5331,False,False,875.3642,7.83
1727,873,871.5728,-1.4272,2043.6968,3,5030.131,False,False,875.3642,7.83
1728,873,871.4706,-1.5294,2045.2262,6,3421.954,True,True,875.3642,7.83
1729,873,872.1556,-0.8444,2046.0706,42,5761.5458,False,False,875.3642,7.83
1730,873,871.4812,-1.5188,2047.5894,2,2132.4318,False,False,875.3642,7.83
1731,873,871.4128,-1.5872,2049.1766,1,2662.8055,True,False,875.3642,7.83
1732,873,875.5228,2.5228,2051.6994,40,1159.278,False,False,875.3642,7.83
1733,873,871.9375,-1.0625,2052.7619,13,1374.035,False,False,875.3642,7.83
1734,873,871.4106,-1.5894,2054.3512,5,1921.4976,True,False,875.3642,7.83
1735,873,873.709,0.709,2055.0603,3,4081.4773,False,False,875.3642,7.83
1736,873,871.1507,-1.8493,2056.9096,6,5047.0573,False,True,875.3642,7.83
1737,873,872.3062,-0.6938,2057.6034,17,3006.0374,True,False,875.3642,7.83
1738,873,873.9732,0.9732,2058.5766,46,5074.8427,False,False,875.3642,7.83
1739,873,873.8654,0.8654,2059.442,65,3595.699,False,False,875.3642,7.83
1740,873,872.7199,-0.2801,2059.7221,5,5890.7073,True,False,875.3642,7.83
1741,873,872.6865,-0.3135,2060.0355,74,5263.1992,False,False,875.3642,7.83
1742,873,874.3654,1.3654,2061.4009,4,1747.9868,False,False,875.3642,7.83
1743,873,871.1973,-1.8027,2063.2036,1,4258.9463,True,False,875.3642,7.83
1744,873,874.7756,1.7756,2064.9792,11,5805.9854,False,True,875.3642,7.83
1745,873,872.657,-0.343,2065.3222,67,2766.1052,False,False,875.3642,7.83
1746,873,874.2414,1.2414,2066.5637,4,3077.2299,True,False,875.3642,7.83
1747,873,872.5131,-0.4869,2067.0506,89,4370.2878,False,False,875.3642,7.83
1748,873,872.4638,-0.5362,2067.5868,57,1669.3311,False,False,875.3642,7.83
1749,873,872.3557,-0.6443,2068.2311,2,1514.3941,True,False,875.3642,7.83
1750,873,873.351,0.351,2068.582,59,3941.5129,False,False,875.3642,7.83
1751,873,872.9547,-0.0453,2068.6273,67,403.0203,False,False,875.3642,7.83
1752,873,874.8013,1.8013,2070.4286,7,3801.5157,True,True,875.3642,7.83
1753,873,871.1327,-1.8673,2072.2959,5,4949.7749,False,False,875.3642,7.83
1754,873,873.3526,0.3526,2072.6484,0,4796.8875,False,False,875.3642,7.83
1755,873,872.5624,-0.4376,2073.086,11,1936.2654,True,False,875.3642,7.83
1756,873,874.7146,1.7146,2074.8006,19,830.3536,False,False,875.3642,7.83
1757,873,871.7301,-1.2699,2076.0705,24,5546.0759,False,False,875.3642,7.83
1758,873,874.9192,1.9192,2077.9898,77,5658.9532,True,False,875.3642,7.83
1759,873,873.2653,0.2653,2078.2551,7,3248.2196,False,False,875.3642,7.83
1760,873,872.6082,-0.3918,2078.6469,0,5317.6741,False,True,875.3642,7.83
1761,873,873.8573,0.8573,2079.5042,7,3707.0545,True,False,875.3642,7.83
1762,873,872.2294,-0.7706,2080.2748,7,629.7266,False,False,875.3642,7.83
1763,873,873.8397,0.8397,2081.1145,5,3448.2208,False,False,875.3642,7.83
1764,873,871.1088,-1.8912,2083.0057,20,587.9414,True,False,875.3642,7.83
1765,873,872.8085,-0.1915,2083.1972,9,2421.7944,False,False,875.3642,7.83
1766,873,876.3436,3.3436,2086.5407,14,1347.8236,False,False,875.3642,7.83
1767,873,872.4793,-0.5207,2087.0615,21,1428.6957,True,False,875.3642,7.83
1768,873,875.0695,2.0695,2089.131,3,852.8505,False,True,875.3642,7.83
1769,873,870.4774,-2.5226,2091.6536,51,2905.6305,False,False,875.3642,7.83
1770,873,874.5725,1.5725,2093.2261,1,4696.6121,True,False,875.3642,7.83
1771,873,871.5754,-1.4246,2094.6507,0,770.7745,False,False,875.3642,7.83
1772,873,870.8744,-2.1256,2096.7763,2,407.707,False,False,875.3642,7.83
1773,873,873.1549,0.1549,2096.9312,1,2727.6765,True,False,875.3642,7.83
1774,873,872.9513,-0.0487,2096.9799,5,2096.4117,False,False,875.3642,7.83
1775,873,872.7158,-0.2842,2097.2641,80,4597.8039,False,False,875.3642,7.83
1776,873,873.7426,0.7426,2098.0067,15,2703.3789,True,True,875.3642,7.83
1777,873,871.449,-1.551,2099.5577,17,576.4271,False,False,875.3642,7.83
1778,873,871.227,-1.773,2101.3307,81,5208.3682,False,False,875.3642,7.83
1779,873,873.4113,0.4113,2101.7419,27,268.1813,True,False,875.3642,7.83
1780,873,872.8992,-0.1008,2101.8427,3,760.3837,False,False,875.3642,7.83
1781,873,873.6299,0.6299,2102.4726,11,3396.4261,False,False,875.3642,7.83
1782,873,873.6602,0.6602,2103.1328,5,735.8875,True,False,875.3642,7.83
1783,873,875.4672,2.4672,2105.5999,9,5178.7939,False,False,875.3642,7.83
1784,873,872.0328,-0.9672,2106.5671,77,315.6272,False,True,875.3642,7.83
1785,873,869.4425,-3.5575,2110.1246,5,1435.0172,True,False,875.3642,7.83
1786,873,872.8501,-0.1499,2110.2745,22,4992.9791,False,False,875.3642,7.83
1787,873,874.5826,1.5826,2111.8571,5,3845.2084,False,False,875.3642,7.83
1788,873,871.7889,-1.2111,2113.0682,0,5376.7254,True,False,875.3642,7.83
1789,873,871.4694,-1.5306,2114.5988,27,2296.9716,False,False,875.3642,7.83
1790,873,873.297,0.297,2114.8958,5,114.2145,False,False,875.3642,7.83
1791,873,874.4096,1.4096,2116.3054,61,1974.4309,True,False,875.3642,7.83
1792,873,873.9845,0.9845,2117.2899,9,3793.7298,False,True,875.3642,7.83
1793,873,873.6629,0.6629,2117.9528,1,2454.2746,False,False,875.3642,7.83
1794,873,872.2536,-0.7464,2118.6992,54,4577.2613,True,False,875.3642,7.83
1795,873,872.3775,-0.6225,2119.3217,1,2919.8547,False,False,875.3642,7.83
1796,873,872.3303,-0.6697,2119.9914,4,4769.8443,False,False,875.3642,7.83
1797,873,874.6838,1.6838,2121.6752,34,4352.1666,True,False,875.3642,7.83
1798,873,874.2509,1.2509,2122.9261,33,1750.2005,False,False,875.3642,7.83
1799,873,870.4587,-2.5413,2125.4674,1,410.0833,False,False,875.3642,7.83
1800,873,871.8624,-1.1376,2126.605,1,3479.4285,True,True,875.3642,7.83
1801,873,873.5017,0.5017,2127.1067,3,909.8088,False,False,875.3642,7.83
1802,873,873.836,0.836,2127.9427,1,848.8969,False,False,875.3642,7.83
1803,873,875.6039,2.6039,2130.5467,21,493.8076,True,False,875.3642,7.83
1804,873,873.5369,0.5369,2131.0835,4,124.2887,False,False,875.3642,7.83
1805,873,873.83,0.83,2131.9135,0,3931.6223,False,False,875.3642,7.83
1806,873,872.8178,-0.1822,2132.0957,7,2767.0192,True,False,875.3642,7.83
1807,873,871.2703,-1.7297,2133.8254,9,80.8738,False,False,875.3642,7.83
1808,873,870.7036,-2.2964,2136.1218,25,1122.709,False,True,875.3642,7.83
1809,873,871.0829,-1.9171,2138.0389,3,2344.5092,True,False,875.3642,7.83
1810,873,872.7639,-0.2361,2138.275,6,1149.3891,False,False,875.3642,7.83
1811,873,872.9787,-0.0213,2138.2963,9,1387.9033,False,False,875.3642,7.83
1812,873,870.2055,-2.7945,2141.0908,41,3053.2973,True,False,875.3642,7.83
1813,873,870.5424,-2.4576,2143.5484,11,2478.9893,False,False,875.3642,7.83
1814,873,874.9025,1.9025,2145.4509,4,2276.4781,False,False,875.3642,7.83
1815,873,873.1086,0.1086,2145.5595,18,3963.973,True,False,875.3642,7.83
1816,873,876.5119,3.5119,2149.0715,24,3284.6082,False,True,875.3642,7.83
1817,873,873.4933,0.4933,2149.5648,45,3375.4302,False,False,875.3642,7.83
1818,873,872.1776,-0.8224,2150.3871,3,4144.9017,True,False,875.3642,7.83
1819,873,875.1891,2.1891,2152.5763,5,5226.7257,False,False,875.3642,7.83
1820,873,874.2272,1.2272,2153.8035,3,950.3794,False,False,875.3642,7.83
1821,873,876.2417,3.2417,2157.0452,1,1764.4324,True,False,875.3642,7.83
1822,873,874.1186,1.1186,2158.1639,7,1592.5281,False,False,875.3642,7.83
1823,873,872.3141,-0.6859,2158.8498,7,5524.6077,False,False,875.3642,7.83
1824,873,872.249,-0.751,2159.6008,1,5827.4965,True,True,875.3642,7.83
1825,873,873.3509,0.3509,2159.9517,13,6135.518,False,False,875.3642,7.83
1826,873,871.5214,-1.4786,2161.4302,49,1954.467,False,False,875.3642,7.83
1827,873,871.7311,-1.2689,2162.6991,4,5933.6893,True,False,875.3642,7.83
1828,873,870.8405,-2.1595,2164.8586,48,1819.3628,False,False,875.3642,7.83
1829,873,873.7409,0.7409,2165.5995,2,4301.2889,False,False,875.3642,7.83
1830,873,872.3017,-0.6983,2166.2978,0,865.8589,True,False,875.3642,7.83
1831,873,873.2343,0.2343,2166.5321,1,860.168,False,False,875.3642,7.83
1832,873,875.4478,2.4478,2168.9799,1,1765.8973,False,True,875.3642,7.83
1833,873,875.3762,2.3762,2171.3561,0,3880.3796,True,False,875.3642,7.83
1834,873,872.9265,-0.0735,2171.4296,4,3518.1394,False,False,875.3642,7.83
1835,873,873.7321,0.7321,2172.1618,7,4602.4832,False,False,875.3642,7.83
1836,873,873.8977,0.8977,2173.0594,5,5871.7929,True,False,875.3642,7.83
1837,873,872.5166,-0.4834,2173.5428,1,3031.2068,False,False,875.3642,7.83
1838,873,874.83,1.83,2175.3728,3,4710.8254,False,False,875.3642,7.83
1839,873,869.4512,-3.5488,2178.9216,4,3647.8245,True,False,875.3642,7.83
1840,873,871.8838,-1.1162,2180.0379,24,635.8086,False,True,875.3642,7.83
1841,873,871.46,-1.54,2181.5779,79,4632.5186,False,False,875.3642,7.83
1842,873,871.4833,-1.5167,2183.0946,44,4419.2307,True,False,875.3642,7.83
1843,873,870.0194,-2.9806,2186.0751,50,1605.7881,False,False,875.3642,7.83
1844,873,874.268,1.268,2187.3431,46,5364.9258,False,False,875.3642,7.83
1845,873,872.3984,-0.6016,2187.9447,29,2964.3809,True,False,875.3642,7.83
1846,873,872.3392,-0.6608,2188.6055,2,1649.3078,False,False,875.3642,7.83
1847,873,874.4282,1.4282,2190.0337,21,6077.7012,False,False,875.3642,7.83
1848,873,873.0497,0.0497,2190.0834,85,3809.4097,True,True,875.3642,7.83
1849,873,871.9672,-1.0328,2191.1162,54,2773.8411,False,False,875.3642,7.83
1850,873,870.9303,-2.0697,2193.1859,17,2382.7946,False,False,875.3642,7.83
1851,873,869.7731,-3.2269,2196.4128,10,5178.3719,True,False,875.3642,7.83
1852,873,874.6303,1.6303,2198.0431,2,2232.6516,False,False,875.3642,7.83
1853,873,873.6153,0.6153,2198.6584,1,4173.7994,False,False,875.3642,7.83
1854,873,871.8064,-1.1936,2199.852,3,782.2977,True,False,875.3642,7.83
1855,873,873.1928,0.1928,2200.0447,2,1887.1022,False,False,875.3642,7.83
1856,873,873.3329,0.3329,2200.3777,64,3856.5104,False,True,875.3642,7.83
1857,873,876.3018,3.3018,2203.6795,24,5056.1405,True,False,875.3642,7.83
1858,873,871.4103,-1.5897,2205.2692,5,5504.5513,False,False,875.3642,7.83
1859,873,874.518,1.518,2206.7872,4,3021.0513,False,False,875.3642,7.83
1860,873,872.4347,-0.5653,2207.3525,13,4736.0592,True,False,875.3642,7.83
1861,873,870.7495,-2.2505,2209.603,5,136.5074,False,False,875.3642,7.83
1862,873,875.0408,2.0408,2211.6438,3,2742.7863,False,False,875.3642,7.83
1863,873,874.5084,1.5084,2213.1522,6,3951.0693,True,False,875.3642,7.83
1864,873,873.924,0.924,2214.0761,39,4805.4149,False,True,875.3642,7.83
1865,873,872.662,-0.338,2214.4141,5,2511.8817,False,False,875.3642,7.83
1866,873,874.3827,1.3827,2215.7967,0,2555.1403,True,False,875.3642,7.83
1867,873,871.5796,-1.4204,2217.2172,31,6026.0573,False,False,875.3642,7.83
1868,873,875.3616,2.3616,2219.5787,1,2008.4059,False,False,875.3642,7.83
1869,873,872.45,-0.55,2220.1287,30,3654.5088,True,False,875.3642,7.83
1870,873,875.8878,2.8878,2223.0165,7,3449.0437,False,False,875.3642,7.83
1871,873,875.3847,2.3847,2225.4012,19,5752.7374,False,False,875.3642,7.83
1872,873,872.6595,-0.3405,2225.7416,6,3117.8736,True,True,875.3642,7.83
1873,873,871.2963,-1.7037,2227.4453,3,5016.2707,False,False,875.3642,7.83
1874,873,872.2652,-0.7348,2228.1801,6,4410.3087,False,False,875.3642,7.83
1875,873,873.1714,0.1714,2228.3515,1,4143.0761,True,False,875.3642,7.83
1876,873,874.6406,1.6406,2229.9921,3,141.3166,False,False,875.3642,7.83
1877,873,872.4373,-0.5627,2230.5548,11,2004.1275,False,False,875.3642,7.83
1878,873,874.1939,1.1939,2231.7486,6,2884.2025,True,False,875.3642,7.83
1879,873,872.0573,-0.9427,2232.6913,3,3349.2093,False,False,875.3642,7.83
1880,873,871.2189,-1.7811,2234.4724,2,5807.7952,False,True,875.3642,7.83
1881,873,871.8736,-1.1264,2235.5988,5,6087.9983,True,False,875.3642,7.83
1882,873,874.0078,1.0078,2236.6066,7,901.5603,False,False,875.3642,7.83
1883,873,872.2528,-0.7472,2237.3538,0,4081.8499,False,False,875.3642,7.83
1884,873,869.4018,-3.5982,2240.952,12,346.273,True,False,875.3642,7.83
1885,873,872.9763,-0.0237,2240.9757,1,942.6121,False,False,875.3642,7.83
1886,873,874.1059,1.1059,2242.0816,30,747.328,False,False,875.3642,7.83
1887,873,874.7496,1.7496,2243.8312,0,1727.0437,True,False,875.3642,7.83
1888,873,872.1141,-0.8859,2244.7171,6,3487.6333,False,True,875.3642,7.83
1889,873,873.7934,0.7934,2245.5105,42,3566.2552,False,False,875.3642,7.83
1890,873,874.9402,1.9402,2247.4507,33,1692.4311,True,False,875.3642,7.83
1891,873,871.6253,-1.3747,2248.8255,34,2968.8772,False,False,875.3642,7.83
1892,873,875.5458,2.5458,2251.3713,4,4099.1112,False,False,875.3642,7.83
1893,873,872.6762,-0.3238,2251.695,8,479.119,True,False,875.3642,7.83
1894,873,874.8565,1.8565,2253.5516,27,1699.2554,False,False,875.3642,7.83
1895,873,871.4524,-1.5476,2255.0992,7,6052.6734,False,False,875.3642,7.83
1896,873,873.0532,0.0532,2255.1523,5,683.9411,True,True,875.3642,7.83
1897,873,874.0734,1.0734,2256.2257,12,3439.3895,False,False,875.3642,7.83
1898,873,870.1136,-2.8864,2259.1121,8,3885.681,False,False,875.3642,7.83
1899,873,873.9283,0.9283,2260.0404,55,5071.557,True,False,875.3642,7.83
1900,873,874.2157,1.2157,2261.2561,46,888.417,False,False,875.3642,7.83
1901,873,871.1464,-1.8536,2263.1097,22,1395.5569,False,False,875.3642,7.83
1902,873,874.5031,1.5031,2264.6128,8,702.1625,True,False,875.3642,7.83
1903,873,873.7,0.7,2265.3128,1,1030.4569,False,False,875.3642,7.83
1904,873,872.4921,-0.5079,2265.8206,0,3474.0058,False,True,875.3642,7.83
1905,873,873.9707,0.9707,2266.7913,0,1743.5247,True,False,875.3642,7.83
1906,873,870.9532,-2.0468,2268.8381,8,2220.102,False,False,875.3642,7.83
1907,873,873.4371,0.4371,2269.2752,1,4692.0119,False,False,875.3642,7.83
1908,873,873.2233,0.2233,2269.4985,17,981.7656,True,False,875.3642,7.83
1909,873,874.1482,1.1482,2270.6467,24,598.825,False,False,875.3642,7.83
1910,873,873.0826,0.0826,2270.7293,23,5204.4773,False,False,875.3642,7.83
1911,873,871.5662,-1.4338,2272.163,7,6124.5321,True,False,875.3642,7.83
1912,873,871.0585,-1.9415,2274.1045,8,3738.9446,False,True,875.3642,7.83
1913,873,872.741,-0.259,2274.3635,2,442.6911,False,False,875.3642,7.83
1914,873,873.117,0.117,2274.4805,19,3032.9829,True,False,875.3642,7.83
1915,873,869.9217,-3.0783,2277.5588,4,3576.5195,False,False,875.3642,7.83
1916,873,873.9784,0.9784,2278.5372,79,232.2267,False,False,875.3642,7.83
1917,873,870.9428,-2.0572,2280.5944,3,1322.2583,True,False,875.3642,7.83
1918,873,872.9553,-0.0447,2280.6391,1,4891.0063,False,False,875.3642,7.83
1919,873,871.4804,-1.5196,2282.1588,39,3887.3032,False,False,875.3642,7.83
1920,873,874.0774,1.0774,2283.2361,30,1140.7797,True,True,875.3642,7.83
1921,873,873.495,0.495,2283.7312,4,4425.0136,False,False,875.3642,7.83
1922,873,872.3834,-0.6166,2284.3478,7,4255.1161,False,False,875.3642,7.83
1923,873,872.4448,-0.5552,2284.903,8,2116.7969,True,False,875.3642,7.83
1924,873,873.79,0.79,2285.693,3,1642.6336,False,False,875.3642,7.83
1925,873,876.116,3.116,2288.809,1,4991.6148,False,False,875.3642,7.83
1926,873,873.4648,0.4648,2289.2738,6,4421.3041,True,False,875.3642,7.83
1927,873,875.3913,2.3913,2291.6651,34,5867.0137,False,False,875.3642,7.83
1928,873,874.5461,1.5461,2293.2112,15,90.8357,False,True,875.3642,7.83
1929,873,873.5001,0.5001,2293.7113,7,3247.6115,True,False,875.3642,7.83
1930,873,873.8801,0.8801,2294.5914,25,172.2072,False,False,875.3642,7.83
1931,873,872.8115,-0.1885,2294.7799,33,122.0753,False,False,875.3642,7.83
1932,873,874.4865,1.4865,2296.2664,2,2831.5854,True,False,875.3642,7.83
1933,873,873.2099,0.2099,2296.4763,2,18.4378,False,False,875.3642,7.83
1934,873,873.2449,0.2449,2296.7212,8,4864.5108,False,False,875.3642,7.83
1935,873,872.0881,-0.9119,2297.6331,3,4832.8034,True,False,875.3642,7.83
1936,873,872.976,-0.024,2297.6571,28,5415.9813,False,True,875.3642,7.83
1937,873,872.9818,-0.0182,2297.6752,12,6135.2301,False,False,875.3642,7.83
1938,873,873.2864,0.2864,2297.9616,8,3454.9287,True,False,875.3642,7.83
1939,873,868.9977,-4.0023,2301.9639,0,2071.154,False,False,875.3642,7.83
1940,873,869.6039,-3.3961,2305.3601,3,1902.9133,False,False,875.3642,7.83
1941,873,873.9189,0.9189,2306.279,13,2660.464,True,False,875.3642,7.83
1942,873,871.6277,-1.3723,2307.6513,26,3277.3088,False,False,875.3642,7.83
1943,873,873.3017,0.3017,2307.953,51,165.7604,False,False,875.3642,7.83
1944,873,872.4834,-0.5166,2308.4696,2,5216.0359,True,True,875.3642,7.83
1945,873,874.6288,1.6288,2310.0985,0,899.3812,False,False,875.3642,7.83
1946,873,870.9825,-2.0175,2312.1159,1,3104.7381,False,False,875.3642,7.83
1947,873,872.9119,-0.0881,2312.204,5,3475.7143,True,False,875.3642,7.83
1948,873,873.3836,0.3836,2312.5877,39,5276.8089,False,False,875.3642,7.83
1949,873,873.6546,0.6546,2313.2423,2,2152.795,False,False,875.3642,7.83
1950,873,874.0538,1.0538,2314.296,0,5788.5464,True,False,875.3642,7.83
1951,873,872.1452,-0.8548,2315.1508,13,3317.6209,False,False,875.3642,7.83
1952,873,873.7035,0.7035,2315.8542,11,1369.9057,False,True,875.3642,7.83
1953,873,872.9283,-0.0717,2315.9259,50,6161.9158,True,False,875.3642,7.83
1954,873,872.1516,-0.8484,2316.7744,21,2288.6772,False,False,875.3642,7.83
1955,873,873.3107,0.3107,2317.0851,51,1531.6024,False,False,875.3642,7.83
1956,873,871.4902,-1.5098,2318.5948,41,1132.1442,True,False,875.3642,7.83
1957,873,873.5602,0.5602,2319.1551,15,1114.9045,False,False,875.3642,7.83
1958,873,872.3724,-0.6276,2319.7826,0,1301.202,False,False,875.3642,7.83
1959,873,870.5843,-2.4157,2322.1983,5,5272.5433,True,False,875.3642,7.83
1960,873,874.5783,1.5783,2323.7766,11,192.7053,False,True,875.3642,7.83
1961,873,870.5567,-2.4433,2326.2199,22,952.2618,False,False,875.3642,7.83
1962,873,871.2593,-1.7407,2327.9606,1,961.0926,True,False,875.3642,7.83
1963,873,871.6789,-1.3211,2329.2818,6,3292.6917,False,False,875.3642,7.83
1964,873,871.3511,-1.6489,2330.9307,1,2254.6395,False,False,875.3642,7.83
1965,873,872.3913,-0.6087,2331.5394,33,1895.3728,True,False,875.3642,7.83
1966,873,873.3025,0.3025,2331.8419,16,6027.6724,False,False,875.3642,7.83
1967,873,872.8607,-0.1393,2331.9812,10,3629.9144,False,False,875.3642,7.83
1968,873,871.0979,-1.9021,2333.8832,25,5468.4299,True,True,875.3642,7.83
1969,873,874.7306,1.7306,2335.6138,6,4669.8278,False,False,875.3642,7.83
1970,873,874.8254,1.8254,2337.4392,32,7.9605,False,False,875.3642,7.83
1971,873,871.8509,-1.1491,2338.5883,4,573.0732,True,False,875.3642,7.83
1972,873,873.845,0.845,2339.4333,7,6012.4215,False,False,875.3642,7.83
1973,873,874.2485,1.2485,2340.6818,4,166.2897,False,False,875.3642,7.83
1974,873,871.9564,-1.0436,2341.7254,52,4129.9151,True,False,875.3642,7.83
1975,873,872.674,-0.326,2342.0514,5,4189.7088,False,False,875.3642,7.83
1976,873,876.4109,3.4109,2345.4623,0,1.0218,False,True,875.3642,7.83
1977,873,874.13,1.13,2346.5923,47,3170.7027,True,False,875.3642,7.83
1978,873,872.0711,-0.9289,2347.5212,29,4872.1426,False,False,875.3642,7.83
1979,873,875.0238,2.0238,2349.545,26,3921.3686,False,False,875.3642,7.83
1980,873,871.4041,-1.5959,2351.141,4,3235.2768,True,False,875.3642,7.83
1981,873,873.7219,0.7219,2351.8629,1,5954.2359,False,False,875.3642,7.83
1982,873,871.6258,-1.3742,2353.2371,48,5522.5709,False,False,875.3642,7.83
1983,873,874.0959,1.0959,2354.333,2,705.1846,True,False,875.3642,7.83
1984,873,871.9541,-1.0459,2355.3789,50,3325.6932,False,True,875.3642,7.83
1985,873,871.4854,-1.5146,2356.8935,30,890.1443,False,False,875.3642,7.83
1986,873,870.9164,-2.0836,2358.9771,33,3590.3354,True,False,875.3642,7.83
1987,873,873.4142,0.4142,2359.3913,14,3963.3918,False,False,875.3642,7.83
1988,873,875.8537,2.8537,2362.245,22,4470.8089,False,False,875.3642,7.83
1989,873,873.8928,0.8928,2363.1378,5,5718.5897,True,False,875.3642,7.83
1990,873,871.2644,-1.7356,2364.8734,24,1219.3489,False,False,875.3642,7.83
1991,873,871.8431,-1.1569,2366.0302,43,2138.7482,False,False,875.3642,7.83
1992,873,871.969,-1.031,2367.0613,3,327.4217,True,True,875.3642,7.83
1993,873,873.442,0.442,2367.5033,89,2531.3977,False,False,875.3642,7.83
1994,873,872.9454,-0.0546,2367.5579,8,4565.75,False,False,875.3642,7.83
1995,873,874.526,1.526,2369.084,76,5743.2945,True,False,875.3642,7.83
1996,873,870.3499,-2.6501,2371.7341,4,381.3575,False,False,875.3642,7.83
1997,873,872.276,-0.724,2372.458,7,3433.8947,False,False,875.3642,7.83
1998,873,872.7455,-0.2545,2372.7125,1,1573.6495,True,False,875.3642,7.83
1999,873,874.6519,1.6519,2374.3644,73,5872.6014,False,False,875.3642,7.83
2000,873,873.0531,0.0531,2374.4175,27,380.0023,False,True,875.3642,7.83
