beat,timestamp_ms,R_order_parameter,mean_phase_psi,phase_variance,gate_passed,oscillator_count,coupling_strength,drift_from_phi_inv
0,0,0.12821191,0.4089292,0.87178809,False,24,0.6180339887498948,0.48982208
1,873,0.16552718,-0.61351324,0.83447282,False,24,0.6180339887498948,0.4525068
2,1746,0.21357357,-1.63433016,0.78642643,False,24,0.6180339887498948,0.40446042
3,2619,0.27506829,-2.65275894,0.72493171,False,24,0.6180339887498948,0.3429657
4,3492,0.35285565,2.61538784,0.64714435,False,24,0.6180339887498948,0.26517833
5,4365,0.44913159,1.60484513,0.55086841,False,24,0.6180339887498948,0.1689024
6,5238,0.56376836,0.59943199,0.43623164,False,24,0.6180339887498948,0.05426563
7,6111,0.69143594,-0.4021735,0.30856406,True,24,0.6180339887498948,0.07340195
8,6984,0.81783928,-1.40542845,0.18216072,True,24,0.6180339887498948,0.19980529
9,7857,0.91856674,-2.41869749,0.08143326,True,24,0.6180339887498948,0.30053275
10,8730,0.97411675,2.83898964,0.02588325,True,24,0.6180339887498948,0.35608276
11,9603,0.99365149,1.80748574,0.00634851,True,24,0.6180339887498948,0.3756175
12,10476,0.99860252,0.774659,0.00139748,True,24,0.6180339887498948,0.38056853
13,11349,0.99970122,-0.25833947,0.00029878,True,24,0.6180339887498948,0.38166723
14,12222,0.99993654,-1.29135598,6.346e-05,True,24,0.6180339887498948,0.38190255
15,13095,0.99998654,-2.32437429,1.346e-05,True,24,0.6180339887498948,0.38195255
16,13968,0.99999715,2.92579254,2.85e-06,True,24,0.6180339887498948,0.38196316
17,14841,0.99999939,1.89277405,6.1e-07,True,24,0.6180339887498948,0.38196541
18,15714,0.99999987,0.85975555,1.3e-07,True,24,0.6180339887498948,0.38196588
19,16587,0.99999997,-0.17326294,3e-08,True,24,0.6180339887498948,0.38196598
20,17460,0.99999999,-1.20628144,1e-08,True,24,0.6180339887498948,0.38196601
21,18333,1.0,-2.23929994,0.0,True,24,0.6180339887498948,0.38196601
22,19206,1.0,3.01086687,0.0,True,24,0.6180339887498948,0.38196601
23,20079,1.0,1.97784838,0.0,True,24,0.6180339887498948,0.38196601
24,20952,1.0,0.94482988,0.0,True,24,0.6180339887498948,0.38196601
25,21825,1.0,-0.08818862,0.0,True,24,0.6180339887498948,0.38196601
26,22698,1.0,-1.12120711,0.0,True,24,0.6180339887498948,0.38196601
27,23571,1.0,-2.15422561,0.0,True,24,0.6180339887498948,0.38196601
28,24444,1.0,3.0959412,0.0,True,24,0.6180339887498948,0.38196601
29,25317,1.0,2.06292271,0.0,True,24,0.6180339887498948,0.38196601
30,26190,1.0,1.02990421,0.0,True,24,0.6180339887498948,0.38196601
31,27063,1.0,-0.00311429,0.0,True,24,0.6180339887498948,0.38196601
32,27936,1.0,-1.03613278,0.0,True,24,0.6180339887498948,0.38196601
33,28809,1.0,-2.06915128,0.0,True,24,0.6180339887498948,0.38196601
34,29682,1.0,-3.10216978,0.0,True,24,0.6180339887498948,0.38196601
35,30555,1.0,2.14799704,0.0,True,24,0.6180339887498948,0.38196601
36,31428,1.0,1.11497854,0.0,True,24,0.6180339887498948,0.38196601
37,32301,1.0,0.08196004,0.0,True,24,0.6180339887498948,0.38196601
38,33174,1.0,-0.95105845,0.0,True,24,0.6180339887498948,0.38196601
39,34047,1.0,-1.98407695,0.0,True,24,0.6180339887498948,0.38196601
40,34920,1.0,-3.01709545,0.0,True,24,0.6180339887498948,0.38196601
41,35793,1.0,2.23307136,0.0,True,24,0.6180339887498948,0.38196601
42,36666,1.0,1.20005287,0.0,True,24,0.6180339887498948,0.38196601
43,37539,1.0,0.16703437,0.0,True,24,0.6180339887498948,0.38196601
44,38412,1.0,-0.86598412,0.0,True,24,0.6180339887498948,0.38196601
45,39285,1.0,-1.89900262,-0.0,True,24,0.6180339887498948,0.38196601
46,40158,1.0,-2.93202112,0.0,True,24,0.6180339887498948,0.38196601
47,41031,1.0,2.31814569,0.0,True,24,0.6180339887498948,0.38196601
48,41904,1.0,1.2851272,0.0,True,24,0.6180339887498948,0.38196601
49,42777,1.0,0.2521087,0.0,True,24,0.6180339887498948,0.38196601
50,43650,1.0,-0.7809098,0.0,True,24,0.6180339887498948,0.38196601
51,44523,1.0,-1.81392829,-0.0,True,24,0.6180339887498948,0.38196601
52,45396,1.0,-2.84694679,0.0,True,24,0.6180339887498948,0.38196601
53,46269,1.0,2.40322002,0.0,True,24,0.6180339887498948,0.38196601
54,47142,1.0,1.37020153,-0.0,True,24,0.6180339887498948,0.38196601
55,48015,1.0,0.33718303,0.0,True,24,0.6180339887498948,0.38196601
56,48888,1.0,-0.69583547,0.0,True,24,0.6180339887498948,0.38196601
57,49761,1.0,-1.72885396,0.0,True,24,0.6180339887498948,0.38196601
58,50634,1.0,-2.76187246,0.0,True,24,0.6180339887498948,0.38196601
59,51507,1.0,2.48829435,0.0,True,24,0.6180339887498948,0.38196601
60,52380,1.0,1.45527586,0.0,True,24,0.6180339887498948,0.38196601
61,53253,1.0,0.42225736,0.0,True,24,0.6180339887498948,0.38196601
62,54126,1.0,-0.61076114,0.0,True,24,0.6180339887498948,0.38196601
63,54999,1.0,-1.64377963,0.0,True,24,0.6180339887498948,0.38196601
64,55872,1.0,-2.67679813,0.0,True,24,0.6180339887498948,0.38196601
65,56745,1.0,2.57336868,0.0,True,24,0.6180339887498948,0.38196601
66,57618,1.0,1.54035018,0.0,True,24,0.6180339887498948,0.38196601
67,58491,1.0,0.50733169,0.0,True,24,0.6180339887498948,0.38196601
68,59364,1.0,-0.52568681,0.0,True,24,0.6180339887498948,0.38196601
69,60237,1.0,-1.5587053,0.0,True,24,0.6180339887498948,0.38196601
70,61110,1.0,-2.5917238,0.0,True,24,0.6180339887498948,0.38196601
71,61983,1.0,2.65844301,0.0,True,24,0.6180339887498948,0.38196601
72,62856,1.0,1.62542451,-0.0,True,24,0.6180339887498948,0.38196601
73,63729,1.0,0.59240602,0.0,True,24,0.6180339887498948,0.38196601
74,64602,1.0,-0.44061248,0.0,True,24,0.6180339887498948,0.38196601
75,65475,1.0,-1.47363098,0.0,True,24,0.6180339887498948,0.38196601
76,66348,1.0,-2.50664947,0.0,True,24,0.6180339887498948,0.38196601
77,67221,1.0,2.74351734,0.0,True,24,0.6180339887498948,0.38196601
78,68094,1.0,1.71049884,0.0,True,24,0.6180339887498948,0.38196601
79,68967,1.0,0.67748035,0.0,True,24,0.6180339887498948,0.38196601
80,69840,1.0,-0.35553815,-0.0,True,24,0.6180339887498948,0.38196601
81,70713,1.0,-1.38855665,0.0,True,24,0.6180339887498948,0.38196601
82,71586,1.0,-2.42157514,0.0,True,24,0.6180339887498948,0.38196601
83,72459,1.0,2.82859167,0.0,True,24,0.6180339887498948,0.38196601
84,73332,1.0,1.79557317,0.0,True,24,0.6180339887498948,0.38196601
85,74205,1.0,0.76255468,0.0,True,24,0.6180339887498948,0.38196601
86,75078,1.0,-0.27046382,0.0,True,24,0.6180339887498948,0.38196601
87,75951,1.0,-1.30348232,0.0,True,24,0.6180339887498948,0.38196601
88,76824,1.0,-2.33650081,0.0,True,24,0.6180339887498948,0.38196601
89,77697,1.0,2.913666,-0.0,True,24,0.6180339887498948,0.38196601
90,78570,1.0,1.8806475,0.0,True,24,0.6180339887498948,0.38196601
91,79443,1.0,0.847629,0.0,True,24,0.6180339887498948,0.38196601
92,80316,1.0,-0.18538949,-0.0,True,24,0.6180339887498948,0.38196601
93,81189,1.0,-1.21840799,0.0,True,24,0.6180339887498948,0.38196601
94,82062,1.0,-2.25142648,0.0,True,24,0.6180339887498948,0.38196601
95,82935,1.0,2.99874033,0.0,True,24,0.6180339887498948,0.38196601
96,83808,1.0,1.96572183,0.0,True,24,0.6180339887498948,0.38196601
97,84681,1.0,0.93270333,0.0,True,24,0.6180339887498948,0.38196601
98,85554,1.0,-0.10031516,0.0,True,24,0.6180339887498948,0.38196601
99,86427,1.0,-1.13333366,0.0,True,24,0.6180339887498948,0.38196601
100,87300,1.0,-2.16635216,0.0,True,24,0.6180339887498948,0.38196601
101,88173,1.0,3.08381466,0.0,True,24,0.6180339887498948,0.38196601
102,89046,1.0,2.05079616,0.0,True,24,0.6180339887498948,0.38196601
103,89919,1.0,1.01777766,-0.0,True,24,0.6180339887498948,0.38196601
104,90792,1.0,-0.01524083,0.0,True,24,0.6180339887498948,0.38196601
105,91665,1.0,-1.04825933,0.0,True,24,0.6180339887498948,0.38196601
106,92538,1.0,-2.08127783,0.0,True,24,0.6180339887498948,0.38196601
107,93411,1.0,-3.11429632,0.0,True,24,0.6180339887498948,0.38196601
108,94284,1.0,2.13587049,0.0,True,24,0.6180339887498948,0.38196601
109,95157,1.0,1.10285199,-0.0,True,24,0.6180339887498948,0.38196601
110,96030,1.0,0.0698335,-0.0,True,24,0.6180339887498948,0.38196601
111,96903,1.0,-0.963185,0.0,True,24,0.6180339887498948,0.38196601
112,97776,1.0,-1.9962035,0.0,True,24,0.6180339887498948,0.38196601
113,98649,1.0,-3.02922199,0.0,True,24,0.6180339887498948,0.38196601
114,99522,1.0,2.22094482,0.0,True,24,0.6180339887498948,0.38196601
115,100395,1.0,1.18792632,-0.0,True,24,0.6180339887498948,0.38196601
116,101268,1.0,0.15490782,-0.0,True,24,0.6180339887498948,0.38196601
117,102141,1.0,-0.87811067,0.0,True,24,0.6180339887498948,0.38196601
118,103014,1.0,-1.91112917,0.0,True,24,0.6180339887498948,0.38196601
119,103887,1.0,-2.94414766,0.0,True,24,0.6180339887498948,0.38196601
120,104760,1.0,2.30601915,0.0,True,24,0.6180339887498948,0.38196601
121,105633,1.0,1.27300065,0.0,True,24,0.6180339887498948,0.38196601
122,106506,1.0,0.23998215,0.0,True,24,0.6180339887498948,0.38196601
123,107379,1.0,-0.79303634,0.0,True,24,0.6180339887498948,0.38196601
124,108252,1.0,-1.82605484,0.0,True,24,0.6180339887498948,0.38196601
125,109125,1.0,-2.85907334,0.0,True,24,0.6180339887498948,0.38196601
126,109998,1.0,2.39109348,0.0,True,24,0.6180339887498948,0.38196601
127,110871,1.0,1.35807498,0.0,True,24,0.6180339887498948,0.38196601
128,111744,1.0,0.32505648,0.0,True,24,0.6180339887498948,0.38196601
129,112617,1.0,-0.70796201,0.0,True,24,0.6180339887498948,0.38196601
130,113490,1.0,-1.74098051,0.0,True,24,0.6180339887498948,0.38196601
131,114363,1.0,-2.77399901,-0.0,True,24,0.6180339887498948,0.38196601
132,115236,1.0,2.4761678,0.0,True,24,0.6180339887498948,0.38196601
133,116109,1.0,1.44314931,-0.0,True,24,0.6180339887498948,0.38196601
134,116982,1.0,0.41013081,0.0,True,24,0.6180339887498948,0.38196601
135,117855,1.0,-0.62288768,0.0,True,24,0.6180339887498948,0.38196601
136,118728,1.0,-1.65590618,-0.0,True,24,0.6180339887498948,0.38196601
137,119601,1.0,-2.68892468,0.0,True,24,0.6180339887498948,0.38196601
138,120474,1.0,2.56124213,0.0,True,24,0.6180339887498948,0.38196601
139,121347,1.0,1.52822364,0.0,True,24,0.6180339887498948,0.38196601
140,122220,1.0,0.49520514,0.0,True,24,0.6180339887498948,0.38196601
141,123093,1.0,-0.53781336,0.0,True,24,0.6180339887498948,0.38196601
142,123966,1.0,-1.57083185,0.0,True,24,0.6180339887498948,0.38196601
143,124839,1.0,-2.60385035,0.0,True,24,0.6180339887498948,0.38196601
144,125712,1.0,2.64631646,0.0,True,24,0.6180339887498948,0.38196601
145,126585,1.0,1.61329797,0.0,True,24,0.6180339887498948,0.38196601
146,127458,1.0,0.58027947,0.0,True,24,0.6180339887498948,0.38196601
147,128331,1.0,-0.45273903,0.0,True,24,0.6180339887498948,0.38196601
148,129204,1.0,-1.48575752,0.0,True,24,0.6180339887498948,0.38196601
149,130077,1.0,-2.51877602,0.0,True,24,0.6180339887498948,0.38196601
150,130950,1.0,2.73139079,0.0,True,24,0.6180339887498948,0.38196601
151,131823,1.0,1.6983723,-0.0,True,24,0.6180339887498948,0.38196601
152,132696,1.0,0.6653538,0.0,True,24,0.6180339887498948,0.38196601
153,133569,1.0,-0.3676647,0.0,True,24,0.6180339887498948,0.38196601
154,134442,1.0,-1.40068319,0.0,True,24,0.6180339887498948,0.38196601
155,135315,1.0,-2.43370169,0.0,True,24,0.6180339887498948,0.38196601
156,136188,1.0,2.81646512,-0.0,True,24,0.6180339887498948,0.38196601
157,137061,1.0,1.78344662,0.0,True,24,0.6180339887498948,0.38196601
158,137934,1.0,0.75042813,0.0,True,24,0.6180339887498948,0.38196601
159,138807,1.0,-0.28259037,0.0,True,24,0.6180339887498948,0.38196601
160,139680,1.0,-1.31560886,0.0,True,24,0.6180339887498948,0.38196601
161,140553,1.0,-2.34862736,0.0,True,24,0.6180339887498948,0.38196601
162,141426,1.0,2.90153945,-0.0,True,24,0.6180339887498948,0.38196601
163,142299,1.0,1.86852095,-0.0,True,24,0.6180339887498948,0.38196601
164,143172,1.0,0.83550246,0.0,True,24,0.6180339887498948,0.38196601
165,144045,1.0,-0.19751604,0.0,True,24,0.6180339887498948,0.38196601
166,144918,1.0,-1.23053454,-0.0,True,24,0.6180339887498948,0.38196601
167,145791,1.0,-2.26355303,0.0,True,24,0.6180339887498948,0.38196601
168,146664,1.0,2.98661378,-0.0,True,24,0.6180339887498948,0.38196601
169,147537,1.0,1.95359528,0.0,True,24,0.6180339887498948,0.38196601
170,148410,1.0,0.92057679,0.0,True,24,0.6180339887498948,0.38196601
171,149283,1.0,-0.11244171,0.0,True,24,0.6180339887498948,0.38196601
172,150156,1.0,-1.14546021,0.0,True,24,0.6180339887498948,0.38196601
173,151029,1.0,-2.1784787,0.0,True,24,0.6180339887498948,0.38196601
174,151902,1.0,3.07168811,-0.0,True,24,0.6180339887498948,0.38196601
175,152775,1.0,2.03866961,0.0,True,24,0.6180339887498948,0.38196601
176,153648,1.0,1.00565112,0.0,True,24,0.6180339887498948,0.38196601
177,154521,1.0,-0.02736738,0.0,True,24,0.6180339887498948,0.38196601
178,155394,1.0,-1.06038588,0.0,True,24,0.6180339887498948,0.38196601
179,156267,1.0,-2.09340437,0.0,True,24,0.6180339887498948,0.38196601
180,157140,1.0,-3.12642287,0.0,True,24,0.6180339887498948,0.38196601
181,158013,1.0,2.12374394,0.0,True,24,0.6180339887498948,0.38196601
182,158886,1.0,1.09072544,0.0,True,24,0.6180339887498948,0.38196601
183,159759,1.0,0.05770695,0.0,True,24,0.6180339887498948,0.38196601
184,160632,1.0,-0.97531155,0.0,True,24,0.6180339887498948,0.38196601
185,161505,1.0,-2.00833004,0.0,True,24,0.6180339887498948,0.38196601
186,162378,1.0,-3.04134854,0.0,True,24,0.6180339887498948,0.38196601
187,163251,1.0,2.20881827,0.0,True,24,0.6180339887498948,0.38196601
188,164124,1.0,1.17579977,0.0,True,24,0.6180339887498948,0.38196601
189,164997,1.0,0.14278128,0.0,True,24,0.6180339887498948,0.38196601
190,165870,1.0,-0.89023722,0.0,True,24,0.6180339887498948,0.38196601
191,166743,1.0,-1.92325572,0.0,True,24,0.6180339887498948,0.38196601
192,167616,1.0,-2.95627421,0.0,True,24,0.6180339887498948,0.38196601
193,168489,1.0,2.2938926,0.0,True,24,0.6180339887498948,0.38196601
194,169362,1.0,1.2608741,-0.0,True,24,0.6180339887498948,0.38196601
195,170235,1.0,0.22785561,0.0,True,24,0.6180339887498948,0.38196601
196,171108,1.0,-0.80516289,0.0,True,24,0.6180339887498948,0.38196601
197,171981,1.0,-1.83818139,0.0,True,24,0.6180339887498948,0.38196601
198,172854,1.0,-2.87119988,0.0,True,24,0.6180339887498948,0.38196601
199,173727,1.0,2.37896693,0.0,True,24,0.6180339887498948,0.38196601
200,174600,1.0,1.34594843,0.0,True,24,0.6180339887498948,0.38196601
201,175473,1.0,0.31292994,-0.0,True,24,0.6180339887498948,0.38196601
202,176346,1.0,-0.72008856,0.0,True,24,0.6180339887498948,0.38196601
203,177219,1.0,-1.75310706,0.0,True,24,0.6180339887498948,0.38196601
204,178092,1.0,-2.78612555,0.0,True,24,0.6180339887498948,0.38196601
205,178965,1.0,2.46404126,0.0,True,24,0.6180339887498948,0.38196601
206,179838,1.0,1.43102276,0.0,True,24,0.6180339887498948,0.38196601
207,180711,1.0,0.39800426,0.0,True,24,0.6180339887498948,0.38196601
208,181584,1.0,-0.63501423,0.0,True,24,0.6180339887498948,0.38196601
209,182457,1.0,-1.66803273,0.0,True,24,0.6180339887498948,0.38196601
210,183330,1.0,-2.70105122,0.0,True,24,0.6180339887498948,0.38196601
211,184203,1.0,2.54911559,0.0,True,24,0.6180339887498948,0.38196601
212,185076,1.0,1.51609709,0.0,True,24,0.6180339887498948,0.38196601
213,185949,1.0,0.48307859,0.0,True,24,0.6180339887498948,0.38196601
214,186822,1.0,-0.5499399,0.0,True,24,0.6180339887498948,0.38196601
215,187695,1.0,-1.5829584,0.0,True,24,0.6180339887498948,0.38196601
216,188568,1.0,-2.6159769,0.0,True,24,0.6180339887498948,0.38196601
217,189441,1.0,2.63418991,-0.0,True,24,0.6180339887498948,0.38196601
218,190314,1.0,1.60117142,0.0,True,24,0.6180339887498948,0.38196601
219,191187,1.0,0.56815292,0.0,True,24,0.6180339887498948,0.38196601
220,192060,1.0,-0.46486557,0.0,True,24,0.6180339887498948,0.38196601
221,192933,1.0,-1.49788407,-0.0,True,24,0.6180339887498948,0.38196601
222,193806,1.0,-2.53090257,0.0,True,24,0.6180339887498948,0.38196601
223,194679,1.0,2.71926424,0.0,True,24,0.6180339887498948,0.38196601
224,195552,1.0,1.68624575,0.0,True,24,0.6180339887498948,0.38196601
225,196425,1.0,0.65322725,0.0,True,24,0.6180339887498948,0.38196601
226,197298,1.0,-0.37979125,-0.0,True,24,0.6180339887498948,0.38196601
227,198171,1.0,-1.41280974,0.0,True,24,0.6180339887498948,0.38196601
228,199044,1.0,-2.44582824,0.0,True,24,0.6180339887498948,0.38196601
229,199917,1.0,2.80433857,0.0,True,24,0.6180339887498948,0.38196601
230,200790,1.0,1.77132008,0.0,True,24,0.6180339887498948,0.38196601
231,201663,1.0,0.73830158,0.0,True,24,0.6180339887498948,0.38196601
232,202536,1.0,-0.29471692,0.0,True,24,0.6180339887498948,0.38196601
233,203409,1.0,-1.32773541,0.0,True,24,0.6180339887498948,0.38196601
234,204282,1.0,-2.36075391,0.0,True,24,0.6180339887498948,0.38196601
235,205155,1.0,2.8894129,0.0,True,24,0.6180339887498948,0.38196601
236,206028,1.0,1.85639441,0.0,True,24,0.6180339887498948,0.38196601
237,206901,1.0,0.82337591,-0.0,True,24,0.6180339887498948,0.38196601
238,207774,1.0,-0.20964259,0.0,True,24,0.6180339887498948,0.38196601
239,208647,1.0,-1.24266108,0.0,True,24,0.6180339887498948,0.38196601
240,209520,1.0,-2.27567958,0.0,True,24,0.6180339887498948,0.38196601
241,210393,1.0,2.97448723,0.0,True,24,0.6180339887498948,0.38196601
242,211266,1.0,1.94146873,-0.0,True,24,0.6180339887498948,0.38196601
243,212139,1.0,0.90845024,0.0,True,24,0.6180339887498948,0.38196601
244,213012,1.0,-0.12456826,0.0,True,24,0.6180339887498948,0.38196601
245,213885,1.0,-1.15758675,0.0,True,24,0.6180339887498948,0.38196601
246,214758,1.0,-2.19060525,0.0,True,24,0.6180339887498948,0.38196601
247,215631,1.0,3.05956156,0.0,True,24,0.6180339887498948,0.38196601
248,216504,1.0,2.02654306,0.0,True,24,0.6180339887498948,0.38196601
249,217377,1.0,0.99352457,0.0,True,24,0.6180339887498948,0.38196601
250,218250,1.0,-0.03949393,0.0,True,24,0.6180339887498948,0.38196601
251,219123,1.0,-1.07251243,0.0,True,24,0.6180339887498948,0.38196601
252,219996,1.0,-2.10553092,0.0,True,24,0.6180339887498948,0.38196601
253,220869,1.0,-3.13854942,0.0,True,24,0.6180339887498948,0.38196601
254,221742,1.0,2.11161739,0.0,True,24,0.6180339887498948,0.38196601
255,222615,1.0,1.0785989,0.0,True,24,0.6180339887498948,0.38196601
256,223488,1.0,0.0455804,0.0,True,24,0.6180339887498948,0.38196601
257,224361,1.0,-0.9874381,-0.0,True,24,0.6180339887498948,0.38196601
258,225234,1.0,-2.02045659,-0.0,True,24,0.6180339887498948,0.38196601
259,226107,1.0,-3.05347509,0.0,True,24,0.6180339887498948,0.38196601
260,226980,1.0,2.19669172,0.0,True,24,0.6180339887498948,0.38196601
261,227853,1.0,1.16367323,0.0,True,24,0.6180339887498948,0.38196601
262,228726,1.0,0.13065473,0.0,True,24,0.6180339887498948,0.38196601
263,229599,1.0,-0.90236377,0.0,True,24,0.6180339887498948,0.38196601
264,230472,1.0,-1.93538226,0.0,True,24,0.6180339887498948,0.38196601
265,231345,1.0,-2.96840076,0.0,True,24,0.6180339887498948,0.38196601
266,232218,1.0,2.28176605,0.0,True,24,0.6180339887498948,0.38196601
267,233091,1.0,1.24874755,0.0,True,24,0.6180339887498948,0.38196601
268,233964,1.0,0.21572906,0.0,True,24,0.6180339887498948,0.38196601
269,234837,1.0,-0.81728944,0.0,True,24,0.6180339887498948,0.38196601
270,235710,1.0,-1.85030793,0.0,True,24,0.6180339887498948,0.38196601
271,236583,1.0,-2.88332643,-0.0,True,24,0.6180339887498948,0.38196601
272,237456,1.0,2.36684038,0.0,True,24,0.6180339887498948,0.38196601
273,238329,1.0,1.33382188,-0.0,True,24,0.6180339887498948,0.38196601
274,239202,1.0,0.30080339,0.0,True,24,0.6180339887498948,0.38196601
275,240075,1.0,-0.73221511,0.0,True,24,0.6180339887498948,0.38196601
276,240948,1.0,-1.76523361,0.0,True,24,0.6180339887498948,0.38196601
277,241821,1.0,-2.7982521,0.0,True,24,0.6180339887498948,0.38196601
278,242694,1.0,2.45191471,0.0,True,24,0.6180339887498948,0.38196601
279,243567,1.0,1.41889621,0.0,True,24,0.6180339887498948,0.38196601
280,244440,1.0,0.38587772,0.0,True,24,0.6180339887498948,0.38196601
281,245313,1.0,-0.64714078,-0.0,True,24,0.6180339887498948,0.38196601
282,246186,1.0,-1.68015928,0.0,True,24,0.6180339887498948,0.38196601
283,247059,1.0,-2.71317777,0.0,True,24,0.6180339887498948,0.38196601
284,247932,1.0,2.53698904,0.0,True,24,0.6180339887498948,0.38196601
285,248805,1.0,1.50397054,0.0,True,24,0.6180339887498948,0.38196601
286,249678,1.0,0.47095205,0.0,True,24,0.6180339887498948,0.38196601
287,250551,1.0,-0.56206645,0.0,True,24,0.6180339887498948,0.38196601
288,251424,1.0,-1.59508495,0.0,True,24,0.6180339887498948,0.38196601
289,252297,1.0,-2.62810344,0.0,True,24,0.6180339887498948,0.38196601
290,253170,1.0,2.62206337,0.0,True,24,0.6180339887498948,0.38196601
291,254043,1.0,1.58904487,0.0,True,24,0.6180339887498948,0.38196601
292,254916,1.0,0.55602637,0.0,True,24,0.6180339887498948,0.38196601
293,255789,1.0,-0.47699212,0.0,True,24,0.6180339887498948,0.38196601
294,256662,1.0,-1.51001062,0.0,True,24,0.6180339887498948,0.38196601
295,257535,1.0,-2.54302911,0.0,True,24,0.6180339887498948,0.38196601
296,258408,1.0,2.7071377,0.0,True,24,0.6180339887498948,0.38196601
297,259281,1.0,1.6741192,0.0,True,24,0.6180339887498948,0.38196601
298,260154,1.0,0.6411007,0.0,True,24,0.6180339887498948,0.38196601
299,261027,1.0,-0.39191779,0.0,True,24,0.6180339887498948,0.38196601
300,261900,1.0,-1.42493629,0.0,True,24,0.6180339887498948,0.38196601
301,262773,1.0,-2.45795479,0.0,True,24,0.6180339887498948,0.38196601
302,263646,1.0,2.79221203,-0.0,True,24,0.6180339887498948,0.38196601
303,264519,1.0,1.75919353,0.0,True,24,0.6180339887498948,0.38196601
304,265392,1.0,0.72617503,0.0,True,24,0.6180339887498948,0.38196601
305,266265,1.0,-0.30684346,0.0,True,24,0.6180339887498948,0.38196601
306,267138,1.0,-1.33986196,0.0,True,24,0.6180339887498948,0.38196601
307,268011,1.0,-2.37288046,0.0,True,24,0.6180339887498948,0.38196601
308,268884,1.0,2.87728635,-0.0,True,24,0.6180339887498948,0.38196601
309,269757,1.0,1.84426786,0.0,True,24,0.6180339887498948,0.38196601
310,270630,1.0,0.81124936,-0.0,True,24,0.6180339887498948,0.38196601
311,271503,1.0,-0.22176913,0.0,True,24,0.6180339887498948,0.38196601
312,272376,1.0,-1.25478763,0.0,True,24,0.6180339887498948,0.38196601
313,273249,1.0,-2.28780613,0.0,True,24,0.6180339887498948,0.38196601
314,274122,1.0,2.96236068,0.0,True,24,0.6180339887498948,0.38196601
315,274995,1.0,1.92934219,0.0,True,24,0.6180339887498948,0.38196601
316,275868,1.0,0.89632369,0.0,True,24,0.6180339887498948,0.38196601
317,276741,1.0,-0.13669481,0.0,True,24,0.6180339887498948,0.38196601
318,277614,1.0,-1.1697133,0.0,True,24,0.6180339887498948,0.38196601
319,278487,1.0,-2.2027318,0.0,True,24,0.6180339887498948,0.38196601
320,279360,1.0,3.04743501,0.0,True,24,0.6180339887498948,0.38196601
321,280233,1.0,2.01441652,0.0,True,24,0.6180339887498948,0.38196601
322,281106,1.0,0.98139802,0.0,True,24,0.6180339887498948,0.38196601
323,281979,1.0,-0.05162048,0.0,True,24,0.6180339887498948,0.38196601
324,282852,1.0,-1.08463897,0.0,True,24,0.6180339887498948,0.38196601
325,283725,1.0,-2.11765747,-0.0,True,24,0.6180339887498948,0.38196601
326,284598,1.0,3.13250934,-0.0,True,24,0.6180339887498948,0.38196601
327,285471,1.0,2.09949085,0.0,True,24,0.6180339887498948,0.38196601
328,286344,1.0,1.06647235,0.0,True,24,0.6180339887498948,0.38196601
329,287217,1.0,0.03345385,-0.0,True,24,0.6180339887498948,0.38196601
330,288090,1.0,-0.99956464,0.0,True,24,0.6180339887498948,0.38196601
331,288963,1.0,-2.03258314,0.0,True,24,0.6180339887498948,0.38196601
332,289836,1.0,-3.06560164,-0.0,True,24,0.6180339887498948,0.38196601
333,290709,1.0,2.18456517,0.0,True,24,0.6180339887498948,0.38196601
334,291582,1.0,1.15154668,0.0,True,24,0.6180339887498948,0.38196601
335,292455,1.0,0.11852818,0.0,True,24,0.6180339887498948,0.38196601
336,293328,1.0,-0.91449031,0.0,True,24,0.6180339887498948,0.38196601
337,294201,1.0,-1.94750881,0.0,True,24,0.6180339887498948,0.38196601
338,295074,1.0,-2.98052731,0.0,True,24,0.6180339887498948,0.38196601
339,295947,1.0,2.2696395,0.0,True,24,0.6180339887498948,0.38196601
340,296820,1.0,1.23662101,0.0,True,24,0.6180339887498948,0.38196601
341,297693,1.0,0.20360251,0.0,True,24,0.6180339887498948,0.38196601
342,298566,1.0,-0.82941599,0.0,True,24,0.6180339887498948,0.38196601
343,299439,1.0,-1.86243448,0.0,True,24,0.6180339887498948,0.38196601
344,300312,1.0,-2.89545298,-0.0,True,24,0.6180339887498948,0.38196601
345,301185,1.0,2.35471383,0.0,True,24,0.6180339887498948,0.38196601
346,302058,1.0,1.32169534,0.0,True,24,0.6180339887498948,0.38196601
347,302931,1.0,0.28867684,0.0,True,24,0.6180339887498948,0.38196601
348,303804,1.0,-0.74434166,-0.0,True,24,0.6180339887498948,0.38196601
349,304677,1.0,-1.77736015,-0.0,True,24,0.6180339887498948,0.38196601
350,305550,1.0,-2.81037865,0.0,True,24,0.6180339887498948,0.38196601
351,306423,1.0,2.43978816,0.0,True,24,0.6180339887498948,0.38196601
352,307296,1.0,1.40676967,-0.0,True,24,0.6180339887498948,0.38196601
353,308169,1.0,0.37375117,0.0,True,24,0.6180339887498948,0.38196601
354,309042,1.0,-0.65926733,0.0,True,24,0.6180339887498948,0.38196601
355,309915,1.0,-1.69228582,0.0,True,24,0.6180339887498948,0.38196601
356,310788,1.0,-2.72530432,0.0,True,24,0.6180339887498948,0.38196601
357,311661,1.0,2.52486249,0.0,True,24,0.6180339887498948,0.38196601
358,312534,1.0,1.49184399,0.0,True,24,0.6180339887498948,0.38196601
359,313407,1.0,0.4588255,0.0,True,24,0.6180339887498948,0.38196601
360,314280,1.0,-0.574193,0.0,True,24,0.6180339887498948,0.38196601
361,315153,1.0,-1.60721149,0.0,True,24,0.6180339887498948,0.38196601
362,316026,1.0,-2.64022999,0.0,True,24,0.6180339887498948,0.38196601
363,316899,1.0,2.60993682,-0.0,True,24,0.6180339887498948,0.38196601
364,317772,1.0,1.57691832,0.0,True,24,0.6180339887498948,0.38196601
365,318645,1.0,0.54389983,0.0,True,24,0.6180339887498948,0.38196601
366,319518,1.0,-0.48911867,0.0,True,24,0.6180339887498948,0.38196601
367,320391,1.0,-1.52213717,0.0,True,24,0.6180339887498948,0.38196601
368,321264,1.0,-2.55515566,0.0,True,24,0.6180339887498948,0.38196601
369,322137,1.0,2.69501115,0.0,True,24,0.6180339887498948,0.38196601
370,323010,1.0,1.66199265,0.0,True,24,0.6180339887498948,0.38196601
371,323883,1.0,0.62897416,0.0,True,24,0.6180339887498948,0.38196601
372,324756,1.0,-0.40404434,0.0,True,24,0.6180339887498948,0.38196601
373,325629,1.0,-1.43706284,0.0,True,24,0.6180339887498948,0.38196601
374,326502,1.0,-2.47008133,0.0,True,24,0.6180339887498948,0.38196601
375,327375,1.0,2.78008548,0.0,True,24,0.6180339887498948,0.38196601
376,328248,1.0,1.74706698,-0.0,True,24,0.6180339887498948,0.38196601
377,329121,1.0,0.71404849,0.0,True,24,0.6180339887498948,0.38196601
378,329994,1.0,-0.31897001,0.0,True,24,0.6180339887498948,0.38196601
379,330867,1.0,-1.35198851,0.0,True,24,0.6180339887498948,0.38196601
380,331740,1.0,-2.385007,0.0,True,24,0.6180339887498948,0.38196601
381,332613,1.0,2.86515981,0.0,True,24,0.6180339887498948,0.38196601
382,333486,1.0,1.83214131,0.0,True,24,0.6180339887498948,0.38196601
383,334359,1.0,0.79912281,0.0,True,24,0.6180339887498948,0.38196601
384,335232,1.0,-0.23389568,-0.0,True,24,0.6180339887498948,0.38196601
385,336105,1.0,-1.26691418,0.0,True,24,0.6180339887498948,0.38196601
386,336978,1.0,-2.29993267,0.0,True,24,0.6180339887498948,0.38196601
387,337851,1.0,2.95023414,0.0,True,24,0.6180339887498948,0.38196601
388,338724,1.0,1.91721564,0.0,True,24,0.6180339887498948,0.38196601
389,339597,1.0,0.88419714,0.0,True,24,0.6180339887498948,0.38196601
390,340470,1.0,-0.14882135,0.0,True,24,0.6180339887498948,0.38196601
391,341343,1.0,-1.18183985,0.0,True,24,0.6180339887498948,0.38196601
392,342216,1.0,-2.21485835,0.0,True,24,0.6180339887498948,0.38196601
393,343089,1.0,3.03530846,0.0,True,24,0.6180339887498948,0.38196601
394,343962,1.0,2.00228997,0.0,True,24,0.6180339887498948,0.38196601
395,344835,1.0,0.96927147,0.0,True,24,0.6180339887498948,0.38196601
396,345708,1.0,-0.06374702,0.0,True,24,0.6180339887498948,0.38196601
397,346581,1.0,-1.09676552,0.0,True,24,0.6180339887498948,0.38196601
398,347454,1.0,-2.12978402,0.0,True,24,0.6180339887498948,0.38196601
399,348327,1.0,3.12038279,0.0,True,24,0.6180339887498948,0.38196601
400,349200,1.0,2.0873643,0.0,True,24,0.6180339887498948,0.38196601
401,350073,1.0,1.0543458,0.0,True,24,0.6180339887498948,0.38196601
402,350946,1.0,0.0213273,0.0,True,24,0.6180339887498948,0.38196601
403,351819,1.0,-1.01169119,0.0,True,24,0.6180339887498948,0.38196601
404,352692,1.0,-2.04470969,0.0,True,24,0.6180339887498948,0.38196601
405,353565,1.0,-3.07772818,0.0,True,24,0.6180339887498948,0.38196601
406,354438,1.0,2.17243863,0.0,True,24,0.6180339887498948,0.38196601
407,355311,1.0,1.13942013,0.0,True,24,0.6180339887498948,0.38196601
408,356184,1.0,0.10640163,0.0,True,24,0.6180339887498948,0.38196601
409,357057,1.0,-0.92661686,0.0,True,24,0.6180339887498948,0.38196601
410,357930,1.0,-1.95963536,0.0,True,24,0.6180339887498948,0.38196601
411,358803,1.0,-2.99265386,0.0,True,24,0.6180339887498948,0.38196601
412,359676,1.0,2.25751296,0.0,True,24,0.6180339887498948,0.38196601
413,360549,1.0,1.22449446,0.0,True,24,0.6180339887498948,0.38196601
414,361422,1.0,0.19147596,0.0,True,24,0.6180339887498948,0.38196601
415,362295,1.0,-0.84154253,0.0,True,24,0.6180339887498948,0.38196601
416,363168,1.0,-1.87456103,-0.0,True,24,0.6180339887498948,0.38196601
417,364041,1.0,-2.90757953,-0.0,True,24,0.6180339887498948,0.38196601
418,364914,1.0,2.34258728,0.0,True,24,0.6180339887498948,0.38196601
419,365787,1.0,1.30956879,0.0,True,24,0.6180339887498948,0.38196601
420,366660,1.0,0.27655029,0.0,True,24,0.6180339887498948,0.38196601
421,367533,1.0,-0.7564682,0.0,True,24,0.6180339887498948,0.38196601
422,368406,1.0,-1.7894867,0.0,True,24,0.6180339887498948,0.38196601
423,369279,1.0,-2.8225052,-0.0,True,24,0.6180339887498948,0.38196601
424,370152,1.0,2.42766161,0.0,True,24,0.6180339887498948,0.38196601
425,371025,1.0,1.39464312,-0.0,True,24,0.6180339887498948,0.38196601
426,371898,1.0,0.36162462,0.0,True,24,0.6180339887498948,0.38196601
427,372771,1.0,-0.67139388,0.0,True,24,0.6180339887498948,0.38196601
428,373644,1.0,-1.70441237,0.0,True,24,0.6180339887498948,0.38196601
429,374517,1.0,-2.73743087,0.0,True,24,0.6180339887498948,0.38196601
430,375390,1.0,2.51273594,0.0,True,24,0.6180339887498948,0.38196601
431,376263,1.0,1.47971745,0.0,True,24,0.6180339887498948,0.38196601
432,377136,1.0,0.44669895,0.0,True,24,0.6180339887498948,0.38196601
433,378009,1.0,-0.58631955,0.0,True,24,0.6180339887498948,0.38196601
434,378882,1.0,-1.61933804,-0.0,True,24,0.6180339887498948,0.38196601
435,379755,1.0,-2.65235654,0.0,True,24,0.6180339887498948,0.38196601
436,380628,1.0,2.59781027,0.0,True,24,0.6180339887498948,0.38196601
437,381501,1.0,1.56479178,0.0,True,24,0.6180339887498948,0.38196601
438,382374,1.0,0.53177328,0.0,True,24,0.6180339887498948,0.38196601
439,383247,1.0,-0.50124522,0.0,True,24,0.6180339887498948,0.38196601
440,384120,1.0,-1.53426371,0.0,True,24,0.6180339887498948,0.38196601
441,384993,1.0,-2.56728221,0.0,True,24,0.6180339887498948,0.38196601
442,385866,1.0,2.6828846,0.0,True,24,0.6180339887498948,0.38196601
443,386739,1.0,1.6498661,0.0,True,24,0.6180339887498948,0.38196601
444,387612,1.0,0.61684761,-0.0,True,24,0.6180339887498948,0.38196601
445,388485,1.0,-0.41617089,-0.0,True,24,0.6180339887498948,0.38196601
446,389358,1.0,-1.44918938,0.0,True,24,0.6180339887498948,0.38196601
447,390231,1.0,-2.48220788,0.0,True,24,0.6180339887498948,0.38196601
448,391104,1.0,2.76795893,0.0,True,24,0.6180339887498948,0.38196601
449,391977,1.0,1.73494043,0.0,True,24,0.6180339887498948,0.38196601
450,392850,1.0,0.70192194,0.0,True,24,0.6180339887498948,0.38196601
451,393723,1.0,-0.33109656,0.0,True,24,0.6180339887498948,0.38196601
452,394596,1.0,-1.36411506,0.0,True,24,0.6180339887498948,0.38196601
453,395469,1.0,-2.39713355,0.0,True,24,0.6180339887498948,0.38196601
454,396342,1.0,2.85303326,0.0,True,24,0.6180339887498948,0.38196601
455,397215,1.0,1.82001476,0.0,True,24,0.6180339887498948,0.38196601
456,398088,1.0,0.78699627,0.0,True,24,0.6180339887498948,0.38196601
457,398961,1.0,-0.24602223,-0.0,True,24,0.6180339887498948,0.38196601
458,399834,1.0,-1.27904073,0.0,True,24,0.6180339887498948,0.38196601
459,400707,1.0,-2.31205922,0.0,True,24,0.6180339887498948,0.38196601
460,401580,1.0,2.93810759,0.0,True,24,0.6180339887498948,0.38196601
461,402453,1.0,1.90508909,0.0,True,24,0.6180339887498948,0.38196601
462,403326,1.0,0.8720706,0.0,True,24,0.6180339887498948,0.38196601
463,404199,1.0,-0.1609479,0.0,True,24,0.6180339887498948,0.38196601
464,405072,1.0,-1.1939664,0.0,True,24,0.6180339887498948,0.38196601
465,405945,1.0,-2.22698489,0.0,True,24,0.6180339887498948,0.38196601
466,406818,1.0,3.02318192,0.0,True,24,0.6180339887498948,0.38196601
467,407691,1.0,1.99016342,0.0,True,24,0.6180339887498948,0.38196601
468,408564,1.0,0.95714492,0.0,True,24,0.6180339887498948,0.38196601
469,409437,1.0,-0.07587357,0.0,True,24,0.6180339887498948,0.38196601
470,410310,1.0,-1.10889207,0.0,True,24,0.6180339887498948,0.38196601
471,411183,1.0,-2.14191056,0.0,True,24,0.6180339887498948,0.38196601
472,412056,1.0,3.10825625,0.0,True,24,0.6180339887498948,0.38196601
473,412929,1.0,2.07523775,0.0,True,24,0.6180339887498948,0.38196601
474,413802,1.0,1.04221925,0.0,True,24,0.6180339887498948,0.38196601
475,414675,1.0,0.00920076,-0.0,True,24,0.6180339887498948,0.38196601
476,415548,1.0,-1.02381774,0.0,True,24,0.6180339887498948,0.38196601
477,416421,1.0,-2.05683624,0.0,True,24,0.6180339887498948,0.38196601
478,417294,1.0,-3.08985473,0.0,True,24,0.6180339887498948,0.38196601
479,418167,1.0,2.16031208,0.0,True,24,0.6180339887498948,0.38196601
480,419040,1.0,1.12729358,0.0,True,24,0.6180339887498948,0.38196601
481,419913,1.0,0.09427509,0.0,True,24,0.6180339887498948,0.38196601
482,420786,1.0,-0.93874341,0.0,True,24,0.6180339887498948,0.38196601
483,421659,1.0,-1.97176191,0.0,True,24,0.6180339887498948,0.38196601
484,422532,1.0,-3.0047804,0.0,True,24,0.6180339887498948,0.38196601
485,423405,1.0,2.24538641,0.0,True,24,0.6180339887498948,0.38196601
486,424278,1.0,1.21236791,0.0,True,24,0.6180339887498948,0.38196601
487,425151,1.0,0.17934942,0.0,True,24,0.6180339887498948,0.38196601
488,426024,1.0,-0.85366908,0.0,True,24,0.6180339887498948,0.38196601
489,426897,1.0,-1.88668758,-0.0,True,24,0.6180339887498948,0.38196601
490,427770,1.0,-2.91970607,0.0,True,24,0.6180339887498948,0.38196601
491,428643,1.0,2.33046074,0.0,True,24,0.6180339887498948,0.38196601
492,429516,1.0,1.29744224,-0.0,True,24,0.6180339887498948,0.38196601
493,430389,1.0,0.26442374,0.0,True,24,0.6180339887498948,0.38196601
494,431262,1.0,-0.76859475,-0.0,True,24,0.6180339887498948,0.38196601
495,432135,1.0,-1.80161325,0.0,True,24,0.6180339887498948,0.38196601
496,433008,1.0,-2.83463174,0.0,True,24,0.6180339887498948,0.38196601
497,433881,1.0,2.41553507,0.0,True,24,0.6180339887498948,0.38196601
498,434754,1.0,1.38251657,0.0,True,24,0.6180339887498948,0.38196601
499,435627,1.0,0.34949807,0.0,True,24,0.6180339887498948,0.38196601
500,436500,1.0,-0.68352042,0.0,True,24,0.6180339887498948,0.38196601
501,437373,1.0,-1.71653892,0.0,True,24,0.6180339887498948,0.38196601
502,438246,1.0,-2.74955742,0.0,True,24,0.6180339887498948,0.38196601
503,439119,1.0,2.5006094,0.0,True,24,0.6180339887498948,0.38196601
504,439992,1.0,1.4675909,-0.0,True,24,0.6180339887498948,0.38196601
505,440865,1.0,0.4345724,0.0,True,24,0.6180339887498948,0.38196601
506,441738,1.0,-0.59844609,0.0,True,24,0.6180339887498948,0.38196601
507,442611,1.0,-1.63146459,0.0,True,24,0.6180339887498948,0.38196601
508,443484,1.0,-2.66448309,0.0,True,24,0.6180339887498948,0.38196601
509,444357,1.0,2.58568372,0.0,True,24,0.6180339887498948,0.38196601
510,445230,1.0,1.55266523,-0.0,True,24,0.6180339887498948,0.38196601
511,446103,1.0,0.51964673,0.0,True,24,0.6180339887498948,0.38196601
512,446976,1.0,-0.51337176,0.0,True,24,0.6180339887498948,0.38196601
513,447849,1.0,-1.54639026,0.0,True,24,0.6180339887498948,0.38196601
514,448722,1.0,-2.57940876,0.0,True,24,0.6180339887498948,0.38196601
515,449595,1.0,2.67075805,0.0,True,24,0.6180339887498948,0.38196601
516,450468,1.0,1.63773956,-0.0,True,24,0.6180339887498948,0.38196601
517,451341,1.0,0.60472106,0.0,True,24,0.6180339887498948,0.38196601
518,452214,1.0,-0.42829744,0.0,True,24,0.6180339887498948,0.38196601
519,453087,1.0,-1.46131593,-0.0,True,24,0.6180339887498948,0.38196601
520,453960,1.0,-2.49433443,0.0,True,24,0.6180339887498948,0.38196601
521,454833,1.0,2.75583238,0.0,True,24,0.6180339887498948,0.38196601
522,455706,1.0,1.72281389,0.0,True,24,0.6180339887498948,0.38196601
523,456579,1.0,0.68979539,0.0,True,24,0.6180339887498948,0.38196601
524,457452,1.0,-0.34322311,0.0,True,24,0.6180339887498948,0.38196601
525,458325,1.0,-1.3762416,0.0,True,24,0.6180339887498948,0.38196601
526,459198,1.0,-2.4092601,0.0,True,24,0.6180339887498948,0.38196601
527,460071,1.0,2.84090671,0.0,True,24,0.6180339887498948,0.38196601
528,460944,1.0,1.80788822,0.0,True,24,0.6180339887498948,0.38196601
529,461817,1.0,0.77486972,0.0,True,24,0.6180339887498948,0.38196601
530,462690,1.0,-0.25814878,0.0,True,24,0.6180339887498948,0.38196601
531,463563,1.0,-1.29116727,0.0,True,24,0.6180339887498948,0.38196601
532,464436,1.0,-2.32418577,0.0,True,24,0.6180339887498948,0.38196601
533,465309,1.0,2.92598104,0.0,True,24,0.6180339887498948,0.38196601
534,466182,1.0,1.89296254,0.0,True,24,0.6180339887498948,0.38196601
535,467055,1.0,0.85994405,0.0,True,24,0.6180339887498948,0.38196601
536,467928,1.0,-0.17307445,0.0,True,24,0.6180339887498948,0.38196601
537,468801,1.0,-1.20609294,0.0,True,24,0.6180339887498948,0.38196601
538,469674,1.0,-2.23911144,0.0,True,24,0.6180339887498948,0.38196601
539,470547,1.0,3.01105537,0.0,True,24,0.6180339887498948,0.38196601
540,471420,1.0,1.97803687,0.0,True,24,0.6180339887498948,0.38196601
541,472293,1.0,0.94501838,0.0,True,24,0.6180339887498948,0.38196601
542,473166,1.0,-0.08800012,-0.0,True,24,0.6180339887498948,0.38196601
543,474039,1.0,-1.12101862,0.0,True,24,0.6180339887498948,0.38196601
544,474912,1.0,-2.15403711,0.0,True,24,0.6180339887498948,0.38196601
545,475785,1.0,3.0961297,0.0,True,24,0.6180339887498948,0.38196601
546,476658,1.0,2.0631112,-0.0,True,24,0.6180339887498948,0.38196601
547,477531,1.0,1.03009271,0.0,True,24,0.6180339887498948,0.38196601
548,478404,1.0,-0.00292579,-0.0,True,24,0.6180339887498948,0.38196601
549,479277,1.0,-1.03594429,0.0,True,24,0.6180339887498948,0.38196601
550,480150,1.0,-2.06896278,0.0,True,24,0.6180339887498948,0.38196601
551,481023,1.0,-3.10198128,0.0,True,24,0.6180339887498948,0.38196601
552,481896,1.0,2.14818553,0.0,True,24,0.6180339887498948,0.38196601
553,482769,1.0,1.11516704,0.0,True,24,0.6180339887498948,0.38196601
554,483642,1.0,0.08214854,-0.0,True,24,0.6180339887498948,0.38196601
555,484515,1.0,-0.95086996,0.0,True,24,0.6180339887498948,0.38196601
556,485388,1.0,-1.98388845,0.0,True,24,0.6180339887498948,0.38196601
557,486261,1.0,-3.01690695,0.0,True,24,0.6180339887498948,0.38196601
558,487134,1.0,2.23325986,0.0,True,24,0.6180339887498948,0.38196601
559,488007,1.0,1.20024136,0.0,True,24,0.6180339887498948,0.38196601
560,488880,1.0,0.16722287,0.0,True,24,0.6180339887498948,0.38196601
561,489753,1.0,-0.86579563,-0.0,True,24,0.6180339887498948,0.38196601
562,490626,1.0,-1.89881412,0.0,True,24,0.6180339887498948,0.38196601
563,491499,1.0,-2.93183262,0.0,True,24,0.6180339887498948,0.38196601
564,492372,1.0,2.31833419,0.0,True,24,0.6180339887498948,0.38196601
565,493245,1.0,1.28531569,0.0,True,24,0.6180339887498948,0.38196601
566,494118,1.0,0.2522972,0.0,True,24,0.6180339887498948,0.38196601
567,494991,1.0,-0.7807213,0.0,True,24,0.6180339887498948,0.38196601
568,495864,1.0,-1.8137398,0.0,True,24,0.6180339887498948,0.38196601
569,496737,1.0,-2.84675829,0.0,True,24,0.6180339887498948,0.38196601
570,497610,1.0,2.40340852,0.0,True,24,0.6180339887498948,0.38196601
571,498483,1.0,1.37039002,0.0,True,24,0.6180339887498948,0.38196601
572,499356,1.0,0.33737153,0.0,True,24,0.6180339887498948,0.38196601
573,500229,1.0,-0.69564697,0.0,True,24,0.6180339887498948,0.38196601
574,501102,1.0,-1.72866547,-0.0,True,24,0.6180339887498948,0.38196601
575,501975,1.0,-2.76168396,-0.0,True,24,0.6180339887498948,0.38196601
576,502848,1.0,2.48848285,0.0,True,24,0.6180339887498948,0.38196601
577,503721,1.0,1.45546435,-0.0,True,24,0.6180339887498948,0.38196601
578,504594,1.0,0.42244585,0.0,True,24,0.6180339887498948,0.38196601
579,505467,1.0,-0.61057264,0.0,True,24,0.6180339887498948,0.38196601
580,506340,1.0,-1.64359114,0.0,True,24,0.6180339887498948,0.38196601
581,507213,1.0,-2.67660963,0.0,True,24,0.6180339887498948,0.38196601
582,508086,1.0,2.57355718,0.0,True,24,0.6180339887498948,0.38196601
583,508959,1.0,1.54053868,0.0,True,24,0.6180339887498948,0.38196601
584,509832,1.0,0.50752018,0.0,True,24,0.6180339887498948,0.38196601
585,510705,1.0,-0.52549831,0.0,True,24,0.6180339887498948,0.38196601
586,511578,1.0,-1.55851681,-0.0,True,24,0.6180339887498948,0.38196601
587,512451,1.0,-2.59153531,0.0,True,24,0.6180339887498948,0.38196601
588,513324,1.0,2.65863151,0.0,True,24,0.6180339887498948,0.38196601
589,514197,1.0,1.62561301,-0.0,True,24,0.6180339887498948,0.38196601
590,515070,1.0,0.59259451,0.0,True,24,0.6180339887498948,0.38196601
591,515943,1.0,-0.44042398,0.0,True,24,0.6180339887498948,0.38196601
592,516816,1.0,-1.47344248,0.0,True,24,0.6180339887498948,0.38196601
593,517689,1.0,-2.50646098,0.0,True,24,0.6180339887498948,0.38196601
594,518562,1.0,2.74370583,0.0,True,24,0.6180339887498948,0.38196601
595,519435,1.0,1.71068734,0.0,True,24,0.6180339887498948,0.38196601
596,520308,1.0,0.67766884,0.0,True,24,0.6180339887498948,0.38196601
597,521181,1.0,-0.35534965,0.0,True,24,0.6180339887498948,0.38196601
598,522054,1.0,-1.38836815,0.0,True,24,0.6180339887498948,0.38196601
599,522927,1.0,-2.42138665,0.0,True,24,0.6180339887498948,0.38196601
600,523800,1.0,2.82878016,0.0,True,24,0.6180339887498948,0.38196601
601,524673,1.0,1.79576167,0.0,True,24,0.6180339887498948,0.38196601
602,525546,1.0,0.76274317,0.0,True,24,0.6180339887498948,0.38196601
603,526419,1.0,-0.27027533,0.0,True,24,0.6180339887498948,0.38196601
604,527292,1.0,-1.30329382,0.0,True,24,0.6180339887498948,0.38196601
605,528165,1.0,-2.33631232,0.0,True,24,0.6180339887498948,0.38196601
606,529038,1.0,2.91385449,0.0,True,24,0.6180339887498948,0.38196601
607,529911,1.0,1.880836,-0.0,True,24,0.6180339887498948,0.38196601
608,530784,1.0,0.8478175,-0.0,True,24,0.6180339887498948,0.38196601
609,531657,1.0,-0.185201,0.0,True,24,0.6180339887498948,0.38196601
610,532530,1.0,-1.21821949,0.0,True,24,0.6180339887498948,0.38196601
611,533403,1.0,-2.25123799,-0.0,True,24,0.6180339887498948,0.38196601
612,534276,1.0,2.99892882,0.0,True,24,0.6180339887498948,0.38196601
613,535149,1.0,1.96591033,0.0,True,24,0.6180339887498948,0.38196601
614,536022,1.0,0.93289183,0.0,True,24,0.6180339887498948,0.38196601
615,536895,1.0,-0.10012667,-0.0,True,24,0.6180339887498948,0.38196601
616,537768,1.0,-1.13314516,-0.0,True,24,0.6180339887498948,0.38196601
617,538641,1.0,-2.16616366,0.0,True,24,0.6180339887498948,0.38196601
618,539514,1.0,3.08400315,0.0,True,24,0.6180339887498948,0.38196601
619,540387,1.0,2.05098465,0.0,True,24,0.6180339887498948,0.38196601
620,541260,1.0,1.01796616,0.0,True,24,0.6180339887498948,0.38196601
621,542133,1.0,-0.01505234,0.0,True,24,0.6180339887498948,0.38196601
622,543006,1.0,-1.04807083,0.0,True,24,0.6180339887498948,0.38196601
623,543879,1.0,-2.08108933,0.0,True,24,0.6180339887498948,0.38196601
624,544752,1.0,-3.11410783,0.0,True,24,0.6180339887498948,0.38196601
625,545625,1.0,2.13605898,0.0,True,24,0.6180339887498948,0.38196601
626,546498,1.0,1.10304049,0.0,True,24,0.6180339887498948,0.38196601
627,547371,1.0,0.07002199,0.0,True,24,0.6180339887498948,0.38196601
628,548244,1.0,-0.96299651,0.0,True,24,0.6180339887498948,0.38196601
629,549117,1.0,-1.996015,0.0,True,24,0.6180339887498948,0.38196601
630,549990,1.0,-3.0290335,0.0,True,24,0.6180339887498948,0.38196601
631,550863,1.0,2.22113331,0.0,True,24,0.6180339887498948,0.38196601
632,551736,1.0,1.18811482,0.0,True,24,0.6180339887498948,0.38196601
633,552609,1.0,0.15509632,0.0,True,24,0.6180339887498948,0.38196601
634,553482,1.0,-0.87792218,0.0,True,24,0.6180339887498948,0.38196601
635,554355,1.0,-1.91094067,0.0,True,24,0.6180339887498948,0.38196601
636,555228,1.0,-2.94395917,0.0,True,24,0.6180339887498948,0.38196601
637,556101,1.0,2.30620764,0.0,True,24,0.6180339887498948,0.38196601
638,556974,1.0,1.27318915,0.0,True,24,0.6180339887498948,0.38196601
639,557847,1.0,0.24017065,-0.0,True,24,0.6180339887498948,0.38196601
640,558720,1.0,-0.79284785,-0.0,True,24,0.6180339887498948,0.38196601
641,559593,1.0,-1.82586634,0.0,True,24,0.6180339887498948,0.38196601
642,560466,1.0,-2.85888484,0.0,True,24,0.6180339887498948,0.38196601
643,561339,1.0,2.39128197,0.0,True,24,0.6180339887498948,0.38196601
644,562212,1.0,1.35826347,0.0,True,24,0.6180339887498948,0.38196601
645,563085,1.0,0.32524498,0.0,True,24,0.6180339887498948,0.38196601
646,563958,1.0,-0.70777352,0.0,True,24,0.6180339887498948,0.38196601
647,564831,1.0,-1.74079201,0.0,True,24,0.6180339887498948,0.38196601
648,565704,1.0,-2.77381051,0.0,True,24,0.6180339887498948,0.38196601
649,566577,1.0,2.4763563,0.0,True,24,0.6180339887498948,0.38196601
650,567450,1.0,1.4433378,-0.0,True,24,0.6180339887498948,0.38196601
651,568323,1.0,0.41031931,-0.0,True,24,0.6180339887498948,0.38196601
652,569196,1.0,-0.62269919,0.0,True,24,0.6180339887498948,0.38196601
653,570069,1.0,-1.65571769,-0.0,True,24,0.6180339887498948,0.38196601
654,570942,1.0,-2.68873618,0.0,True,24,0.6180339887498948,0.38196601
655,571815,1.0,2.56143063,0.0,True,24,0.6180339887498948,0.38196601
656,572688,1.0,1.52841213,0.0,True,24,0.6180339887498948,0.38196601
657,573561,1.0,0.49539364,0.0,True,24,0.6180339887498948,0.38196601
658,574434,1.0,-0.53762486,-0.0,True,24,0.6180339887498948,0.38196601
659,575307,1.0,-1.57064336,-0.0,True,24,0.6180339887498948,0.38196601
660,576180,1.0,-2.60366185,0.0,True,24,0.6180339887498948,0.38196601
661,577053,1.0,2.64650496,0.0,True,24,0.6180339887498948,0.38196601
662,577926,1.0,1.61348646,0.0,True,24,0.6180339887498948,0.38196601
663,578799,1.0,0.58046797,0.0,True,24,0.6180339887498948,0.38196601
664,579672,1.0,-0.45255053,0.0,True,24,0.6180339887498948,0.38196601
665,580545,1.0,-1.48556903,0.0,True,24,0.6180339887498948,0.38196601
666,581418,1.0,-2.51858752,0.0,True,24,0.6180339887498948,0.38196601
667,582291,1.0,2.73157929,0.0,True,24,0.6180339887498948,0.38196601
668,583164,1.0,1.69856079,0.0,True,24,0.6180339887498948,0.38196601
669,584037,1.0,0.66554229,0.0,True,24,0.6180339887498948,0.38196601
670,584910,1.0,-0.3674762,0.0,True,24,0.6180339887498948,0.38196601
671,585783,1.0,-1.4004947,0.0,True,24,0.6180339887498948,0.38196601
672,586656,1.0,-2.43351319,0.0,True,24,0.6180339887498948,0.38196601
673,587529,1.0,2.81665362,0.0,True,24,0.6180339887498948,0.38196601
674,588402,1.0,1.78363512,0.0,True,24,0.6180339887498948,0.38196601
675,589275,1.0,0.75061662,-0.0,True,24,0.6180339887498948,0.38196601
676,590148,1.0,-0.28240187,0.0,True,24,0.6180339887498948,0.38196601
677,591021,1.0,-1.31542037,-0.0,True,24,0.6180339887498948,0.38196601
678,591894,1.0,-2.34843887,0.0,True,24,0.6180339887498948,0.38196601
679,592767,1.0,2.90172795,0.0,True,24,0.6180339887498948,0.38196601
680,593640,1.0,1.86870945,0.0,True,24,0.6180339887498948,0.38196601
681,594513,1.0,0.83569095,0.0,True,24,0.6180339887498948,0.38196601
682,595386,1.0,-0.19732754,-0.0,True,24,0.6180339887498948,0.38196601
683,596259,1.0,-1.23034604,0.0,True,24,0.6180339887498948,0.38196601
684,597132,1.0,-2.26336454,0.0,True,24,0.6180339887498948,0.38196601
685,598005,1.0,2.98680227,0.0,True,24,0.6180339887498948,0.38196601
686,598878,1.0,1.95378378,0.0,True,24,0.6180339887498948,0.38196601
687,599751,1.0,0.92076528,0.0,True,24,0.6180339887498948,0.38196601
688,600624,1.0,-0.11225321,0.0,True,24,0.6180339887498948,0.38196601
689,601497,1.0,-1.14527171,0.0,True,24,0.6180339887498948,0.38196601
690,602370,1.0,-2.17829021,0.0,True,24,0.6180339887498948,0.38196601
691,603243,1.0,3.0718766,0.0,True,24,0.6180339887498948,0.38196601
692,604116,1.0,2.03885811,0.0,True,24,0.6180339887498948,0.38196601
693,604989,1.0,1.00583961,0.0,True,24,0.6180339887498948,0.38196601
694,605862,1.0,-0.02717889,0.0,True,24,0.6180339887498948,0.38196601
695,606735,1.0,-1.06019738,0.0,True,24,0.6180339887498948,0.38196601
696,607608,1.0,-2.09321588,0.0,True,24,0.6180339887498948,0.38196601
697,608481,1.0,-3.12623437,0.0,True,24,0.6180339887498948,0.38196601
698,609354,1.0,2.12393244,-0.0,True,24,0.6180339887498948,0.38196601
699,610227,1.0,1.09091394,0.0,True,24,0.6180339887498948,0.38196601
700,611100,1.0,0.05789544,0.0,True,24,0.6180339887498948,0.38196601
701,611973,1.0,-0.97512305,0.0,True,24,0.6180339887498948,0.38196601
702,612846,1.0,-2.00814155,0.0,True,24,0.6180339887498948,0.38196601
703,613719,1.0,-3.04116005,0.0,True,24,0.6180339887498948,0.38196601
704,614592,1.0,2.20900677,0.0,True,24,0.6180339887498948,0.38196601
705,615465,1.0,1.17598827,0.0,True,24,0.6180339887498948,0.38196601
706,616338,1.0,0.14296977,0.0,True,24,0.6180339887498948,0.38196601
707,617211,1.0,-0.89004872,0.0,True,24,0.6180339887498948,0.38196601
708,618084,1.0,-1.92306722,-0.0,True,24,0.6180339887498948,0.38196601
709,618957,1.0,-2.95608572,0.0,True,24,0.6180339887498948,0.38196601
710,619830,1.0,2.29408109,0.0,True,24,0.6180339887498948,0.38196601
711,620703,1.0,1.2610626,-0.0,True,24,0.6180339887498948,0.38196601
712,621576,1.0,0.2280441,0.0,True,24,0.6180339887498948,0.38196601
713,622449,1.0,-0.80497439,0.0,True,24,0.6180339887498948,0.38196601
714,623322,1.0,-1.83799289,-0.0,True,24,0.6180339887498948,0.38196601
715,624195,1.0,-2.87101139,0.0,True,24,0.6180339887498948,0.38196601
716,625068,1.0,2.37915542,0.0,True,24,0.6180339887498948,0.38196601
717,625941,1.0,1.34613693,0.0,True,24,0.6180339887498948,0.38196601
718,626814,1.0,0.31311843,0.0,True,24,0.6180339887498948,0.38196601
719,627687,1.0,-0.71990007,0.0,True,24,0.6180339887498948,0.38196601
720,628560,1.0,-1.75291856,0.0,True,24,0.6180339887498948,0.38196601
721,629433,1.0,-2.78593706,-0.0,True,24,0.6180339887498948,0.38196601
722,630306,1.0,2.46422975,0.0,True,24,0.6180339887498948,0.38196601
723,631179,1.0,1.43121126,0.0,True,24,0.6180339887498948,0.38196601
724,632052,1.0,0.39819276,0.0,True,24,0.6180339887498948,0.38196601
725,632925,1.0,-0.63482574,0.0,True,24,0.6180339887498948,0.38196601
726,633798,1.0,-1.66784423,0.0,True,24,0.6180339887498948,0.38196601
727,634671,1.0,-2.70086273,0.0,True,24,0.6180339887498948,0.38196601
728,635544,1.0,2.54930408,-0.0,True,24,0.6180339887498948,0.38196601
729,636417,1.0,1.51628559,0.0,True,24,0.6180339887498948,0.38196601
730,637290,1.0,0.48326709,0.0,True,24,0.6180339887498948,0.38196601
731,638163,1.0,-0.54975141,0.0,True,24,0.6180339887498948,0.38196601
732,639036,1.0,-1.5827699,0.0,True,24,0.6180339887498948,0.38196601
733,639909,1.0,-2.6157884,0.0,True,24,0.6180339887498948,0.38196601
734,640782,1.0,2.63437841,0.0,True,24,0.6180339887498948,0.38196601
735,641655,1.0,1.60135991,0.0,True,24,0.6180339887498948,0.38196601
736,642528,1.0,0.56834142,0.0,True,24,0.6180339887498948,0.38196601
737,643401,1.0,-0.46467708,0.0,True,24,0.6180339887498948,0.38196601
738,644274,1.0,-1.49769557,0.0,True,24,0.6180339887498948,0.38196601
739,645147,1.0,-2.53071407,-0.0,True,24,0.6180339887498948,0.38196601
740,646020,1.0,2.71945274,0.0,True,24,0.6180339887498948,0.38196601
741,646893,1.0,1.68643424,0.0,True,24,0.6180339887498948,0.38196601
742,647766,1.0,0.65341575,0.0,True,24,0.6180339887498948,0.38196601
743,648639,1.0,-0.37960275,-0.0,True,24,0.6180339887498948,0.38196601
744,649512,1.0,-1.41262125,0.0,True,24,0.6180339887498948,0.38196601
745,650385,1.0,-2.44563974,-0.0,True,24,0.6180339887498948,0.38196601
746,651258,1.0,2.80452707,0.0,True,24,0.6180339887498948,0.38196601
747,652131,1.0,1.77150857,0.0,True,24,0.6180339887498948,0.38196601
748,653004,1.0,0.73849008,0.0,True,24,0.6180339887498948,0.38196601
749,653877,1.0,-0.29452842,-0.0,True,24,0.6180339887498948,0.38196601
750,654750,1.0,-1.32754692,-0.0,True,24,0.6180339887498948,0.38196601
751,655623,1.0,-2.36056541,0.0,True,24,0.6180339887498948,0.38196601
752,656496,1.0,2.8896014,-0.0,True,24,0.6180339887498948,0.38196601
753,657369,1.0,1.8565829,-0.0,True,24,0.6180339887498948,0.38196601
754,658242,1.0,0.8235644,0.0,True,24,0.6180339887498948,0.38196601
755,659115,1.0,-0.20945409,0.0,True,24,0.6180339887498948,0.38196601
756,659988,1.0,-1.24247259,0.0,True,24,0.6180339887498948,0.38196601
757,660861,1.0,-2.27549108,0.0,True,24,0.6180339887498948,0.38196601
758,661734,1.0,2.97467573,0.0,True,24,0.6180339887498948,0.38196601
759,662607,1.0,1.94165723,0.0,True,24,0.6180339887498948,0.38196601
760,663480,1.0,0.90863873,0.0,True,24,0.6180339887498948,0.38196601
761,664353,1.0,-0.12437976,0.0,True,24,0.6180339887498948,0.38196601
762,665226,1.0,-1.15739826,-0.0,True,24,0.6180339887498948,0.38196601
763,666099,1.0,-2.19041676,0.0,True,24,0.6180339887498948,0.38196601
764,666972,1.0,3.05975006,0.0,True,24,0.6180339887498948,0.38196601
765,667845,1.0,2.02673156,0.0,True,24,0.6180339887498948,0.38196601
766,668718,1.0,0.99371306,0.0,True,24,0.6180339887498948,0.38196601
767,669591,1.0,-0.03930543,0.0,True,24,0.6180339887498948,0.38196601
768,670464,1.0,-1.07232393,0.0,True,24,0.6180339887498948,0.38196601
769,671337,1.0,-2.10534243,0.0,True,24,0.6180339887498948,0.38196601
770,672210,1.0,-3.13836092,0.0,True,24,0.6180339887498948,0.38196601
771,673083,1.0,2.11180589,0.0,True,24,0.6180339887498948,0.38196601
772,673956,1.0,1.07878739,0.0,True,24,0.6180339887498948,0.38196601
773,674829,1.0,0.0457689,-0.0,True,24,0.6180339887498948,0.38196601
774,675702,1.0,-0.9872496,-0.0,True,24,0.6180339887498948,0.38196601
775,676575,1.0,-2.0202681,0.0,True,24,0.6180339887498948,0.38196601
776,677448,1.0,-3.05328659,0.0,True,24,0.6180339887498948,0.38196601
777,678321,1.0,2.19688022,0.0,True,24,0.6180339887498948,0.38196601
778,679194,1.0,1.16386172,0.0,True,24,0.6180339887498948,0.38196601
779,680067,1.0,0.13084322,0.0,True,24,0.6180339887498948,0.38196601
780,680940,1.0,-0.90217527,0.0,True,24,0.6180339887498948,0.38196601
781,681813,1.0,-1.93519377,0.0,True,24,0.6180339887498948,0.38196601
782,682686,1.0,-2.96821226,0.0,True,24,0.6180339887498948,0.38196601
783,683559,1.0,2.28195455,0.0,True,24,0.6180339887498948,0.38196601
784,684432,1.0,1.24893605,0.0,True,24,0.6180339887498948,0.38196601
785,685305,1.0,0.21591755,-0.0,True,24,0.6180339887498948,0.38196601
786,686178,1.0,-0.81710094,0.0,True,24,0.6180339887498948,0.38196601
787,687051,1.0,-1.85011944,0.0,True,24,0.6180339887498948,0.38196601
788,687924,1.0,-2.88313794,0.0,True,24,0.6180339887498948,0.38196601
789,688797,1.0,2.36702888,0.0,True,24,0.6180339887498948,0.38196601
790,689670,1.0,1.33401038,0.0,True,24,0.6180339887498948,0.38196601
791,690543,1.0,0.30099188,-0.0,True,24,0.6180339887498948,0.38196601
792,691416,1.0,-0.73202661,0.0,True,24,0.6180339887498948,0.38196601
793,692289,1.0,-1.76504511,0.0,True,24,0.6180339887498948,0.38196601
794,693162,1.0,-2.79806361,0.0,True,24,0.6180339887498948,0.38196601
795,694035,1.0,2.4521032,-0.0,True,24,0.6180339887498948,0.38196601
796,694908,1.0,1.41908471,0.0,True,24,0.6180339887498948,0.38196601
797,695781,1.0,0.38606621,0.0,True,24,0.6180339887498948,0.38196601
798,696654,1.0,-0.64695228,0.0,True,24,0.6180339887498948,0.38196601
799,697527,1.0,-1.67997078,0.0,True,24,0.6180339887498948,0.38196601
800,698400,1.0,-2.71298928,0.0,True,24,0.6180339887498948,0.38196601
801,699273,1.0,2.53717753,0.0,True,24,0.6180339887498948,0.38196601
802,700146,1.0,1.50415904,0.0,True,24,0.6180339887498948,0.38196601
803,701019,1.0,0.47114054,0.0,True,24,0.6180339887498948,0.38196601
804,701892,1.0,-0.56187796,-0.0,True,24,0.6180339887498948,0.38196601
805,702765,1.0,-1.59489645,0.0,True,24,0.6180339887498948,0.38196601
806,703638,1.0,-2.62791495,0.0,True,24,0.6180339887498948,0.38196601
807,704511,1.0,2.62225186,0.0,True,24,0.6180339887498948,0.38196601
808,705384,1.0,1.58923337,0.0,True,24,0.6180339887498948,0.38196601
809,706257,1.0,0.55621487,0.0,True,24,0.6180339887498948,0.38196601
810,707130,1.0,-0.47680363,0.0,True,24,0.6180339887498948,0.38196601
811,708003,1.0,-1.50982212,0.0,True,24,0.6180339887498948,0.38196601
812,708876,1.0,-2.54284062,-0.0,True,24,0.6180339887498948,0.38196601
813,709749,1.0,2.70732619,0.0,True,24,0.6180339887498948,0.38196601
814,710622,1.0,1.6743077,0.0,True,24,0.6180339887498948,0.38196601
815,711495,1.0,0.6412892,0.0,True,24,0.6180339887498948,0.38196601
816,712368,1.0,-0.3917293,0.0,True,24,0.6180339887498948,0.38196601
817,713241,1.0,-1.42474779,0.0,True,24,0.6180339887498948,0.38196601
818,714114,1.0,-2.45776629,0.0,True,24,0.6180339887498948,0.38196601
819,714987,1.0,2.79240052,0.0,True,24,0.6180339887498948,0.38196601
820,715860,1.0,1.75938202,-0.0,True,24,0.6180339887498948,0.38196601
821,716733,1.0,0.72636353,0.0,True,24,0.6180339887498948,0.38196601
822,717606,1.0,-0.30665497,0.0,True,24,0.6180339887498948,0.38196601
823,718479,1.0,-1.33967346,-0.0,True,24,0.6180339887498948,0.38196601
824,719352,1.0,-2.37269196,0.0,True,24,0.6180339887498948,0.38196601
825,720225,1.0,2.87747485,0.0,True,24,0.6180339887498948,0.38196601
826,721098,1.0,1.84445635,0.0,True,24,0.6180339887498948,0.38196601
827,721971,1.0,0.81143786,0.0,True,24,0.6180339887498948,0.38196601
828,722844,1.0,-0.22158064,0.0,True,24,0.6180339887498948,0.38196601
829,723717,1.0,-1.25459914,0.0,True,24,0.6180339887498948,0.38196601
830,724590,1.0,-2.28761763,0.0,True,24,0.6180339887498948,0.38196601
831,725463,1.0,2.96254918,0.0,True,24,0.6180339887498948,0.38196601
832,726336,1.0,1.92953068,0.0,True,24,0.6180339887498948,0.38196601
833,727209,1.0,0.89651219,0.0,True,24,0.6180339887498948,0.38196601
834,728082,1.0,-0.13650631,0.0,True,24,0.6180339887498948,0.38196601
835,728955,1.0,-1.16952481,0.0,True,24,0.6180339887498948,0.38196601
836,729828,1.0,-2.2025433,-0.0,True,24,0.6180339887498948,0.38196601
837,730701,1.0,3.04762351,-0.0,True,24,0.6180339887498948,0.38196601
838,731574,1.0,2.01460501,0.0,True,24,0.6180339887498948,0.38196601
839,732447,1.0,0.98158652,0.0,True,24,0.6180339887498948,0.38196601
840,733320,1.0,-0.05143198,0.0,True,24,0.6180339887498948,0.38196601
841,734193,1.0,-1.08445048,0.0,True,24,0.6180339887498948,0.38196601
842,735066,1.0,-2.11746897,0.0,True,24,0.6180339887498948,0.38196601
843,735939,1.0,3.13269784,0.0,True,24,0.6180339887498948,0.38196601
844,736812,1.0,2.09967934,-0.0,True,24,0.6180339887498948,0.38196601
845,737685,1.0,1.06666084,0.0,True,24,0.6180339887498948,0.38196601
846,738558,1.0,0.03364235,0.0,True,24,0.6180339887498948,0.38196601
847,739431,1.0,-0.99937615,-0.0,True,24,0.6180339887498948,0.38196601
848,740304,1.0,-2.03239464,0.0,True,24,0.6180339887498948,0.38196601
849,741177,1.0,-3.06541314,0.0,True,24,0.6180339887498948,0.38196601
850,742050,1.0,2.18475367,0.0,True,24,0.6180339887498948,0.38196601
851,742923,1.0,1.15173517,0.0,True,24,0.6180339887498948,0.38196601
852,743796,1.0,0.11871668,0.0,True,24,0.6180339887498948,0.38196601
853,744669,1.0,-0.91430182,0.0,True,24,0.6180339887498948,0.38196601
854,745542,1.0,-1.94732032,0.0,True,24,0.6180339887498948,0.38196601
855,746415,1.0,-2.98033881,0.0,True,24,0.6180339887498948,0.38196601
856,747288,1.0,2.269828,0.0,True,24,0.6180339887498948,0.38196601
857,748161,1.0,1.2368095,0.0,True,24,0.6180339887498948,0.38196601
858,749034,1.0,0.20379101,0.0,True,24,0.6180339887498948,0.38196601
859,749907,1.0,-0.82922749,0.0,True,24,0.6180339887498948,0.38196601
860,750780,1.0,-1.86224599,0.0,True,24,0.6180339887498948,0.38196601
861,751653,1.0,-2.89526448,0.0,True,24,0.6180339887498948,0.38196601
862,752526,1.0,2.35490233,0.0,True,24,0.6180339887498948,0.38196601
863,753399,1.0,1.32188383,0.0,True,24,0.6180339887498948,0.38196601
864,754272,1.0,0.28886534,-0.0,True,24,0.6180339887498948,0.38196601
865,755145,1.0,-0.74415316,0.0,True,24,0.6180339887498948,0.38196601
866,756018,1.0,-1.77717166,0.0,True,24,0.6180339887498948,0.38196601
867,756891,1.0,-2.81019015,0.0,True,24,0.6180339887498948,0.38196601
868,757764,1.0,2.43997666,0.0,True,24,0.6180339887498948,0.38196601
869,758637,1.0,1.40695816,0.0,True,24,0.6180339887498948,0.38196601
870,759510,1.0,0.37393966,0.0,True,24,0.6180339887498948,0.38196601
871,760383,1.0,-0.65907883,0.0,True,24,0.6180339887498948,0.38196601
872,761256,1.0,-1.69209733,0.0,True,24,0.6180339887498948,0.38196601
873,762129,1.0,-2.72511582,0.0,True,24,0.6180339887498948,0.38196601
874,763002,1.0,2.52505099,-0.0,True,24,0.6180339887498948,0.38196601
875,763875,1.0,1.49203249,0.0,True,24,0.6180339887498948,0.38196601
876,764748,1.0,0.45901399,-0.0,True,24,0.6180339887498948,0.38196601
877,765621,1.0,-0.5740045,0.0,True,24,0.6180339887498948,0.38196601
878,766494,1.0,-1.607023,0.0,True,24,0.6180339887498948,0.38196601
879,767367,1.0,-2.6400415,0.0,True,24,0.6180339887498948,0.38196601
880,768240,1.0,2.61012532,0.0,True,24,0.6180339887498948,0.38196601
881,769113,1.0,1.57710682,0.0,True,24,0.6180339887498948,0.38196601
882,769986,1.0,0.54408832,0.0,True,24,0.6180339887498948,0.38196601
883,770859,1.0,-0.48893017,0.0,True,24,0.6180339887498948,0.38196601
884,771732,1.0,-1.52194867,-0.0,True,24,0.6180339887498948,0.38196601
885,772605,1.0,-2.55496717,0.0,True,24,0.6180339887498948,0.38196601
886,773478,1.0,2.69519964,0.0,True,24,0.6180339887498948,0.38196601
887,774351,1.0,1.66218115,0.0,True,24,0.6180339887498948,0.38196601
888,775224,1.0,0.62916265,0.0,True,24,0.6180339887498948,0.38196601
889,776097,1.0,-0.40385584,0.0,True,24,0.6180339887498948,0.38196601
890,776970,1.0,-1.43687434,0.0,True,24,0.6180339887498948,0.38196601
891,777843,1.0,-2.46989284,0.0,True,24,0.6180339887498948,0.38196601
892,778716,1.0,2.78027397,0.0,True,24,0.6180339887498948,0.38196601
893,779589,1.0,1.74725548,0.0,True,24,0.6180339887498948,0.38196601
894,780462,1.0,0.71423698,-0.0,True,24,0.6180339887498948,0.38196601
895,781335,1.0,-0.31878152,0.0,True,24,0.6180339887498948,0.38196601
896,782208,1.0,-1.35180001,0.0,True,24,0.6180339887498948,0.38196601
897,783081,1.0,-2.38481851,0.0,True,24,0.6180339887498948,0.38196601
898,783954,1.0,2.8653483,0.0,True,24,0.6180339887498948,0.38196601
899,784827,1.0,1.83232981,0.0,True,24,0.6180339887498948,0.38196601
900,785700,1.0,0.79931131,-0.0,True,24,0.6180339887498948,0.38196601
901,786573,1.0,-0.23370719,0.0,True,24,0.6180339887498948,0.38196601
902,787446,1.0,-1.26672568,-0.0,True,24,0.6180339887498948,0.38196601
903,788319,1.0,-2.29974418,0.0,True,24,0.6180339887498948,0.38196601
904,789192,1.0,2.95042263,0.0,True,24,0.6180339887498948,0.38196601
905,790065,1.0,1.91740414,0.0,True,24,0.6180339887498948,0.38196601
906,790938,1.0,0.88438564,0.0,True,24,0.6180339887498948,0.38196601
907,791811,1.0,-0.14863286,0.0,True,24,0.6180339887498948,0.38196601
908,792684,1.0,-1.18165135,0.0,True,24,0.6180339887498948,0.38196601
909,793557,1.0,-2.21466985,0.0,True,24,0.6180339887498948,0.38196601
910,794430,1.0,3.03549696,0.0,True,24,0.6180339887498948,0.38196601
911,795303,1.0,2.00247846,0.0,True,24,0.6180339887498948,0.38196601
912,796176,1.0,0.96945997,0.0,True,24,0.6180339887498948,0.38196601
913,797049,1.0,-0.06355853,0.0,True,24,0.6180339887498948,0.38196601
914,797922,1.0,-1.09657702,0.0,True,24,0.6180339887498948,0.38196601
915,798795,1.0,-2.12959552,0.0,True,24,0.6180339887498948,0.38196601
916,799668,1.0,3.12057129,-0.0,True,24,0.6180339887498948,0.38196601
917,800541,1.0,2.08755279,0.0,True,24,0.6180339887498948,0.38196601
918,801414,1.0,1.0545343,-0.0,True,24,0.6180339887498948,0.38196601
919,802287,1.0,0.0215158,0.0,True,24,0.6180339887498948,0.38196601
920,803160,1.0,-1.0115027,0.0,True,24,0.6180339887498948,0.38196601
921,804033,1.0,-2.04452119,0.0,True,24,0.6180339887498948,0.38196601
922,804906,1.0,-3.07753969,0.0,True,24,0.6180339887498948,0.38196601
923,805779,1.0,2.17262712,0.0,True,24,0.6180339887498948,0.38196601
924,806652,1.0,1.13960863,0.0,True,24,0.6180339887498948,0.38196601
925,807525,1.0,0.10659013,0.0,True,24,0.6180339887498948,0.38196601
926,808398,1.0,-0.92642837,0.0,True,24,0.6180339887498948,0.38196601
927,809271,1.0,-1.95944686,-0.0,True,24,0.6180339887498948,0.38196601
928,810144,1.0,-2.99246536,0.0,True,24,0.6180339887498948,0.38196601
929,811017,1.0,2.25770145,0.0,True,24,0.6180339887498948,0.38196601
930,811890,1.0,1.22468295,-0.0,True,24,0.6180339887498948,0.38196601
931,812763,1.0,0.19166446,0.0,True,24,0.6180339887498948,0.38196601
932,813636,1.0,-0.84135404,-0.0,True,24,0.6180339887498948,0.38196601
933,814509,1.0,-1.87437253,0.0,True,24,0.6180339887498948,0.38196601
934,815382,1.0,-2.90739103,0.0,True,24,0.6180339887498948,0.38196601
935,816255,1.0,2.34277578,0.0,True,24,0.6180339887498948,0.38196601
936,817128,1.0,1.30975728,0.0,True,24,0.6180339887498948,0.38196601
937,818001,1.0,0.27673879,-0.0,True,24,0.6180339887498948,0.38196601
938,818874,1.0,-0.75627971,0.0,True,24,0.6180339887498948,0.38196601
939,819747,1.0,-1.78929821,0.0,True,24,0.6180339887498948,0.38196601
940,820620,1.0,-2.8223167,-0.0,True,24,0.6180339887498948,0.38196601
941,821493,1.0,2.42785011,0.0,True,24,0.6180339887498948,0.38196601
942,822366,1.0,1.39483161,0.0,True,24,0.6180339887498948,0.38196601
943,823239,1.0,0.36181312,0.0,True,24,0.6180339887498948,0.38196601
944,824112,1.0,-0.67120538,-0.0,True,24,0.6180339887498948,0.38196601
945,824985,1.0,-1.70422388,0.0,True,24,0.6180339887498948,0.38196601
946,825858,1.0,-2.73724237,0.0,True,24,0.6180339887498948,0.38196601
947,826731,1.0,2.51292444,0.0,True,24,0.6180339887498948,0.38196601
948,827604,1.0,1.47990594,-0.0,True,24,0.6180339887498948,0.38196601
949,828477,1.0,0.44688745,0.0,True,24,0.6180339887498948,0.38196601
950,829350,1.0,-0.58613105,0.0,True,24,0.6180339887498948,0.38196601
951,830223,1.0,-1.61914955,-0.0,True,24,0.6180339887498948,0.38196601
952,831096,1.0,-2.65216804,0.0,True,24,0.6180339887498948,0.38196601
953,831969,1.0,2.59799877,0.0,True,24,0.6180339887498948,0.38196601
954,832842,1.0,1.56498027,0.0,True,24,0.6180339887498948,0.38196601
955,833715,1.0,0.53196177,0.0,True,24,0.6180339887498948,0.38196601
956,834588,1.0,-0.50105672,0.0,True,24,0.6180339887498948,0.38196601
957,835461,1.0,-1.53407522,0.0,True,24,0.6180339887498948,0.38196601
958,836334,1.0,-2.56709371,0.0,True,24,0.6180339887498948,0.38196601
959,837207,1.0,2.6830731,0.0,True,24,0.6180339887498948,0.38196601
960,838080,1.0,1.6500546,0.0,True,24,0.6180339887498948,0.38196601
961,838953,1.0,0.6170361,0.0,True,24,0.6180339887498948,0.38196601
962,839826,1.0,-0.41598239,0.0,True,24,0.6180339887498948,0.38196601
963,840699,1.0,-1.44900089,0.0,True,24,0.6180339887498948,0.38196601
964,841572,1.0,-2.48201939,0.0,True,24,0.6180339887498948,0.38196601
965,842445,1.0,2.76814743,0.0,True,24,0.6180339887498948,0.38196601
966,843318,1.0,1.73512893,0.0,True,24,0.6180339887498948,0.38196601
967,844191,1.0,0.70211043,0.0,True,24,0.6180339887498948,0.38196601
968,845064,1.0,-0.33090806,0.0,True,24,0.6180339887498948,0.38196601
969,845937,1.0,-1.36392656,0.0,True,24,0.6180339887498948,0.38196601
970,846810,1.0,-2.39694506,0.0,True,24,0.6180339887498948,0.38196601
971,847683,1.0,2.85322175,-0.0,True,24,0.6180339887498948,0.38196601
972,848556,1.0,1.82020326,0.0,True,24,0.6180339887498948,0.38196601
973,849429,1.0,0.78718476,0.0,True,24,0.6180339887498948,0.38196601
974,850302,1.0,-0.24583373,0.0,True,24,0.6180339887498948,0.38196601
975,851175,1.0,-1.27885223,0.0,True,24,0.6180339887498948,0.38196601
976,852048,1.0,-2.31187073,0.0,True,24,0.6180339887498948,0.38196601
977,852921,1.0,2.93829608,0.0,True,24,0.6180339887498948,0.38196601
978,853794,1.0,1.90527759,0.0,True,24,0.6180339887498948,0.38196601
979,854667,1.0,0.87225909,0.0,True,24,0.6180339887498948,0.38196601
980,855540,1.0,-0.16075941,0.0,True,24,0.6180339887498948,0.38196601
981,856413,1.0,-1.1937779,-0.0,True,24,0.6180339887498948,0.38196601
982,857286,1.0,-2.2267964,0.0,True,24,0.6180339887498948,0.38196601
983,858159,1.0,3.02337041,-0.0,True,24,0.6180339887498948,0.38196601
984,859032,1.0,1.99035192,0.0,True,24,0.6180339887498948,0.38196601
985,859905,1.0,0.95733342,0.0,True,24,0.6180339887498948,0.38196601
986,860778,1.0,-0.07568508,-0.0,True,24,0.6180339887498948,0.38196601
987,861651,1.0,-1.10870357,0.0,True,24,0.6180339887498948,0.38196601
988,862524,1.0,-2.14172207,0.0,True,24,0.6180339887498948,0.38196601
989,863397,1.0,3.10844474,-0.0,True,24,0.6180339887498948,0.38196601
990,864270,1.0,2.07542625,0.0,True,24,0.6180339887498948,0.38196601
991,865143,1.0,1.04240775,0.0,True,24,0.6180339887498948,0.38196601
992,866016,1.0,0.00938925,0.0,True,24,0.6180339887498948,0.38196601
993,866889,1.0,-1.02362924,0.0,True,24,0.6180339887498948,0.38196601
994,867762,1.0,-2.05664774,0.0,True,24,0.6180339887498948,0.38196601
995,868635,1.0,-3.08966624,0.0,True,24,0.6180339887498948,0.38196601
996,869508,1.0,2.16050057,-0.0,True,24,0.6180339887498948,0.38196601
997,870381,1.0,1.12748208,0.0,True,24,0.6180339887498948,0.38196601
998,871254,1.0,0.09446358,0.0,True,24,0.6180339887498948,0.38196601
999,872127,1.0,-0.93855491,-0.0,True,24,0.6180339887498948,0.38196601
1000,873000,1.0,-1.97157341,0.0,True,24,0.6180339887498948,0.38196601
1001,873873,1.0,-3.00459191,0.0,True,24,0.6180339887498948,0.38196601
1002,874746,1.0,2.2455749,-0.0,True,24,0.6180339887498948,0.38196601
1003,875619,1.0,1.21255641,0.0,True,24,0.6180339887498948,0.38196601
1004,876492,1.0,0.17953791,0.0,True,24,0.6180339887498948,0.38196601
1005,877365,1.0,-0.85348059,0.0,True,24,0.6180339887498948,0.38196601
1006,878238,1.0,-1.88649908,0.0,True,24,0.6180339887498948,0.38196601
1007,879111,1.0,-2.91951758,0.0,True,24,0.6180339887498948,0.38196601
1008,879984,1.0,2.33064923,0.0,True,24,0.6180339887498948,0.38196601
1009,880857,1.0,1.29763074,-0.0,True,24,0.6180339887498948,0.38196601
1010,881730,1.0,0.26461224,0.0,True,24,0.6180339887498948,0.38196601
1011,882603,1.0,-0.76840626,0.0,True,24,0.6180339887498948,0.38196601
1012,883476,1.0,-1.80142475,0.0,True,24,0.6180339887498948,0.38196601
1013,884349,1.0,-2.83444325,0.0,True,24,0.6180339887498948,0.38196601
1014,885222,1.0,2.41572356,0.0,True,24,0.6180339887498948,0.38196601
1015,886095,1.0,1.38270507,0.0,True,24,0.6180339887498948,0.38196601
1016,886968,1.0,0.34968657,-0.0,True,24,0.6180339887498948,0.38196601
1017,887841,1.0,-0.68333193,0.0,True,24,0.6180339887498948,0.38196601
1018,888714,1.0,-1.71635042,0.0,True,24,0.6180339887498948,0.38196601
1019,889587,1.0,-2.74936892,0.0,True,24,0.6180339887498948,0.38196601
1020,890460,1.0,2.50079789,0.0,True,24,0.6180339887498948,0.38196601
1021,891333,1.0,1.46777939,0.0,True,24,0.6180339887498948,0.38196601
1022,892206,1.0,0.4347609,0.0,True,24,0.6180339887498948,0.38196601
1023,893079,1.0,-0.5982576,0.0,True,24,0.6180339887498948,0.38196601
1024,893952,1.0,-1.63127609,0.0,True,24,0.6180339887498948,0.38196601
1025,894825,1.0,-2.66429459,0.0,True,24,0.6180339887498948,0.38196601
1026,895698,1.0,2.58587222,0.0,True,24,0.6180339887498948,0.38196601
1027,896571,1.0,1.55285372,0.0,True,24,0.6180339887498948,0.38196601
1028,897444,1.0,0.51983523,0.0,True,24,0.6180339887498948,0.38196601
1029,898317,1.0,-0.51318327,0.0,True,24,0.6180339887498948,0.38196601
1030,899190,1.0,-1.54620177,0.0,True,24,0.6180339887498948,0.38196601
1031,900063,1.0,-2.57922026,-0.0,True,24,0.6180339887498948,0.38196601
1032,900936,1.0,2.67094655,0.0,True,24,0.6180339887498948,0.38196601
1033,901809,1.0,1.63792805,0.0,True,24,0.6180339887498948,0.38196601
1034,902682,1.0,0.60490956,0.0,True,24,0.6180339887498948,0.38196601
1035,903555,1.0,-0.42810894,0.0,True,24,0.6180339887498948,0.38196601
1036,904428,1.0,-1.46112744,-0.0,True,24,0.6180339887498948,0.38196601
1037,905301,1.0,-2.49414593,0.0,True,24,0.6180339887498948,0.38196601
1038,906174,1.0,2.75602088,0.0,True,24,0.6180339887498948,0.38196601
1039,907047,1.0,1.72300238,-0.0,True,24,0.6180339887498948,0.38196601
1040,907920,1.0,0.68998389,0.0,True,24,0.6180339887498948,0.38196601
1041,908793,1.0,-0.34303461,-0.0,True,24,0.6180339887498948,0.38196601
1042,909666,1.0,-1.37605311,0.0,True,24,0.6180339887498948,0.38196601
1043,910539,1.0,-2.4090716,0.0,True,24,0.6180339887498948,0.38196601
1044,911412,1.0,2.84109521,0.0,True,24,0.6180339887498948,0.38196601
1045,912285,1.0,1.80807671,-0.0,True,24,0.6180339887498948,0.38196601
1046,913158,1.0,0.77505821,0.0,True,24,0.6180339887498948,0.38196601
1047,914031,1.0,-0.25796028,0.0,True,24,0.6180339887498948,0.38196601
1048,914904,1.0,-1.29097878,0.0,True,24,0.6180339887498948,0.38196601
1049,915777,1.0,-2.32399727,0.0,True,24,0.6180339887498948,0.38196601
1050,916650,1.0,2.92616954,0.0,True,24,0.6180339887498948,0.38196601
1051,917523,1.0,1.89315104,0.0,True,24,0.6180339887498948,0.38196601
1052,918396,1.0,0.86013254,0.0,True,24,0.6180339887498948,0.38196601
1053,919269,1.0,-0.17288595,0.0,True,24,0.6180339887498948,0.38196601
1054,920142,1.0,-1.20590445,0.0,True,24,0.6180339887498948,0.38196601
1055,921015,1.0,-2.23892295,0.0,True,24,0.6180339887498948,0.38196601
1056,921888,1.0,3.01124387,0.0,True,24,0.6180339887498948,0.38196601
1057,922761,1.0,1.97822537,-0.0,True,24,0.6180339887498948,0.38196601
1058,923634,1.0,0.94520687,0.0,True,24,0.6180339887498948,0.38196601
1059,924507,1.0,-0.08781162,0.0,True,24,0.6180339887498948,0.38196601
1060,925380,1.0,-1.12083012,0.0,True,24,0.6180339887498948,0.38196601
1061,926253,1.0,-2.15384862,0.0,True,24,0.6180339887498948,0.38196601
1062,927126,1.0,3.09631819,0.0,True,24,0.6180339887498948,0.38196601
1063,927999,1.0,2.0632997,0.0,True,24,0.6180339887498948,0.38196601
1064,928872,1.0,1.0302812,0.0,True,24,0.6180339887498948,0.38196601
1065,929745,1.0,-0.00273729,0.0,True,24,0.6180339887498948,0.38196601
1066,930618,1.0,-1.03575579,0.0,True,24,0.6180339887498948,0.38196601
1067,931491,1.0,-2.06877429,0.0,True,24,0.6180339887498948,0.38196601
1068,932364,1.0,-3.10179278,0.0,True,24,0.6180339887498948,0.38196601
1069,933237,1.0,2.14837403,0.0,True,24,0.6180339887498948,0.38196601
1070,934110,1.0,1.11535553,-0.0,True,24,0.6180339887498948,0.38196601
1071,934983,1.0,0.08233703,0.0,True,24,0.6180339887498948,0.38196601
1072,935856,1.0,-0.95068146,0.0,True,24,0.6180339887498948,0.38196601
1073,936729,1.0,-1.98369996,0.0,True,24,0.6180339887498948,0.38196601
1074,937602,1.0,-3.01671845,0.0,True,24,0.6180339887498948,0.38196601
1075,938475,1.0,2.23344836,-0.0,True,24,0.6180339887498948,0.38196601
1076,939348,1.0,1.20042986,0.0,True,24,0.6180339887498948,0.38196601
1077,940221,1.0,0.16741136,-0.0,True,24,0.6180339887498948,0.38196601
1078,941094,1.0,-0.86560713,0.0,True,24,0.6180339887498948,0.38196601
1079,941967,1.0,-1.89862563,0.0,True,24,0.6180339887498948,0.38196601
1080,942840,1.0,-2.93164413,0.0,True,24,0.6180339887498948,0.38196601
1081,943713,1.0,2.31852269,0.0,True,24,0.6180339887498948,0.38196601
1082,944586,1.0,1.28550419,-0.0,True,24,0.6180339887498948,0.38196601
1083,945459,1.0,0.25248569,0.0,True,24,0.6180339887498948,0.38196601
1084,946332,1.0,-0.7805328,0.0,True,24,0.6180339887498948,0.38196601
1085,947205,1.0,-1.8135513,0.0,True,24,0.6180339887498948,0.38196601
1086,948078,1.0,-2.8465698,-0.0,True,24,0.6180339887498948,0.38196601
1087,948951,1.0,2.40359701,0.0,True,24,0.6180339887498948,0.38196601
1088,949824,1.0,1.37057852,0.0,True,24,0.6180339887498948,0.38196601
1089,950697,1.0,0.33756002,0.0,True,24,0.6180339887498948,0.38196601
1090,951570,1.0,-0.69545847,-0.0,True,24,0.6180339887498948,0.38196601
1091,952443,1.0,-1.72847697,0.0,True,24,0.6180339887498948,0.38196601
1092,953316,1.0,-2.76149547,0.0,True,24,0.6180339887498948,0.38196601
1093,954189,1.0,2.48867134,0.0,True,24,0.6180339887498948,0.38196601
1094,955062,1.0,1.45565285,0.0,True,24,0.6180339887498948,0.38196601
1095,955935,1.0,0.42263435,0.0,True,24,0.6180339887498948,0.38196601
1096,956808,1.0,-0.61038415,-0.0,True,24,0.6180339887498948,0.38196601
1097,957681,1.0,-1.64340264,0.0,True,24,0.6180339887498948,0.38196601
1098,958554,1.0,-2.67642114,0.0,True,24,0.6180339887498948,0.38196601
1099,959427,1.0,2.57374567,0.0,True,24,0.6180339887498948,0.38196601
1100,960300,1.0,1.54072718,0.0,True,24,0.6180339887498948,0.38196601
1101,961173,1.0,0.50770868,0.0,True,24,0.6180339887498948,0.38196601
1102,962046,1.0,-0.52530982,-0.0,True,24,0.6180339887498948,0.38196601
1103,962919,1.0,-1.55832831,0.0,True,24,0.6180339887498948,0.38196601
1104,963792,1.0,-2.59134681,-0.0,True,24,0.6180339887498948,0.38196601
1105,964665,1.0,2.65882,0.0,True,24,0.6180339887498948,0.38196601
1106,965538,1.0,1.6258015,0.0,True,24,0.6180339887498948,0.38196601
1107,966411,1.0,0.59278301,0.0,True,24,0.6180339887498948,0.38196601
1108,967284,1.0,-0.44023549,0.0,True,24,0.6180339887498948,0.38196601
1109,968157,1.0,-1.47325398,0.0,True,24,0.6180339887498948,0.38196601
1110,969030,1.0,-2.50627248,0.0,True,24,0.6180339887498948,0.38196601
1111,969903,1.0,2.74389433,0.0,True,24,0.6180339887498948,0.38196601
1112,970776,1.0,1.71087583,0.0,True,24,0.6180339887498948,0.38196601
1113,971649,1.0,0.67785734,0.0,True,24,0.6180339887498948,0.38196601
1114,972522,1.0,-0.35516116,0.0,True,24,0.6180339887498948,0.38196601
1115,973395,1.0,-1.38817966,0.0,True,24,0.6180339887498948,0.38196601
1116,974268,1.0,-2.42119815,0.0,True,24,0.6180339887498948,0.38196601
1117,975141,1.0,2.82896866,0.0,True,24,0.6180339887498948,0.38196601
1118,976014,1.0,1.79595016,0.0,True,24,0.6180339887498948,0.38196601
1119,976887,1.0,0.76293167,0.0,True,24,0.6180339887498948,0.38196601
1120,977760,1.0,-0.27008683,0.0,True,24,0.6180339887498948,0.38196601
1121,978633,1.0,-1.30310533,0.0,True,24,0.6180339887498948,0.38196601
1122,979506,1.0,-2.33612382,0.0,True,24,0.6180339887498948,0.38196601
1123,980379,1.0,2.91404299,0.0,True,24,0.6180339887498948,0.38196601
1124,981252,1.0,1.88102449,0.0,True,24,0.6180339887498948,0.38196601
1125,982125,1.0,0.848006,0.0,True,24,0.6180339887498948,0.38196601
1126,982998,1.0,-0.1850125,0.0,True,24,0.6180339887498948,0.38196601
1127,983871,1.0,-1.218031,-0.0,True,24,0.6180339887498948,0.38196601
1128,984744,1.0,-2.25104949,-0.0,True,24,0.6180339887498948,0.38196601
1129,985617,1.0,2.99911732,0.0,True,24,0.6180339887498948,0.38196601
1130,986490,1.0,1.96609882,0.0,True,24,0.6180339887498948,0.38196601
1131,987363,1.0,0.93308032,0.0,True,24,0.6180339887498948,0.38196601
1132,988236,1.0,-0.09993817,0.0,True,24,0.6180339887498948,0.38196601
1133,989109,1.0,-1.13295667,-0.0,True,24,0.6180339887498948,0.38196601
1134,989982,1.0,-2.16597516,0.0,True,24,0.6180339887498948,0.38196601
1135,990855,1.0,3.08419165,0.0,True,24,0.6180339887498948,0.38196601
1136,991728,1.0,2.05117315,0.0,True,24,0.6180339887498948,0.38196601
1137,992601,1.0,1.01815465,0.0,True,24,0.6180339887498948,0.38196601
1138,993474,1.0,-0.01486384,0.0,True,24,0.6180339887498948,0.38196601
1139,994347,1.0,-1.04788234,0.0,True,24,0.6180339887498948,0.38196601
1140,995220,1.0,-2.08090084,0.0,True,24,0.6180339887498948,0.38196601
1141,996093,1.0,-3.11391933,-0.0,True,24,0.6180339887498948,0.38196601
1142,996966,1.0,2.13624748,0.0,True,24,0.6180339887498948,0.38196601
1143,997839,1.0,1.10322898,-0.0,True,24,0.6180339887498948,0.38196601
1144,998712,1.0,0.07021049,0.0,True,24,0.6180339887498948,0.38196601
1145,999585,1.0,-0.96280801,-0.0,True,24,0.6180339887498948,0.38196601
1146,1000458,1.0,-1.99582651,0.0,True,24,0.6180339887498948,0.38196601
1147,1001331,1.0,-3.028845,0.0,True,24,0.6180339887498948,0.38196601
1148,1002204,1.0,2.22132181,0.0,True,24,0.6180339887498948,0.38196601
1149,1003077,1.0,1.18830331,0.0,True,24,0.6180339887498948,0.38196601
1150,1003950,1.0,0.15528482,0.0,True,24,0.6180339887498948,0.38196601
1151,1004823,1.0,-0.87773368,-0.0,True,24,0.6180339887498948,0.38196601
1152,1005696,1.0,-1.91075218,0.0,True,24,0.6180339887498948,0.38196601
1153,1006569,1.0,-2.94377067,0.0,True,24,0.6180339887498948,0.38196601
1154,1007442,1.0,2.30639614,0.0,True,24,0.6180339887498948,0.38196601
1155,1008315,1.0,1.27337764,0.0,True,24,0.6180339887498948,0.38196601
1156,1009188,1.0,0.24035914,0.0,True,24,0.6180339887498948,0.38196601
1157,1010061,1.0,-0.79265935,0.0,True,24,0.6180339887498948,0.38196601
1158,1010934,1.0,-1.82567785,-0.0,True,24,0.6180339887498948,0.38196601
1159,1011807,1.0,-2.85869634,0.0,True,24,0.6180339887498948,0.38196601
1160,1012680,1.0,2.39147047,0.0,True,24,0.6180339887498948,0.38196601
1161,1013553,1.0,1.35845197,0.0,True,24,0.6180339887498948,0.38196601
1162,1014426,1.0,0.32543347,0.0,True,24,0.6180339887498948,0.38196601
1163,1015299,1.0,-0.70758502,-0.0,True,24,0.6180339887498948,0.38196601
1164,1016172,1.0,-1.74060352,-0.0,True,24,0.6180339887498948,0.38196601
1165,1017045,1.0,-2.77362202,0.0,True,24,0.6180339887498948,0.38196601
1166,1017918,1.0,2.4765448,0.0,True,24,0.6180339887498948,0.38196601
1167,1018791,1.0,1.4435263,-0.0,True,24,0.6180339887498948,0.38196601
1168,1019664,1.0,0.4105078,0.0,True,24,0.6180339887498948,0.38196601
1169,1020537,1.0,-0.62251069,0.0,True,24,0.6180339887498948,0.38196601
1170,1021410,1.0,-1.65552919,0.0,True,24,0.6180339887498948,0.38196601
1171,1022283,1.0,-2.68854769,0.0,True,24,0.6180339887498948,0.38196601
1172,1023156,1.0,2.56161912,-0.0,True,24,0.6180339887498948,0.38196601
1173,1024029,1.0,1.52860063,-0.0,True,24,0.6180339887498948,0.38196601
1174,1024902,1.0,0.49558213,0.0,True,24,0.6180339887498948,0.38196601
1175,1025775,1.0,-0.53743636,-0.0,True,24,0.6180339887498948,0.38196601
1176,1026648,1.0,-1.57045486,-0.0,True,24,0.6180339887498948,0.38196601
1177,1027521,1.0,-2.60347336,0.0,True,24,0.6180339887498948,0.38196601
1178,1028394,1.0,2.64669345,0.0,True,24,0.6180339887498948,0.38196601
1179,1029267,1.0,1.61367496,0.0,True,24,0.6180339887498948,0.38196601
1180,1030140,1.0,0.58065646,0.0,True,24,0.6180339887498948,0.38196601
1181,1031013,1.0,-0.45236204,0.0,True,24,0.6180339887498948,0.38196601
1182,1031886,1.0,-1.48538053,0.0,True,24,0.6180339887498948,0.38196601
1183,1032759,1.0,-2.51839903,0.0,True,24,0.6180339887498948,0.38196601
1184,1033632,1.0,2.73176778,0.0,True,24,0.6180339887498948,0.38196601
1185,1034505,1.0,1.69874929,0.0,True,24,0.6180339887498948,0.38196601
1186,1035378,1.0,0.66573079,0.0,True,24,0.6180339887498948,0.38196601
1187,1036251,1.0,-0.36728771,0.0,True,24,0.6180339887498948,0.38196601
1188,1037124,1.0,-1.4003062,0.0,True,24,0.6180339887498948,0.38196601
1189,1037997,1.0,-2.4333247,-0.0,True,24,0.6180339887498948,0.38196601
1190,1038870,1.0,2.81684211,0.0,True,24,0.6180339887498948,0.38196601
1191,1039743,1.0,1.78382362,0.0,True,24,0.6180339887498948,0.38196601
1192,1040616,1.0,0.75080512,0.0,True,24,0.6180339887498948,0.38196601
1193,1041489,1.0,-0.28221338,-0.0,True,24,0.6180339887498948,0.38196601
1194,1042362,1.0,-1.31523187,0.0,True,24,0.6180339887498948,0.38196601
1195,1043235,1.0,-2.34825037,0.0,True,24,0.6180339887498948,0.38196601
1196,1044108,1.0,2.90191644,0.0,True,24,0.6180339887498948,0.38196601
1197,1044981,1.0,1.86889794,0.0,True,24,0.6180339887498948,0.38196601
1198,1045854,1.0,0.83587945,0.0,True,24,0.6180339887498948,0.38196601
1199,1046727,1.0,-0.19713905,0.0,True,24,0.6180339887498948,0.38196601
1200,1047600,1.0,-1.23015754,0.0,True,24,0.6180339887498948,0.38196601
1201,1048473,1.0,-2.26317604,0.0,True,24,0.6180339887498948,0.38196601
1202,1049346,1.0,2.98699077,0.0,True,24,0.6180339887498948,0.38196601
1203,1050219,1.0,1.95397227,0.0,True,24,0.6180339887498948,0.38196601
1204,1051092,1.0,0.92095378,0.0,True,24,0.6180339887498948,0.38196601
1205,1051965,1.0,-0.11206472,-0.0,True,24,0.6180339887498948,0.38196601
1206,1052838,1.0,-1.14508322,0.0,True,24,0.6180339887498948,0.38196601
1207,1053711,1.0,-2.17810171,0.0,True,24,0.6180339887498948,0.38196601
1208,1054584,1.0,3.0720651,0.0,True,24,0.6180339887498948,0.38196601
1209,1055457,1.0,2.0390466,0.0,True,24,0.6180339887498948,0.38196601
1210,1056330,1.0,1.00602811,0.0,True,24,0.6180339887498948,0.38196601
1211,1057203,1.0,-0.02699039,-0.0,True,24,0.6180339887498948,0.38196601
1212,1058076,1.0,-1.06000889,0.0,True,24,0.6180339887498948,0.38196601
1213,1058949,1.0,-2.09302738,0.0,True,24,0.6180339887498948,0.38196601
1214,1059822,1.0,-3.12604588,0.0,True,24,0.6180339887498948,0.38196601
1215,1060695,1.0,2.12412093,0.0,True,24,0.6180339887498948,0.38196601
1216,1061568,1.0,1.09110244,0.0,True,24,0.6180339887498948,0.38196601
1217,1062441,1.0,0.05808394,0.0,True,24,0.6180339887498948,0.38196601
1218,1063314,1.0,-0.97493456,-0.0,True,24,0.6180339887498948,0.38196601
1219,1064187,1.0,-2.00795305,0.0,True,24,0.6180339887498948,0.38196601
1220,1065060,1.0,-3.04097155,0.0,True,24,0.6180339887498948,0.38196601
1221,1065933,1.0,2.20919526,0.0,True,24,0.6180339887498948,0.38196601
1222,1066806,1.0,1.17617676,0.0,True,24,0.6180339887498948,0.38196601
1223,1067679,1.0,0.14315827,0.0,True,24,0.6180339887498948,0.38196601
1224,1068552,1.0,-0.88986023,0.0,True,24,0.6180339887498948,0.38196601
1225,1069425,1.0,-1.92287872,0.0,True,24,0.6180339887498948,0.38196601
1226,1070298,1.0,-2.95589722,0.0,True,24,0.6180339887498948,0.38196601
1227,1071171,1.0,2.29426959,0.0,True,24,0.6180339887498948,0.38196601
1228,1072044,1.0,1.26125109,-0.0,True,24,0.6180339887498948,0.38196601
1229,1072917,1.0,0.2282326,0.0,True,24,0.6180339887498948,0.38196601
1230,1073790,1.0,-0.8047859,0.0,True,24,0.6180339887498948,0.38196601
1231,1074663,1.0,-1.8378044,0.0,True,24,0.6180339887498948,0.38196601
1232,1075536,1.0,-2.87082289,0.0,True,24,0.6180339887498948,0.38196601
1233,1076409,1.0,2.37934392,0.0,True,24,0.6180339887498948,0.38196601
1234,1077282,1.0,1.34632542,0.0,True,24,0.6180339887498948,0.38196601
1235,1078155,1.0,0.31330693,0.0,True,24,0.6180339887498948,0.38196601
1236,1079028,1.0,-0.71971157,0.0,True,24,0.6180339887498948,0.38196601
1237,1079901,1.0,-1.75273007,0.0,True,24,0.6180339887498948,0.38196601
1238,1080774,1.0,-2.78574856,0.0,True,24,0.6180339887498948,0.38196601
1239,1081647,1.0,2.46441825,-0.0,True,24,0.6180339887498948,0.38196601
1240,1082520,1.0,1.43139975,0.0,True,24,0.6180339887498948,0.38196601
1241,1083393,1.0,0.39838126,0.0,True,24,0.6180339887498948,0.38196601
1242,1084266,1.0,-0.63463724,0.0,True,24,0.6180339887498948,0.38196601
1243,1085139,1.0,-1.66765574,0.0,True,24,0.6180339887498948,0.38196601
1244,1086012,1.0,-2.70067423,-0.0,True,24,0.6180339887498948,0.38196601
1245,1086885,1.0,2.54949258,0.0,True,24,0.6180339887498948,0.38196601
1246,1087758,1.0,1.51647408,0.0,True,24,0.6180339887498948,0.38196601
1247,1088631,1.0,0.48345558,0.0,True,24,0.6180339887498948,0.38196601
1248,1089504,1.0,-0.54956291,0.0,True,24,0.6180339887498948,0.38196601
1249,1090377,1.0,-1.58258141,0.0,True,24,0.6180339887498948,0.38196601
1250,1091250,1.0,-2.6155999,0.0,True,24,0.6180339887498948,0.38196601
1251,1092123,1.0,2.63456691,0.0,True,24,0.6180339887498948,0.38196601
1252,1092996,1.0,1.60154841,0.0,True,24,0.6180339887498948,0.38196601
1253,1093869,1.0,0.56852991,0.0,True,24,0.6180339887498948,0.38196601
1254,1094742,1.0,-0.46448858,0.0,True,24,0.6180339887498948,0.38196601
1255,1095615,1.0,-1.49750708,0.0,True,24,0.6180339887498948,0.38196601
1256,1096488,1.0,-2.53052558,0.0,True,24,0.6180339887498948,0.38196601
1257,1097361,1.0,2.71964124,-0.0,True,24,0.6180339887498948,0.38196601
1258,1098234,1.0,1.68662274,0.0,True,24,0.6180339887498948,0.38196601
1259,1099107,1.0,0.65360424,0.0,True,24,0.6180339887498948,0.38196601
1260,1099980,1.0,-0.37941425,0.0,True,24,0.6180339887498948,0.38196601
1261,1100853,1.0,-1.41243275,0.0,True,24,0.6180339887498948,0.38196601
1262,1101726,1.0,-2.44545125,0.0,True,24,0.6180339887498948,0.38196601
1263,1102599,1.0,2.80471556,0.0,True,24,0.6180339887498948,0.38196601
1264,1103472,1.0,1.77169707,0.0,True,24,0.6180339887498948,0.38196601
1265,1104345,1.0,0.73867857,0.0,True,24,0.6180339887498948,0.38196601
1266,1105218,1.0,-0.29433992,0.0,True,24,0.6180339887498948,0.38196601
1267,1106091,1.0,-1.32735842,-0.0,True,24,0.6180339887498948,0.38196601
1268,1106964,1.0,-2.36037692,0.0,True,24,0.6180339887498948,0.38196601
1269,1107837,1.0,2.88978989,-0.0,True,24,0.6180339887498948,0.38196601
1270,1108710,1.0,1.8567714,0.0,True,24,0.6180339887498948,0.38196601
1271,1109583,1.0,0.8237529,0.0,True,24,0.6180339887498948,0.38196601
1272,1110456,1.0,-0.2092656,-0.0,True,24,0.6180339887498948,0.38196601
1273,1111329,1.0,-1.24228409,0.0,True,24,0.6180339887498948,0.38196601
1274,1112202,1.0,-2.27530259,0.0,True,24,0.6180339887498948,0.38196601
1275,1113075,1.0,2.97486422,0.0,True,24,0.6180339887498948,0.38196601
1276,1113948,1.0,1.94184573,0.0,True,24,0.6180339887498948,0.38196601
1277,1114821,1.0,0.90882723,0.0,True,24,0.6180339887498948,0.38196601
1278,1115694,1.0,-0.12419127,0.0,True,24,0.6180339887498948,0.38196601
1279,1116567,1.0,-1.15720976,0.0,True,24,0.6180339887498948,0.38196601
1280,1117440,1.0,-2.19022826,0.0,True,24,0.6180339887498948,0.38196601
1281,1118313,1.0,3.05993855,0.0,True,24,0.6180339887498948,0.38196601
1282,1119186,1.0,2.02692005,0.0,True,24,0.6180339887498948,0.38196601
1283,1120059,1.0,0.99390156,0.0,True,24,0.6180339887498948,0.38196601
1284,1120932,1.0,-0.03911694,0.0,True,24,0.6180339887498948,0.38196601
1285,1121805,1.0,-1.07213543,-0.0,True,24,0.6180339887498948,0.38196601
1286,1122678,1.0,-2.10515393,0.0,True,24,0.6180339887498948,0.38196601
1287,1123551,1.0,-3.13817243,0.0,True,24,0.6180339887498948,0.38196601
1288,1124424,1.0,2.11199438,0.0,True,24,0.6180339887498948,0.38196601
1289,1125297,1.0,1.07897589,0.0,True,24,0.6180339887498948,0.38196601
1290,1126170,1.0,0.04595739,0.0,True,24,0.6180339887498948,0.38196601
1291,1127043,1.0,-0.98706111,0.0,True,24,0.6180339887498948,0.38196601
1292,1127916,1.0,-2.0200796,0.0,True,24,0.6180339887498948,0.38196601
1293,1128789,1.0,-3.0530981,0.0,True,24,0.6180339887498948,0.38196601
1294,1129662,1.0,2.19706871,0.0,True,24,0.6180339887498948,0.38196601
1295,1130535,1.0,1.16405022,0.0,True,24,0.6180339887498948,0.38196601
1296,1131408,1.0,0.13103172,0.0,True,24,0.6180339887498948,0.38196601
1297,1132281,1.0,-0.90198678,0.0,True,24,0.6180339887498948,0.38196601
1298,1133154,1.0,-1.93500527,0.0,True,24,0.6180339887498948,0.38196601
1299,1134027,1.0,-2.96802377,0.0,True,24,0.6180339887498948,0.38196601
1300,1134900,1.0,2.28214304,0.0,True,24,0.6180339887498948,0.38196601
1301,1135773,1.0,1.24912455,-0.0,True,24,0.6180339887498948,0.38196601
1302,1136646,1.0,0.21610605,0.0,True,24,0.6180339887498948,0.38196601
1303,1137519,1.0,-0.81691245,0.0,True,24,0.6180339887498948,0.38196601
1304,1138392,1.0,-1.84993094,0.0,True,24,0.6180339887498948,0.38196601
1305,1139265,1.0,-2.88294944,0.0,True,24,0.6180339887498948,0.38196601
1306,1140138,1.0,2.36721737,0.0,True,24,0.6180339887498948,0.38196601
1307,1141011,1.0,1.33419887,0.0,True,24,0.6180339887498948,0.38196601
1308,1141884,1.0,0.30118038,0.0,True,24,0.6180339887498948,0.38196601
1309,1142757,1.0,-0.73183812,0.0,True,24,0.6180339887498948,0.38196601
1310,1143630,1.0,-1.76485661,0.0,True,24,0.6180339887498948,0.38196601
1311,1144503,1.0,-2.79787511,0.0,True,24,0.6180339887498948,0.38196601
1312,1145376,1.0,2.4522917,0.0,True,24,0.6180339887498948,0.38196601
1313,1146249,1.0,1.4192732,0.0,True,24,0.6180339887498948,0.38196601
1314,1147122,1.0,0.38625471,0.0,True,24,0.6180339887498948,0.38196601
1315,1147995,1.0,-0.64676379,0.0,True,24,0.6180339887498948,0.38196601
1316,1148868,1.0,-1.67978229,-0.0,True,24,0.6180339887498948,0.38196601
1317,1149741,1.0,-2.71280078,0.0,True,24,0.6180339887498948,0.38196601
1318,1150614,1.0,2.53736603,0.0,True,24,0.6180339887498948,0.38196601
1319,1151487,1.0,1.50434753,0.0,True,24,0.6180339887498948,0.38196601
1320,1152360,1.0,0.47132904,0.0,True,24,0.6180339887498948,0.38196601
1321,1153233,1.0,-0.56168946,0.0,True,24,0.6180339887498948,0.38196601
1322,1154106,1.0,-1.59470796,-0.0,True,24,0.6180339887498948,0.38196601
1323,1154979,1.0,-2.62772645,0.0,True,24,0.6180339887498948,0.38196601
1324,1155852,1.0,2.62244036,0.0,True,24,0.6180339887498948,0.38196601
1325,1156725,1.0,1.58942186,0.0,True,24,0.6180339887498948,0.38196601
1326,1157598,1.0,0.55640337,0.0,True,24,0.6180339887498948,0.38196601
1327,1158471,1.0,-0.47661513,0.0,True,24,0.6180339887498948,0.38196601
1328,1159344,1.0,-1.50963363,0.0,True,24,0.6180339887498948,0.38196601
1329,1160217,1.0,-2.54265212,0.0,True,24,0.6180339887498948,0.38196601
1330,1161090,1.0,2.70751469,0.0,True,24,0.6180339887498948,0.38196601
1331,1161963,1.0,1.67449619,-0.0,True,24,0.6180339887498948,0.38196601
1332,1162836,1.0,0.64147769,0.0,True,24,0.6180339887498948,0.38196601
1333,1163709,1.0,-0.3915408,-0.0,True,24,0.6180339887498948,0.38196601
1334,1164582,1.0,-1.4245593,0.0,True,24,0.6180339887498948,0.38196601
1335,1165455,1.0,-2.45757779,0.0,True,24,0.6180339887498948,0.38196601
1336,1166328,1.0,2.79258902,0.0,True,24,0.6180339887498948,0.38196601
1337,1167201,1.0,1.75957052,0.0,True,24,0.6180339887498948,0.38196601
1338,1168074,1.0,0.72655202,0.0,True,24,0.6180339887498948,0.38196601
1339,1168947,1.0,-0.30646647,0.0,True,24,0.6180339887498948,0.38196601
1340,1169820,1.0,-1.33948497,-0.0,True,24,0.6180339887498948,0.38196601
1341,1170693,1.0,-2.37250347,-0.0,True,24,0.6180339887498948,0.38196601
1342,1171566,1.0,2.87766335,0.0,True,24,0.6180339887498948,0.38196601
1343,1172439,1.0,1.84464485,0.0,True,24,0.6180339887498948,0.38196601
1344,1173312,1.0,0.81162635,0.0,True,24,0.6180339887498948,0.38196601
1345,1174185,1.0,-0.22139214,0.0,True,24,0.6180339887498948,0.38196601
1346,1175058,1.0,-1.25441064,0.0,True,24,0.6180339887498948,0.38196601
1347,1175931,1.0,-2.28742914,0.0,True,24,0.6180339887498948,0.38196601
1348,1176804,1.0,2.96273767,0.0,True,24,0.6180339887498948,0.38196601
1349,1177677,1.0,1.92971918,0.0,True,24,0.6180339887498948,0.38196601
1350,1178550,1.0,0.89670068,-0.0,True,24,0.6180339887498948,0.38196601
1351,1179423,1.0,-0.13631781,0.0,True,24,0.6180339887498948,0.38196601
1352,1180296,1.0,-1.16933631,0.0,True,24,0.6180339887498948,0.38196601
1353,1181169,1.0,-2.20235481,0.0,True,24,0.6180339887498948,0.38196601
1354,1182042,1.0,3.047812,0.0,True,24,0.6180339887498948,0.38196601
1355,1182915,1.0,2.01479351,0.0,True,24,0.6180339887498948,0.38196601
1356,1183788,1.0,0.98177501,0.0,True,24,0.6180339887498948,0.38196601
1357,1184661,1.0,-0.05124349,0.0,True,24,0.6180339887498948,0.38196601
1358,1185534,1.0,-1.08426198,0.0,True,24,0.6180339887498948,0.38196601
1359,1186407,1.0,-2.11728048,0.0,True,24,0.6180339887498948,0.38196601
1360,1187280,1.0,3.13288633,0.0,True,24,0.6180339887498948,0.38196601
1361,1188153,1.0,2.09986784,0.0,True,24,0.6180339887498948,0.38196601
1362,1189026,1.0,1.06684934,-0.0,True,24,0.6180339887498948,0.38196601
1363,1189899,1.0,0.03383084,0.0,True,24,0.6180339887498948,0.38196601
1364,1190772,1.0,-0.99918765,0.0,True,24,0.6180339887498948,0.38196601
1365,1191645,1.0,-2.03220615,0.0,True,24,0.6180339887498948,0.38196601
1366,1192518,1.0,-3.06522465,0.0,True,24,0.6180339887498948,0.38196601
1367,1193391,1.0,2.18494217,0.0,True,24,0.6180339887498948,0.38196601
1368,1194264,1.0,1.15192367,0.0,True,24,0.6180339887498948,0.38196601
1369,1195137,1.0,0.11890517,0.0,True,24,0.6180339887498948,0.38196601
1370,1196010,1.0,-0.91411332,0.0,True,24,0.6180339887498948,0.38196601
1371,1196883,1.0,-1.94713182,0.0,True,24,0.6180339887498948,0.38196601
1372,1197756,1.0,-2.98015032,0.0,True,24,0.6180339887498948,0.38196601
1373,1198629,1.0,2.27001649,0.0,True,24,0.6180339887498948,0.38196601
1374,1199502,1.0,1.236998,-0.0,True,24,0.6180339887498948,0.38196601
1375,1200375,1.0,0.2039795,0.0,True,24,0.6180339887498948,0.38196601
1376,1201248,1.0,-0.82903899,0.0,True,24,0.6180339887498948,0.38196601
1377,1202121,1.0,-1.86205749,0.0,True,24,0.6180339887498948,0.38196601
1378,1202994,1.0,-2.89507599,0.0,True,24,0.6180339887498948,0.38196601
1379,1203867,1.0,2.35509082,0.0,True,24,0.6180339887498948,0.38196601
1380,1204740,1.0,1.32207233,0.0,True,24,0.6180339887498948,0.38196601
1381,1205613,1.0,0.28905383,0.0,True,24,0.6180339887498948,0.38196601
1382,1206486,1.0,-0.74396467,0.0,True,24,0.6180339887498948,0.38196601
1383,1207359,1.0,-1.77698316,0.0,True,24,0.6180339887498948,0.38196601
1384,1208232,1.0,-2.81000166,0.0,True,24,0.6180339887498948,0.38196601
1385,1209105,1.0,2.44016515,0.0,True,24,0.6180339887498948,0.38196601
1386,1209978,1.0,1.40714666,0.0,True,24,0.6180339887498948,0.38196601
1387,1210851,1.0,0.37412816,0.0,True,24,0.6180339887498948,0.38196601
1388,1211724,1.0,-0.65889034,-0.0,True,24,0.6180339887498948,0.38196601
1389,1212597,1.0,-1.69190883,0.0,True,24,0.6180339887498948,0.38196601
1390,1213470,1.0,-2.72492733,0.0,True,24,0.6180339887498948,0.38196601
1391,1214343,1.0,2.52523948,0.0,True,24,0.6180339887498948,0.38196601
1392,1215216,1.0,1.49222099,-0.0,True,24,0.6180339887498948,0.38196601
1393,1216089,1.0,0.45920249,0.0,True,24,0.6180339887498948,0.38196601
1394,1216962,1.0,-0.57381601,0.0,True,24,0.6180339887498948,0.38196601
1395,1217835,1.0,-1.6068345,0.0,True,24,0.6180339887498948,0.38196601
1396,1218708,1.0,-2.639853,-0.0,True,24,0.6180339887498948,0.38196601
1397,1219581,1.0,2.61031381,0.0,True,24,0.6180339887498948,0.38196601
1398,1220454,1.0,1.57729531,0.0,True,24,0.6180339887498948,0.38196601
1399,1221327,1.0,0.54427682,0.0,True,24,0.6180339887498948,0.38196601
1400,1222200,1.0,-0.48874168,0.0,True,24,0.6180339887498948,0.38196601
1401,1223073,1.0,-1.52176017,0.0,True,24,0.6180339887498948,0.38196601
1402,1223946,1.0,-2.55477867,0.0,True,24,0.6180339887498948,0.38196601
1403,1224819,1.0,2.69538814,0.0,True,24,0.6180339887498948,0.38196601
1404,1225692,1.0,1.66236964,0.0,True,24,0.6180339887498948,0.38196601
1405,1226565,1.0,0.62935115,0.0,True,24,0.6180339887498948,0.38196601
1406,1227438,1.0,-0.40366735,0.0,True,24,0.6180339887498948,0.38196601
1407,1228311,1.0,-1.43668585,0.0,True,24,0.6180339887498948,0.38196601
1408,1229184,1.0,-2.46970434,0.0,True,24,0.6180339887498948,0.38196601
1409,1230057,1.0,2.78046247,-0.0,True,24,0.6180339887498948,0.38196601
1410,1230930,1.0,1.74744397,0.0,True,24,0.6180339887498948,0.38196601
1411,1231803,1.0,0.71442548,0.0,True,24,0.6180339887498948,0.38196601
1412,1232676,1.0,-0.31859302,0.0,True,24,0.6180339887498948,0.38196601
1413,1233549,1.0,-1.35161152,0.0,True,24,0.6180339887498948,0.38196601
1414,1234422,1.0,-2.38463001,0.0,True,24,0.6180339887498948,0.38196601
1415,1235295,1.0,2.8655368,-0.0,True,24,0.6180339887498948,0.38196601
1416,1236168,1.0,1.8325183,-0.0,True,24,0.6180339887498948,0.38196601
1417,1237041,1.0,0.79949981,0.0,True,24,0.6180339887498948,0.38196601
1418,1237914,1.0,-0.23351869,-0.0,True,24,0.6180339887498948,0.38196601
1419,1238787,1.0,-1.26653719,0.0,True,24,0.6180339887498948,0.38196601
1420,1239660,1.0,-2.29955568,0.0,True,24,0.6180339887498948,0.38196601
1421,1240533,1.0,2.95061113,0.0,True,24,0.6180339887498948,0.38196601
1422,1241406,1.0,1.91759263,0.0,True,24,0.6180339887498948,0.38196601
1423,1242279,1.0,0.88457413,0.0,True,24,0.6180339887498948,0.38196601
1424,1243152,1.0,-0.14844436,0.0,True,24,0.6180339887498948,0.38196601
1425,1244025,1.0,-1.18146286,0.0,True,24,0.6180339887498948,0.38196601
1426,1244898,1.0,-2.21448135,-0.0,True,24,0.6180339887498948,0.38196601
1427,1245771,1.0,3.03568546,0.0,True,24,0.6180339887498948,0.38196601
1428,1246644,1.0,2.00266696,0.0,True,24,0.6180339887498948,0.38196601
1429,1247517,1.0,0.96964846,-0.0,True,24,0.6180339887498948,0.38196601
1430,1248390,1.0,-0.06337003,0.0,True,24,0.6180339887498948,0.38196601
1431,1249263,1.0,-1.09638853,0.0,True,24,0.6180339887498948,0.38196601
1432,1250136,1.0,-2.12940703,-0.0,True,24,0.6180339887498948,0.38196601
1433,1251009,1.0,3.12075979,0.0,True,24,0.6180339887498948,0.38196601
1434,1251882,1.0,2.08774129,0.0,True,24,0.6180339887498948,0.38196601
1435,1252755,1.0,1.05472279,0.0,True,24,0.6180339887498948,0.38196601
1436,1253628,1.0,0.0217043,0.0,True,24,0.6180339887498948,0.38196601
1437,1254501,1.0,-1.0113142,0.0,True,24,0.6180339887498948,0.38196601
1438,1255374,1.0,-2.0443327,0.0,True,24,0.6180339887498948,0.38196601
1439,1256247,1.0,-3.07735119,0.0,True,24,0.6180339887498948,0.38196601
1440,1257120,1.0,2.17281562,0.0,True,24,0.6180339887498948,0.38196601
1441,1257993,1.0,1.13979712,0.0,True,24,0.6180339887498948,0.38196601
1442,1258866,1.0,0.10677863,0.0,True,24,0.6180339887498948,0.38196601
1443,1259739,1.0,-0.92623987,0.0,True,24,0.6180339887498948,0.38196601
1444,1260612,1.0,-1.95925837,0.0,True,24,0.6180339887498948,0.38196601
1445,1261485,1.0,-2.99227686,0.0,True,24,0.6180339887498948,0.38196601
1446,1262358,1.0,2.25788995,0.0,True,24,0.6180339887498948,0.38196601
1447,1263231,1.0,1.22487145,0.0,True,24,0.6180339887498948,0.38196601
1448,1264104,1.0,0.19185295,0.0,True,24,0.6180339887498948,0.38196601
1449,1264977,1.0,-0.84116554,0.0,True,24,0.6180339887498948,0.38196601
1450,1265850,1.0,-1.87418404,-0.0,True,24,0.6180339887498948,0.38196601
1451,1266723,1.0,-2.90720253,0.0,True,24,0.6180339887498948,0.38196601
1452,1267596,1.0,2.34296428,0.0,True,24,0.6180339887498948,0.38196601
1453,1268469,1.0,1.30994578,0.0,True,24,0.6180339887498948,0.38196601
1454,1269342,1.0,0.27692728,0.0,True,24,0.6180339887498948,0.38196601
1455,1270215,1.0,-0.75609121,-0.0,True,24,0.6180339887498948,0.38196601
1456,1271088,1.0,-1.78910971,0.0,True,24,0.6180339887498948,0.38196601
1457,1271961,1.0,-2.82212821,0.0,True,24,0.6180339887498948,0.38196601
1458,1272834,1.0,2.4280386,0.0,True,24,0.6180339887498948,0.38196601
1459,1273707,1.0,1.39502011,0.0,True,24,0.6180339887498948,0.38196601
1460,1274580,1.0,0.36200161,0.0,True,24,0.6180339887498948,0.38196601
1461,1275453,1.0,-0.67101688,0.0,True,24,0.6180339887498948,0.38196601
1462,1276326,1.0,-1.70403538,-0.0,True,24,0.6180339887498948,0.38196601
1463,1277199,1.0,-2.73705388,0.0,True,24,0.6180339887498948,0.38196601
1464,1278072,1.0,2.51311293,0.0,True,24,0.6180339887498948,0.38196601
1465,1278945,1.0,1.48009444,0.0,True,24,0.6180339887498948,0.38196601
1466,1279818,1.0,0.44707594,0.0,True,24,0.6180339887498948,0.38196601
1467,1280691,1.0,-0.58594256,0.0,True,24,0.6180339887498948,0.38196601
1468,1281564,1.0,-1.61896105,-0.0,True,24,0.6180339887498948,0.38196601
1469,1282437,1.0,-2.65197955,-0.0,True,24,0.6180339887498948,0.38196601
1470,1283310,1.0,2.59818726,0.0,True,24,0.6180339887498948,0.38196601
1471,1284183,1.0,1.56516877,0.0,True,24,0.6180339887498948,0.38196601
1472,1285056,1.0,0.53215027,0.0,True,24,0.6180339887498948,0.38196601
1473,1285929,1.0,-0.50086823,0.0,True,24,0.6180339887498948,0.38196601
1474,1286802,1.0,-1.53388672,-0.0,True,24,0.6180339887498948,0.38196601
1475,1287675,1.0,-2.56690522,0.0,True,24,0.6180339887498948,0.38196601
1476,1288548,1.0,2.68326159,0.0,True,24,0.6180339887498948,0.38196601
1477,1289421,1.0,1.6502431,-0.0,True,24,0.6180339887498948,0.38196601
1478,1290294,1.0,0.6172246,0.0,True,24,0.6180339887498948,0.38196601
1479,1291167,1.0,-0.4157939,0.0,True,24,0.6180339887498948,0.38196601
1480,1292040,1.0,-1.44881239,0.0,True,24,0.6180339887498948,0.38196601
1481,1292913,1.0,-2.48183089,0.0,True,24,0.6180339887498948,0.38196601
1482,1293786,1.0,2.76833592,0.0,True,24,0.6180339887498948,0.38196601
1483,1294659,1.0,1.73531742,-0.0,True,24,0.6180339887498948,0.38196601
1484,1295532,1.0,0.70229893,0.0,True,24,0.6180339887498948,0.38196601
1485,1296405,1.0,-0.33071957,-0.0,True,24,0.6180339887498948,0.38196601
1486,1297278,1.0,-1.36373806,0.0,True,24,0.6180339887498948,0.38196601
1487,1298151,1.0,-2.39675656,0.0,True,24,0.6180339887498948,0.38196601
1488,1299024,1.0,2.85341025,-0.0,True,24,0.6180339887498948,0.38196601
1489,1299897,1.0,1.82039175,0.0,True,24,0.6180339887498948,0.38196601
1490,1300770,1.0,0.78737326,0.0,True,24,0.6180339887498948,0.38196601
1491,1301643,1.0,-0.24564524,0.0,True,24,0.6180339887498948,0.38196601
1492,1302516,1.0,-1.27866374,-0.0,True,24,0.6180339887498948,0.38196601
1493,1303389,1.0,-2.31168223,0.0,True,24,0.6180339887498948,0.38196601
1494,1304262,1.0,2.93848458,-0.0,True,24,0.6180339887498948,0.38196601
1495,1305135,1.0,1.90546608,0.0,True,24,0.6180339887498948,0.38196601
1496,1306008,1.0,0.87244759,0.0,True,24,0.6180339887498948,0.38196601
1497,1306881,1.0,-0.16057091,0.0,True,24,0.6180339887498948,0.38196601
1498,1307754,1.0,-1.19358941,0.0,True,24,0.6180339887498948,0.38196601
1499,1308627,1.0,-2.2266079,0.0,True,24,0.6180339887498948,0.38196601
1500,1309500,1.0,3.02355891,-0.0,True,24,0.6180339887498948,0.38196601
1501,1310373,1.0,1.99054041,0.0,True,24,0.6180339887498948,0.38196601
1502,1311246,1.0,0.95752192,-0.0,True,24,0.6180339887498948,0.38196601
1503,1312119,1.0,-0.07549658,-0.0,True,24,0.6180339887498948,0.38196601
1504,1312992,1.0,-1.10851508,0.0,True,24,0.6180339887498948,0.38196601
1505,1313865,1.0,-2.14153357,0.0,True,24,0.6180339887498948,0.38196601
1506,1314738,1.0,3.10863324,-0.0,True,24,0.6180339887498948,0.38196601
1507,1315611,1.0,2.07561474,0.0,True,24,0.6180339887498948,0.38196601
1508,1316484,1.0,1.04259624,0.0,True,24,0.6180339887498948,0.38196601
1509,1317357,1.0,0.00957775,0.0,True,24,0.6180339887498948,0.38196601
1510,1318230,1.0,-1.02344075,0.0,True,24,0.6180339887498948,0.38196601
1511,1319103,1.0,-2.05645924,0.0,True,24,0.6180339887498948,0.38196601
1512,1319976,1.0,-3.08947774,-0.0,True,24,0.6180339887498948,0.38196601
1513,1320849,1.0,2.16068907,0.0,True,24,0.6180339887498948,0.38196601
1514,1321722,1.0,1.12767057,0.0,True,24,0.6180339887498948,0.38196601
1515,1322595,1.0,0.09465208,0.0,True,24,0.6180339887498948,0.38196601
1516,1323468,1.0,-0.93836642,-0.0,True,24,0.6180339887498948,0.38196601
1517,1324341,1.0,-1.97138492,0.0,True,24,0.6180339887498948,0.38196601
1518,1325214,1.0,-3.00440341,0.0,True,24,0.6180339887498948,0.38196601
1519,1326087,1.0,2.2457634,0.0,True,24,0.6180339887498948,0.38196601
1520,1326960,1.0,1.2127449,0.0,True,24,0.6180339887498948,0.38196601
1521,1327833,1.0,0.17972641,-0.0,True,24,0.6180339887498948,0.38196601
1522,1328706,1.0,-0.85329209,0.0,True,24,0.6180339887498948,0.38196601
1523,1329579,1.0,-1.88631059,0.0,True,24,0.6180339887498948,0.38196601
1524,1330452,1.0,-2.91932908,0.0,True,24,0.6180339887498948,0.38196601
1525,1331325,1.0,2.33083773,0.0,True,24,0.6180339887498948,0.38196601
1526,1332198,1.0,1.29781923,0.0,True,24,0.6180339887498948,0.38196601
1527,1333071,1.0,0.26480074,0.0,True,24,0.6180339887498948,0.38196601
1528,1333944,1.0,-0.76821776,0.0,True,24,0.6180339887498948,0.38196601
1529,1334817,1.0,-1.80123626,0.0,True,24,0.6180339887498948,0.38196601
1530,1335690,1.0,-2.83425475,-0.0,True,24,0.6180339887498948,0.38196601
1531,1336563,1.0,2.41591206,0.0,True,24,0.6180339887498948,0.38196601
1532,1337436,1.0,1.38289356,-0.0,True,24,0.6180339887498948,0.38196601
1533,1338309,1.0,0.34987506,0.0,True,24,0.6180339887498948,0.38196601
1534,1339182,1.0,-0.68314343,0.0,True,24,0.6180339887498948,0.38196601
1535,1340055,1.0,-1.71616193,-0.0,True,24,0.6180339887498948,0.38196601
1536,1340928,1.0,-2.74918042,-0.0,True,24,0.6180339887498948,0.38196601
1537,1341801,1.0,2.50098639,-0.0,True,24,0.6180339887498948,0.38196601
1538,1342674,1.0,1.46796789,-0.0,True,24,0.6180339887498948,0.38196601
1539,1343547,1.0,0.43494939,0.0,True,24,0.6180339887498948,0.38196601
1540,1344420,1.0,-0.5980691,0.0,True,24,0.6180339887498948,0.38196601
1541,1345293,1.0,-1.6310876,0.0,True,24,0.6180339887498948,0.38196601
1542,1346166,1.0,-2.6641061,0.0,True,24,0.6180339887498948,0.38196601
1543,1347039,1.0,2.58606072,-0.0,True,24,0.6180339887498948,0.38196601
1544,1347912,1.0,1.55304222,0.0,True,24,0.6180339887498948,0.38196601
1545,1348785,1.0,0.52002372,0.0,True,24,0.6180339887498948,0.38196601
1546,1349658,1.0,-0.51299477,0.0,True,24,0.6180339887498948,0.38196601
1547,1350531,1.0,-1.54601327,0.0,True,24,0.6180339887498948,0.38196601
1548,1351404,1.0,-2.57903177,0.0,True,24,0.6180339887498948,0.38196601
1549,1352277,1.0,2.67113504,-0.0,True,24,0.6180339887498948,0.38196601
1550,1353150,1.0,1.63811655,-0.0,True,24,0.6180339887498948,0.38196601
1551,1354023,1.0,0.60509805,0.0,True,24,0.6180339887498948,0.38196601
1552,1354896,1.0,-0.42792044,0.0,True,24,0.6180339887498948,0.38196601
1553,1355769,1.0,-1.46093894,-0.0,True,24,0.6180339887498948,0.38196601
1554,1356642,1.0,-2.49395744,0.0,True,24,0.6180339887498948,0.38196601
1555,1357515,1.0,2.75620937,0.0,True,24,0.6180339887498948,0.38196601
1556,1358388,1.0,1.72319088,0.0,True,24,0.6180339887498948,0.38196601
1557,1359261,1.0,0.69017238,0.0,True,24,0.6180339887498948,0.38196601
1558,1360134,1.0,-0.34284612,-0.0,True,24,0.6180339887498948,0.38196601
1559,1361007,1.0,-1.37586461,0.0,True,24,0.6180339887498948,0.38196601
1560,1361880,1.0,-2.40888311,0.0,True,24,0.6180339887498948,0.38196601
1561,1362753,1.0,2.8412837,0.0,True,24,0.6180339887498948,0.38196601
1562,1363626,1.0,1.80826521,0.0,True,24,0.6180339887498948,0.38196601
1563,1364499,1.0,0.77524671,-0.0,True,24,0.6180339887498948,0.38196601
1564,1365372,1.0,-0.25777179,0.0,True,24,0.6180339887498948,0.38196601
1565,1366245,1.0,-1.29079028,0.0,True,24,0.6180339887498948,0.38196601
1566,1367118,1.0,-2.32380878,0.0,True,24,0.6180339887498948,0.38196601
1567,1367991,1.0,2.92635803,-0.0,True,24,0.6180339887498948,0.38196601
1568,1368864,1.0,1.89333954,0.0,True,24,0.6180339887498948,0.38196601
1569,1369737,1.0,0.86032104,-0.0,True,24,0.6180339887498948,0.38196601
1570,1370610,1.0,-0.17269746,0.0,True,24,0.6180339887498948,0.38196601
1571,1371483,1.0,-1.20571595,0.0,True,24,0.6180339887498948,0.38196601
1572,1372356,1.0,-2.23873445,0.0,True,24,0.6180339887498948,0.38196601
1573,1373229,1.0,3.01143236,0.0,True,24,0.6180339887498948,0.38196601
1574,1374102,1.0,1.97841386,0.0,True,24,0.6180339887498948,0.38196601
1575,1374975,1.0,0.94539537,0.0,True,24,0.6180339887498948,0.38196601
1576,1375848,1.0,-0.08762313,-0.0,True,24,0.6180339887498948,0.38196601
1577,1376721,1.0,-1.12064162,-0.0,True,24,0.6180339887498948,0.38196601
1578,1377594,1.0,-2.15366012,0.0,True,24,0.6180339887498948,0.38196601
1579,1378467,1.0,3.09650669,0.0,True,24,0.6180339887498948,0.38196601
1580,1379340,1.0,2.06348819,0.0,True,24,0.6180339887498948,0.38196601
1581,1380213,1.0,1.0304697,0.0,True,24,0.6180339887498948,0.38196601
1582,1381086,1.0,-0.0025488,0.0,True,24,0.6180339887498948,0.38196601
1583,1381959,1.0,-1.0355673,0.0,True,24,0.6180339887498948,0.38196601
1584,1382832,1.0,-2.06858579,0.0,True,24,0.6180339887498948,0.38196601
1585,1383705,1.0,-3.10160429,0.0,True,24,0.6180339887498948,0.38196601
1586,1384578,1.0,2.14856252,0.0,True,24,0.6180339887498948,0.38196601
1587,1385451,1.0,1.11554403,0.0,True,24,0.6180339887498948,0.38196601
1588,1386324,1.0,0.08252553,0.0,True,24,0.6180339887498948,0.38196601
1589,1387197,1.0,-0.95049297,0.0,True,24,0.6180339887498948,0.38196601
1590,1388070,1.0,-1.98351146,0.0,True,24,0.6180339887498948,0.38196601
1591,1388943,1.0,-3.01652996,0.0,True,24,0.6180339887498948,0.38196601
1592,1389816,1.0,2.23363685,0.0,True,24,0.6180339887498948,0.38196601
1593,1390689,1.0,1.20061836,0.0,True,24,0.6180339887498948,0.38196601
1594,1391562,1.0,0.16759986,0.0,True,24,0.6180339887498948,0.38196601
1595,1392435,1.0,-0.86541864,0.0,True,24,0.6180339887498948,0.38196601
1596,1393308,1.0,-1.89843713,0.0,True,24,0.6180339887498948,0.38196601
1597,1394181,1.0,-2.93145563,-0.0,True,24,0.6180339887498948,0.38196601
1598,1395054,1.0,2.31871118,0.0,True,24,0.6180339887498948,0.38196601
1599,1395927,1.0,1.28569268,-0.0,True,24,0.6180339887498948,0.38196601
1600,1396800,1.0,0.25267419,0.0,True,24,0.6180339887498948,0.38196601
1601,1397673,1.0,-0.78034431,0.0,True,24,0.6180339887498948,0.38196601
1602,1398546,1.0,-1.8133628,-0.0,True,24,0.6180339887498948,0.38196601
1603,1399419,1.0,-2.8463813,0.0,True,24,0.6180339887498948,0.38196601
1604,1400292,1.0,2.40378551,0.0,True,24,0.6180339887498948,0.38196601
1605,1401165,1.0,1.37076701,0.0,True,24,0.6180339887498948,0.38196601
1606,1402038,1.0,0.33774852,0.0,True,24,0.6180339887498948,0.38196601
1607,1402911,1.0,-0.69526998,0.0,True,24,0.6180339887498948,0.38196601
1608,1403784,1.0,-1.72828848,0.0,True,24,0.6180339887498948,0.38196601
1609,1404657,1.0,-2.76130697,0.0,True,24,0.6180339887498948,0.38196601
1610,1405530,1.0,2.48885984,-0.0,True,24,0.6180339887498948,0.38196601
1611,1406403,1.0,1.45584134,-0.0,True,24,0.6180339887498948,0.38196601
1612,1407276,1.0,0.42282285,0.0,True,24,0.6180339887498948,0.38196601
1613,1408149,1.0,-0.61019565,0.0,True,24,0.6180339887498948,0.38196601
1614,1409022,1.0,-1.64321415,-0.0,True,24,0.6180339887498948,0.38196601
1615,1409895,1.0,-2.67623264,0.0,True,24,0.6180339887498948,0.38196601
1616,1410768,1.0,2.57393417,0.0,True,24,0.6180339887498948,0.38196601
1617,1411641,1.0,1.54091567,0.0,True,24,0.6180339887498948,0.38196601
1618,1412514,1.0,0.50789718,0.0,True,24,0.6180339887498948,0.38196601
1619,1413387,1.0,-0.52512132,0.0,True,24,0.6180339887498948,0.38196601
1620,1414260,1.0,-1.55813982,-0.0,True,24,0.6180339887498948,0.38196601
1621,1415133,1.0,-2.59115831,0.0,True,24,0.6180339887498948,0.38196601
1622,1416006,1.0,2.6590085,0.0,True,24,0.6180339887498948,0.38196601
1623,1416879,1.0,1.62599,0.0,True,24,0.6180339887498948,0.38196601
1624,1417752,1.0,0.5929715,0.0,True,24,0.6180339887498948,0.38196601
1625,1418625,1.0,-0.44004699,-0.0,True,24,0.6180339887498948,0.38196601
1626,1419498,1.0,-1.47306549,-0.0,True,24,0.6180339887498948,0.38196601
1627,1420371,1.0,-2.50608398,0.0,True,24,0.6180339887498948,0.38196601
1628,1421244,1.0,2.74408283,0.0,True,24,0.6180339887498948,0.38196601
1629,1422117,1.0,1.71106433,0.0,True,24,0.6180339887498948,0.38196601
1630,1422990,1.0,0.67804583,0.0,True,24,0.6180339887498948,0.38196601
1631,1423863,1.0,-0.35497266,0.0,True,24,0.6180339887498948,0.38196601
1632,1424736,1.0,-1.38799116,0.0,True,24,0.6180339887498948,0.38196601
1633,1425609,1.0,-2.42100966,0.0,True,24,0.6180339887498948,0.38196601
1634,1426482,1.0,2.82915715,0.0,True,24,0.6180339887498948,0.38196601
1635,1427355,1.0,1.79613866,-0.0,True,24,0.6180339887498948,0.38196601
1636,1428228,1.0,0.76312016,-0.0,True,24,0.6180339887498948,0.38196601
1637,1429101,1.0,-0.26989833,-0.0,True,24,0.6180339887498948,0.38196601
1638,1429974,1.0,-1.30291683,0.0,True,24,0.6180339887498948,0.38196601
1639,1430847,1.0,-2.33593533,0.0,True,24,0.6180339887498948,0.38196601
1640,1431720,1.0,2.91423148,0.0,True,24,0.6180339887498948,0.38196601
1641,1432593,1.0,1.88121299,0.0,True,24,0.6180339887498948,0.38196601
1642,1433466,1.0,0.84819449,0.0,True,24,0.6180339887498948,0.38196601
1643,1434339,1.0,-0.18482401,0.0,True,24,0.6180339887498948,0.38196601
1644,1435212,1.0,-1.2178425,0.0,True,24,0.6180339887498948,0.38196601
1645,1436085,1.0,-2.250861,0.0,True,24,0.6180339887498948,0.38196601
1646,1436958,1.0,2.99930581,-0.0,True,24,0.6180339887498948,0.38196601
1647,1437831,1.0,1.96628732,0.0,True,24,0.6180339887498948,0.38196601
1648,1438704,1.0,0.93326882,0.0,True,24,0.6180339887498948,0.38196601
1649,1439577,1.0,-0.09974968,0.0,True,24,0.6180339887498948,0.38196601
1650,1440450,1.0,-1.13276817,0.0,True,24,0.6180339887498948,0.38196601
1651,1441323,1.0,-2.16578667,0.0,True,24,0.6180339887498948,0.38196601
1652,1442196,1.0,3.08438014,0.0,True,24,0.6180339887498948,0.38196601
1653,1443069,1.0,2.05136165,0.0,True,24,0.6180339887498948,0.38196601
1654,1443942,1.0,1.01834315,0.0,True,24,0.6180339887498948,0.38196601
1655,1444815,1.0,-0.01467535,0.0,True,24,0.6180339887498948,0.38196601
1656,1445688,1.0,-1.04769384,0.0,True,24,0.6180339887498948,0.38196601
1657,1446561,1.0,-2.08071234,0.0,True,24,0.6180339887498948,0.38196601
1658,1447434,1.0,-3.11373084,0.0,True,24,0.6180339887498948,0.38196601
1659,1448307,1.0,2.13643597,0.0,True,24,0.6180339887498948,0.38196601
1660,1449180,1.0,1.10341748,0.0,True,24,0.6180339887498948,0.38196601
1661,1450053,1.0,0.07039898,0.0,True,24,0.6180339887498948,0.38196601
1662,1450926,1.0,-0.96261951,0.0,True,24,0.6180339887498948,0.38196601
1663,1451799,1.0,-1.99563801,0.0,True,24,0.6180339887498948,0.38196601
1664,1452672,1.0,-3.02865651,0.0,True,24,0.6180339887498948,0.38196601
1665,1453545,1.0,2.2215103,0.0,True,24,0.6180339887498948,0.38196601
1666,1454418,1.0,1.18849181,0.0,True,24,0.6180339887498948,0.38196601
1667,1455291,1.0,0.15547331,-0.0,True,24,0.6180339887498948,0.38196601
1668,1456164,1.0,-0.87754519,0.0,True,24,0.6180339887498948,0.38196601
1669,1457037,1.0,-1.91056368,0.0,True,24,0.6180339887498948,0.38196601
1670,1457910,1.0,-2.94358218,0.0,True,24,0.6180339887498948,0.38196601
1671,1458783,1.0,2.30658463,0.0,True,24,0.6180339887498948,0.38196601
1672,1459656,1.0,1.27356614,0.0,True,24,0.6180339887498948,0.38196601
1673,1460529,1.0,0.24054764,0.0,True,24,0.6180339887498948,0.38196601
1674,1461402,1.0,-0.79247086,0.0,True,24,0.6180339887498948,0.38196601
1675,1462275,1.0,-1.82548935,0.0,True,24,0.6180339887498948,0.38196601
1676,1463148,1.0,-2.85850785,-0.0,True,24,0.6180339887498948,0.38196601
1677,1464021,1.0,2.39165896,0.0,True,24,0.6180339887498948,0.38196601
1678,1464894,1.0,1.35864047,-0.0,True,24,0.6180339887498948,0.38196601
1679,1465767,1.0,0.32562197,-0.0,True,24,0.6180339887498948,0.38196601
1680,1466640,1.0,-0.70739653,0.0,True,24,0.6180339887498948,0.38196601
1681,1467513,1.0,-1.74041502,0.0,True,24,0.6180339887498948,0.38196601
1682,1468386,1.0,-2.77343352,0.0,True,24,0.6180339887498948,0.38196601
1683,1469259,1.0,2.47673329,0.0,True,24,0.6180339887498948,0.38196601
1684,1470132,1.0,1.44371479,0.0,True,24,0.6180339887498948,0.38196601
1685,1471005,1.0,0.4106963,0.0,True,24,0.6180339887498948,0.38196601
1686,1471878,1.0,-0.6223222,0.0,True,24,0.6180339887498948,0.38196601
1687,1472751,1.0,-1.65534069,0.0,True,24,0.6180339887498948,0.38196601
1688,1473624,1.0,-2.68835919,0.0,True,24,0.6180339887498948,0.38196601
1689,1474497,1.0,2.56180762,0.0,True,24,0.6180339887498948,0.38196601
1690,1475370,1.0,1.52878912,0.0,True,24,0.6180339887498948,0.38196601
1691,1476243,1.0,0.49577063,0.0,True,24,0.6180339887498948,0.38196601
1692,1477116,1.0,-0.53724787,0.0,True,24,0.6180339887498948,0.38196601
1693,1477989,1.0,-1.57026637,0.0,True,24,0.6180339887498948,0.38196601
1694,1478862,1.0,-2.60328486,0.0,True,24,0.6180339887498948,0.38196601
1695,1479735,1.0,2.64688195,0.0,True,24,0.6180339887498948,0.38196601
1696,1480608,1.0,1.61386345,0.0,True,24,0.6180339887498948,0.38196601
1697,1481481,1.0,0.58084496,0.0,True,24,0.6180339887498948,0.38196601
1698,1482354,1.0,-0.45217354,0.0,True,24,0.6180339887498948,0.38196601
1699,1483227,1.0,-1.48519204,0.0,True,24,0.6180339887498948,0.38196601
1700,1484100,1.0,-2.51821053,0.0,True,24,0.6180339887498948,0.38196601
1701,1484973,1.0,2.73195628,0.0,True,24,0.6180339887498948,0.38196601
1702,1485846,1.0,1.69893778,0.0,True,24,0.6180339887498948,0.38196601
1703,1486719,1.0,0.66591929,0.0,True,24,0.6180339887498948,0.38196601
1704,1487592,1.0,-0.36709921,0.0,True,24,0.6180339887498948,0.38196601
1705,1488465,1.0,-1.40011771,-0.0,True,24,0.6180339887498948,0.38196601
1706,1489338,1.0,-2.4331362,0.0,True,24,0.6180339887498948,0.38196601
1707,1490211,1.0,2.81703061,0.0,True,24,0.6180339887498948,0.38196601
1708,1491084,1.0,1.78401211,0.0,True,24,0.6180339887498948,0.38196601
1709,1491957,1.0,0.75099361,0.0,True,24,0.6180339887498948,0.38196601
1710,1492830,1.0,-0.28202488,0.0,True,24,0.6180339887498948,0.38196601
1711,1493703,1.0,-1.31504338,0.0,True,24,0.6180339887498948,0.38196601
1712,1494576,1.0,-2.34806187,0.0,True,24,0.6180339887498948,0.38196601
1713,1495449,1.0,2.90210494,0.0,True,24,0.6180339887498948,0.38196601
1714,1496322,1.0,1.86908644,-0.0,True,24,0.6180339887498948,0.38196601
1715,1497195,1.0,0.83606794,0.0,True,24,0.6180339887498948,0.38196601
1716,1498068,1.0,-0.19695055,0.0,True,24,0.6180339887498948,0.38196601
1717,1498941,1.0,-1.22996905,0.0,True,24,0.6180339887498948,0.38196601
1718,1499814,1.0,-2.26298755,-0.0,True,24,0.6180339887498948,0.38196601
1719,1500687,1.0,2.98717927,-0.0,True,24,0.6180339887498948,0.38196601
1720,1501560,1.0,1.95416077,0.0,True,24,0.6180339887498948,0.38196601
1721,1502433,1.0,0.92114227,0.0,True,24,0.6180339887498948,0.38196601
1722,1503306,1.0,-0.11187622,0.0,True,24,0.6180339887498948,0.38196601
1723,1504179,1.0,-1.14489472,0.0,True,24,0.6180339887498948,0.38196601
1724,1505052,1.0,-2.17791322,0.0,True,24,0.6180339887498948,0.38196601
1725,1505925,1.0,3.07225359,0.0,True,24,0.6180339887498948,0.38196601
1726,1506798,1.0,2.0392351,0.0,True,24,0.6180339887498948,0.38196601
1727,1507671,1.0,1.0062166,0.0,True,24,0.6180339887498948,0.38196601
1728,1508544,1.0,-0.02680189,0.0,True,24,0.6180339887498948,0.38196601
1729,1509417,1.0,-1.05982039,-0.0,True,24,0.6180339887498948,0.38196601
1730,1510290,1.0,-2.09283889,0.0,True,24,0.6180339887498948,0.38196601
1731,1511163,1.0,-3.12585738,0.0,True,24,0.6180339887498948,0.38196601
1732,1512036,1.0,2.12430943,0.0,True,24,0.6180339887498948,0.38196601
1733,1512909,1.0,1.09129093,0.0,True,24,0.6180339887498948,0.38196601
1734,1513782,1.0,0.05827243,0.0,True,24,0.6180339887498948,0.38196601
1735,1514655,1.0,-0.97474606,-0.0,True,24,0.6180339887498948,0.38196601
1736,1515528,1.0,-2.00776456,0.0,True,24,0.6180339887498948,0.38196601
1737,1516401,1.0,-3.04078305,0.0,True,24,0.6180339887498948,0.38196601
1738,1517274,1.0,2.20938376,0.0,True,24,0.6180339887498948,0.38196601
1739,1518147,1.0,1.17636526,0.0,True,24,0.6180339887498948,0.38196601
1740,1519020,1.0,0.14334676,-0.0,True,24,0.6180339887498948,0.38196601
1741,1519893,1.0,-0.88967173,0.0,True,24,0.6180339887498948,0.38196601
1742,1520766,1.0,-1.92269023,0.0,True,24,0.6180339887498948,0.38196601
1743,1521639,1.0,-2.95570873,0.0,True,24,0.6180339887498948,0.38196601
1744,1522512,1.0,2.29445809,0.0,True,24,0.6180339887498948,0.38196601
1745,1523385,1.0,1.26143959,0.0,True,24,0.6180339887498948,0.38196601
1746,1524258,1.0,0.22842109,0.0,True,24,0.6180339887498948,0.38196601
1747,1525131,1.0,-0.8045974,0.0,True,24,0.6180339887498948,0.38196601
1748,1526004,1.0,-1.8376159,0.0,True,24,0.6180339887498948,0.38196601
1749,1526877,1.0,-2.8706344,0.0,True,24,0.6180339887498948,0.38196601
1750,1527750,1.0,2.37953241,0.0,True,24,0.6180339887498948,0.38196601
1751,1528623,1.0,1.34651392,0.0,True,24,0.6180339887498948,0.38196601
1752,1529496,1.0,0.31349542,0.0,True,24,0.6180339887498948,0.38196601
1753,1530369,1.0,-0.71952307,0.0,True,24,0.6180339887498948,0.38196601
1754,1531242,1.0,-1.75254157,0.0,True,24,0.6180339887498948,0.38196601
1755,1532115,1.0,-2.78556007,0.0,True,24,0.6180339887498948,0.38196601
1756,1532988,1.0,2.46460674,0.0,True,24,0.6180339887498948,0.38196601
1757,1533861,1.0,1.43158825,-0.0,True,24,0.6180339887498948,0.38196601
1758,1534734,1.0,0.39856975,0.0,True,24,0.6180339887498948,0.38196601
1759,1535607,1.0,-0.63444875,0.0,True,24,0.6180339887498948,0.38196601
1760,1536480,1.0,-1.66746724,0.0,True,24,0.6180339887498948,0.38196601
1761,1537353,1.0,-2.70048574,0.0,True,24,0.6180339887498948,0.38196601
1762,1538226,1.0,2.54968107,0.0,True,24,0.6180339887498948,0.38196601
1763,1539099,1.0,1.51666258,-0.0,True,24,0.6180339887498948,0.38196601
1764,1539972,1.0,0.48364408,0.0,True,24,0.6180339887498948,0.38196601
1765,1540845,1.0,-0.54937442,0.0,True,24,0.6180339887498948,0.38196601
1766,1541718,1.0,-1.58239291,0.0,True,24,0.6180339887498948,0.38196601
1767,1542591,1.0,-2.61541141,0.0,True,24,0.6180339887498948,0.38196601
1768,1543464,1.0,2.6347554,0.0,True,24,0.6180339887498948,0.38196601
1769,1544337,1.0,1.60173691,0.0,True,24,0.6180339887498948,0.38196601
1770,1545210,1.0,0.56871841,0.0,True,24,0.6180339887498948,0.38196601
1771,1546083,1.0,-0.46430009,-0.0,True,24,0.6180339887498948,0.38196601
1772,1546956,1.0,-1.49731858,0.0,True,24,0.6180339887498948,0.38196601
1773,1547829,1.0,-2.53033708,0.0,True,24,0.6180339887498948,0.38196601
1774,1548702,1.0,2.71982973,0.0,True,24,0.6180339887498948,0.38196601
1775,1549575,1.0,1.68681123,0.0,True,24,0.6180339887498948,0.38196601
1776,1550448,1.0,0.65379274,0.0,True,24,0.6180339887498948,0.38196601
1777,1551321,1.0,-0.37922576,0.0,True,24,0.6180339887498948,0.38196601
1778,1552194,1.0,-1.41224425,-0.0,True,24,0.6180339887498948,0.38196601
1779,1553067,1.0,-2.44526275,0.0,True,24,0.6180339887498948,0.38196601
1780,1553940,1.0,2.80490406,0.0,True,24,0.6180339887498948,0.38196601
1781,1554813,1.0,1.77188556,0.0,True,24,0.6180339887498948,0.38196601
1782,1555686,1.0,0.73886707,0.0,True,24,0.6180339887498948,0.38196601
1783,1556559,1.0,-0.29415143,0.0,True,24,0.6180339887498948,0.38196601
1784,1557432,1.0,-1.32716993,0.0,True,24,0.6180339887498948,0.38196601
1785,1558305,1.0,-2.36018842,0.0,True,24,0.6180339887498948,0.38196601
1786,1559178,1.0,2.88997839,0.0,True,24,0.6180339887498948,0.38196601
1787,1560051,1.0,1.85695989,0.0,True,24,0.6180339887498948,0.38196601
1788,1560924,1.0,0.8239414,0.0,True,24,0.6180339887498948,0.38196601
1789,1561797,1.0,-0.2090771,0.0,True,24,0.6180339887498948,0.38196601
1790,1562670,1.0,-1.2420956,0.0,True,24,0.6180339887498948,0.38196601
1791,1563543,1.0,-2.27511409,0.0,True,24,0.6180339887498948,0.38196601
1792,1564416,1.0,2.97505272,0.0,True,24,0.6180339887498948,0.38196601
1793,1565289,1.0,1.94203422,-0.0,True,24,0.6180339887498948,0.38196601
1794,1566162,1.0,0.90901573,0.0,True,24,0.6180339887498948,0.38196601
1795,1567035,1.0,-0.12400277,0.0,True,24,0.6180339887498948,0.38196601
1796,1567908,1.0,-1.15702127,0.0,True,24,0.6180339887498948,0.38196601
1797,1568781,1.0,-2.19003976,0.0,True,24,0.6180339887498948,0.38196601
1798,1569654,1.0,3.06012705,0.0,True,24,0.6180339887498948,0.38196601
1799,1570527,1.0,2.02710855,0.0,True,24,0.6180339887498948,0.38196601
1800,1571400,1.0,0.99409005,0.0,True,24,0.6180339887498948,0.38196601
1801,1572273,1.0,-0.03892844,0.0,True,24,0.6180339887498948,0.38196601
1802,1573146,1.0,-1.07194694,0.0,True,24,0.6180339887498948,0.38196601
1803,1574019,1.0,-2.10496543,0.0,True,24,0.6180339887498948,0.38196601
1804,1574892,1.0,-3.13798393,0.0,True,24,0.6180339887498948,0.38196601
1805,1575765,1.0,2.11218288,0.0,True,24,0.6180339887498948,0.38196601
1806,1576638,1.0,1.07916438,0.0,True,24,0.6180339887498948,0.38196601
1807,1577511,1.0,0.04614589,-0.0,True,24,0.6180339887498948,0.38196601
1808,1578384,1.0,-0.98687261,0.0,True,24,0.6180339887498948,0.38196601
1809,1579257,1.0,-2.01989111,-0.0,True,24,0.6180339887498948,0.38196601
1810,1580130,1.0,-3.0529096,0.0,True,24,0.6180339887498948,0.38196601
1811,1581003,1.0,2.19725721,0.0,True,24,0.6180339887498948,0.38196601
1812,1581876,1.0,1.16423871,0.0,True,24,0.6180339887498948,0.38196601
1813,1582749,1.0,0.13122022,0.0,True,24,0.6180339887498948,0.38196601
1814,1583622,1.0,-0.90179828,0.0,True,24,0.6180339887498948,0.38196601
1815,1584495,1.0,-1.93481678,0.0,True,24,0.6180339887498948,0.38196601
1816,1585368,1.0,-2.96783527,-0.0,True,24,0.6180339887498948,0.38196601
1817,1586241,1.0,2.28233154,0.0,True,24,0.6180339887498948,0.38196601
1818,1587114,1.0,1.24931304,0.0,True,24,0.6180339887498948,0.38196601
1819,1587987,1.0,0.21629454,0.0,True,24,0.6180339887498948,0.38196601
1820,1588860,1.0,-0.81672395,0.0,True,24,0.6180339887498948,0.38196601
1821,1589733,1.0,-1.84974245,0.0,True,24,0.6180339887498948,0.38196601
1822,1590606,1.0,-2.88276094,-0.0,True,24,0.6180339887498948,0.38196601
1823,1591479,1.0,2.36740587,0.0,True,24,0.6180339887498948,0.38196601
1824,1592352,1.0,1.33438737,0.0,True,24,0.6180339887498948,0.38196601
1825,1593225,1.0,0.30136887,0.0,True,24,0.6180339887498948,0.38196601
1826,1594098,1.0,-0.73164962,-0.0,True,24,0.6180339887498948,0.38196601
1827,1594971,1.0,-1.76466812,0.0,True,24,0.6180339887498948,0.38196601
1828,1595844,1.0,-2.79768662,0.0,True,24,0.6180339887498948,0.38196601
1829,1596717,1.0,2.4524802,0.0,True,24,0.6180339887498948,0.38196601
1830,1597590,1.0,1.4194617,0.0,True,24,0.6180339887498948,0.38196601
1831,1598463,1.0,0.3864432,0.0,True,24,0.6180339887498948,0.38196601
1832,1599336,1.0,-0.64657529,0.0,True,24,0.6180339887498948,0.38196601
1833,1600209,1.0,-1.67959379,0.0,True,24,0.6180339887498948,0.38196601
1834,1601082,1.0,-2.71261229,0.0,True,24,0.6180339887498948,0.38196601
1835,1601955,1.0,2.53755452,0.0,True,24,0.6180339887498948,0.38196601
1836,1602828,1.0,1.50453603,-0.0,True,24,0.6180339887498948,0.38196601
1837,1603701,1.0,0.47151753,0.0,True,24,0.6180339887498948,0.38196601
1838,1604574,1.0,-0.56150096,0.0,True,24,0.6180339887498948,0.38196601
1839,1605447,1.0,-1.59451946,0.0,True,24,0.6180339887498948,0.38196601
1840,1606320,1.0,-2.62753796,0.0,True,24,0.6180339887498948,0.38196601
1841,1607193,1.0,2.62262885,0.0,True,24,0.6180339887498948,0.38196601
1842,1608066,1.0,1.58961036,0.0,True,24,0.6180339887498948,0.38196601
1843,1608939,1.0,0.55659186,0.0,True,24,0.6180339887498948,0.38196601
1844,1609812,1.0,-0.47642664,-0.0,True,24,0.6180339887498948,0.38196601
1845,1610685,1.0,-1.50944513,0.0,True,24,0.6180339887498948,0.38196601
1846,1611558,1.0,-2.54246363,0.0,True,24,0.6180339887498948,0.38196601
1847,1612431,1.0,2.70770318,0.0,True,24,0.6180339887498948,0.38196601
1848,1613304,1.0,1.67468469,0.0,True,24,0.6180339887498948,0.38196601
1849,1614177,1.0,0.64166619,0.0,True,24,0.6180339887498948,0.38196601
1850,1615050,1.0,-0.39135231,0.0,True,24,0.6180339887498948,0.38196601
1851,1615923,1.0,-1.4243708,0.0,True,24,0.6180339887498948,0.38196601
1852,1616796,1.0,-2.4573893,0.0,True,24,0.6180339887498948,0.38196601
1853,1617669,1.0,2.79277751,0.0,True,24,0.6180339887498948,0.38196601
1854,1618542,1.0,1.75975902,0.0,True,24,0.6180339887498948,0.38196601
1855,1619415,1.0,0.72674052,-0.0,True,24,0.6180339887498948,0.38196601
1856,1620288,1.0,-0.30627798,0.0,True,24,0.6180339887498948,0.38196601
1857,1621161,1.0,-1.33929647,0.0,True,24,0.6180339887498948,0.38196601
1858,1622034,1.0,-2.37231497,0.0,True,24,0.6180339887498948,0.38196601
1859,1622907,1.0,2.87785184,0.0,True,24,0.6180339887498948,0.38196601
1860,1623780,1.0,1.84483334,0.0,True,24,0.6180339887498948,0.38196601
1861,1624653,1.0,0.81181485,-0.0,True,24,0.6180339887498948,0.38196601
1862,1625526,1.0,-0.22120365,-0.0,True,24,0.6180339887498948,0.38196601
1863,1626399,1.0,-1.25422214,0.0,True,24,0.6180339887498948,0.38196601
1864,1627272,1.0,-2.28724064,0.0,True,24,0.6180339887498948,0.38196601
1865,1628145,1.0,2.96292617,0.0,True,24,0.6180339887498948,0.38196601
1866,1629018,1.0,1.92990767,0.0,True,24,0.6180339887498948,0.38196601
1867,1629891,1.0,0.89688918,0.0,True,24,0.6180339887498948,0.38196601
1868,1630764,1.0,-0.13612932,0.0,True,24,0.6180339887498948,0.38196601
1869,1631637,1.0,-1.16914782,0.0,True,24,0.6180339887498948,0.38196601
1870,1632510,1.0,-2.20216631,0.0,True,24,0.6180339887498948,0.38196601
1871,1633383,1.0,3.0480005,0.0,True,24,0.6180339887498948,0.38196601
1872,1634256,1.0,2.014982,0.0,True,24,0.6180339887498948,0.38196601
1873,1635129,1.0,0.98196351,0.0,True,24,0.6180339887498948,0.38196601
1874,1636002,1.0,-0.05105499,0.0,True,24,0.6180339887498948,0.38196601
1875,1636875,1.0,-1.08407349,0.0,True,24,0.6180339887498948,0.38196601
1876,1637748,1.0,-2.11709198,0.0,True,24,0.6180339887498948,0.38196601
1877,1638621,1.0,3.13307483,0.0,True,24,0.6180339887498948,0.38196601
1878,1639494,1.0,2.10005633,0.0,True,24,0.6180339887498948,0.38196601
1879,1640367,1.0,1.06703784,0.0,True,24,0.6180339887498948,0.38196601
1880,1641240,1.0,0.03401934,0.0,True,24,0.6180339887498948,0.38196601
1881,1642113,1.0,-0.99899916,0.0,True,24,0.6180339887498948,0.38196601
1882,1642986,1.0,-2.03201765,0.0,True,24,0.6180339887498948,0.38196601
1883,1643859,1.0,-3.06503615,-0.0,True,24,0.6180339887498948,0.38196601
1884,1644732,1.0,2.18513066,0.0,True,24,0.6180339887498948,0.38196601
1885,1645605,1.0,1.15211216,0.0,True,24,0.6180339887498948,0.38196601
1886,1646478,1.0,0.11909367,0.0,True,24,0.6180339887498948,0.38196601
1887,1647351,1.0,-0.91392483,0.0,True,24,0.6180339887498948,0.38196601
1888,1648224,1.0,-1.94694332,0.0,True,24,0.6180339887498948,0.38196601
1889,1649097,1.0,-2.97996182,-0.0,True,24,0.6180339887498948,0.38196601
1890,1649970,1.0,2.27020499,0.0,True,24,0.6180339887498948,0.38196601
1891,1650843,1.0,1.23718649,0.0,True,24,0.6180339887498948,0.38196601
1892,1651716,1.0,0.204168,0.0,True,24,0.6180339887498948,0.38196601
1893,1652589,1.0,-0.8288505,0.0,True,24,0.6180339887498948,0.38196601
1894,1653462,1.0,-1.861869,0.0,True,24,0.6180339887498948,0.38196601
1895,1654335,1.0,-2.89488749,0.0,True,24,0.6180339887498948,0.38196601
1896,1655208,1.0,2.35527932,0.0,True,24,0.6180339887498948,0.38196601
1897,1656081,1.0,1.32226082,0.0,True,24,0.6180339887498948,0.38196601
1898,1656954,1.0,0.28924233,0.0,True,24,0.6180339887498948,0.38196601
1899,1657827,1.0,-0.74377617,0.0,True,24,0.6180339887498948,0.38196601
1900,1658700,1.0,-1.77679467,0.0,True,24,0.6180339887498948,0.38196601
1901,1659573,1.0,-2.80981316,0.0,True,24,0.6180339887498948,0.38196601
1902,1660446,1.0,2.44035365,0.0,True,24,0.6180339887498948,0.38196601
1903,1661319,1.0,1.40733515,0.0,True,24,0.6180339887498948,0.38196601
1904,1662192,1.0,0.37431666,0.0,True,24,0.6180339887498948,0.38196601
1905,1663065,1.0,-0.65870184,0.0,True,24,0.6180339887498948,0.38196601
1906,1663938,1.0,-1.69172034,0.0,True,24,0.6180339887498948,0.38196601
1907,1664811,1.0,-2.72473883,0.0,True,24,0.6180339887498948,0.38196601
1908,1665684,1.0,2.52542798,0.0,True,24,0.6180339887498948,0.38196601
1909,1666557,1.0,1.49240948,0.0,True,24,0.6180339887498948,0.38196601
1910,1667430,1.0,0.45939098,0.0,True,24,0.6180339887498948,0.38196601
1911,1668303,1.0,-0.57362751,0.0,True,24,0.6180339887498948,0.38196601
1912,1669176,1.0,-1.60664601,0.0,True,24,0.6180339887498948,0.38196601
1913,1670049,1.0,-2.6396645,0.0,True,24,0.6180339887498948,0.38196601
1914,1670922,1.0,2.61050231,0.0,True,24,0.6180339887498948,0.38196601
1915,1671795,1.0,1.57748381,0.0,True,24,0.6180339887498948,0.38196601
1916,1672668,1.0,0.54446531,0.0,True,24,0.6180339887498948,0.38196601
1917,1673541,1.0,-0.48855318,0.0,True,24,0.6180339887498948,0.38196601
1918,1674414,1.0,-1.52157168,0.0,True,24,0.6180339887498948,0.38196601
1919,1675287,1.0,-2.55459018,0.0,True,24,0.6180339887498948,0.38196601
1920,1676160,1.0,2.69557664,0.0,True,24,0.6180339887498948,0.38196601
1921,1677033,1.0,1.66255814,-0.0,True,24,0.6180339887498948,0.38196601
1922,1677906,1.0,0.62953964,0.0,True,24,0.6180339887498948,0.38196601
1923,1678779,1.0,-0.40347885,-0.0,True,24,0.6180339887498948,0.38196601
1924,1679652,1.0,-1.43649735,0.0,True,24,0.6180339887498948,0.38196601
1925,1680525,1.0,-2.46951585,0.0,True,24,0.6180339887498948,0.38196601
1926,1681398,1.0,2.78065096,0.0,True,24,0.6180339887498948,0.38196601
1927,1682271,1.0,1.74763247,0.0,True,24,0.6180339887498948,0.38196601
1928,1683144,1.0,0.71461397,0.0,True,24,0.6180339887498948,0.38196601
1929,1684017,1.0,-0.31840452,0.0,True,24,0.6180339887498948,0.38196601
1930,1684890,1.0,-1.35142302,0.0,True,24,0.6180339887498948,0.38196601
1931,1685763,1.0,-2.38444152,0.0,True,24,0.6180339887498948,0.38196601
1932,1686636,1.0,2.86572529,0.0,True,24,0.6180339887498948,0.38196601
1933,1687509,1.0,1.8327068,0.0,True,24,0.6180339887498948,0.38196601
1934,1688382,1.0,0.7996883,0.0,True,24,0.6180339887498948,0.38196601
1935,1689255,1.0,-0.2333302,0.0,True,24,0.6180339887498948,0.38196601
1936,1690128,1.0,-1.26634869,0.0,True,24,0.6180339887498948,0.38196601
1937,1691001,1.0,-2.29936719,0.0,True,24,0.6180339887498948,0.38196601
1938,1691874,1.0,2.95079962,-0.0,True,24,0.6180339887498948,0.38196601
1939,1692747,1.0,1.91778113,0.0,True,24,0.6180339887498948,0.38196601
1940,1693620,1.0,0.88476263,0.0,True,24,0.6180339887498948,0.38196601
1941,1694493,1.0,-0.14825587,0.0,True,24,0.6180339887498948,0.38196601
1942,1695366,1.0,-1.18127436,0.0,True,24,0.6180339887498948,0.38196601
1943,1696239,1.0,-2.21429286,0.0,True,24,0.6180339887498948,0.38196601
1944,1697112,1.0,3.03587395,0.0,True,24,0.6180339887498948,0.38196601
1945,1697985,1.0,2.00285546,0.0,True,24,0.6180339887498948,0.38196601
1946,1698858,1.0,0.96983696,0.0,True,24,0.6180339887498948,0.38196601
1947,1699731,1.0,-0.06318154,0.0,True,24,0.6180339887498948,0.38196601
1948,1700604,1.0,-1.09620003,0.0,True,24,0.6180339887498948,0.38196601
1949,1701477,1.0,-2.12921853,0.0,True,24,0.6180339887498948,0.38196601
1950,1702350,1.0,3.12094828,0.0,True,24,0.6180339887498948,0.38196601
1951,1703223,1.0,2.08792978,0.0,True,24,0.6180339887498948,0.38196601
1952,1704096,1.0,1.05491129,0.0,True,24,0.6180339887498948,0.38196601
1953,1704969,1.0,0.02189279,0.0,True,24,0.6180339887498948,0.38196601
1954,1705842,1.0,-1.0111257,0.0,True,24,0.6180339887498948,0.38196601
1955,1706715,1.0,-2.0441442,0.0,True,24,0.6180339887498948,0.38196601
1956,1707588,1.0,-3.0771627,0.0,True,24,0.6180339887498948,0.38196601
1957,1708461,1.0,2.17300411,0.0,True,24,0.6180339887498948,0.38196601
1958,1709334,1.0,1.13998562,0.0,True,24,0.6180339887498948,0.38196601
1959,1710207,1.0,0.10696712,0.0,True,24,0.6180339887498948,0.38196601
1960,1711080,1.0,-0.92605138,0.0,True,24,0.6180339887498948,0.38196601
1961,1711953,1.0,-1.95906987,0.0,True,24,0.6180339887498948,0.38196601
1962,1712826,1.0,-2.99208837,0.0,True,24,0.6180339887498948,0.38196601
1963,1713699,1.0,2.25807844,0.0,True,24,0.6180339887498948,0.38196601
1964,1714572,1.0,1.22505995,0.0,True,24,0.6180339887498948,0.38196601
1965,1715445,1.0,0.19204145,0.0,True,24,0.6180339887498948,0.38196601
1966,1716318,1.0,-0.84097705,0.0,True,24,0.6180339887498948,0.38196601
1967,1717191,1.0,-1.87399554,0.0,True,24,0.6180339887498948,0.38196601
1968,1718064,1.0,-2.90701404,0.0,True,24,0.6180339887498948,0.38196601
1969,1718937,1.0,2.34315277,0.0,True,24,0.6180339887498948,0.38196601
1970,1719810,1.0,1.31013428,-0.0,True,24,0.6180339887498948,0.38196601
1971,1720683,1.0,0.27711578,0.0,True,24,0.6180339887498948,0.38196601
1972,1721556,1.0,-0.75590272,0.0,True,24,0.6180339887498948,0.38196601
1973,1722429,1.0,-1.78892121,0.0,True,24,0.6180339887498948,0.38196601
1974,1723302,1.0,-2.82193971,-0.0,True,24,0.6180339887498948,0.38196601
1975,1724175,1.0,2.4282271,0.0,True,24,0.6180339887498948,0.38196601
1976,1725048,1.0,1.3952086,-0.0,True,24,0.6180339887498948,0.38196601
1977,1725921,1.0,0.36219011,0.0,True,24,0.6180339887498948,0.38196601
1978,1726794,1.0,-0.67082839,0.0,True,24,0.6180339887498948,0.38196601
1979,1727667,1.0,-1.70384688,0.0,True,24,0.6180339887498948,0.38196601
1980,1728540,1.0,-2.73686538,0.0,True,24,0.6180339887498948,0.38196601
1981,1729413,1.0,2.51330143,0.0,True,24,0.6180339887498948,0.38196601
1982,1730286,1.0,1.48028293,0.0,True,24,0.6180339887498948,0.38196601
1983,1731159,1.0,0.44726444,0.0,True,24,0.6180339887498948,0.38196601
1984,1732032,1.0,-0.58575406,0.0,True,24,0.6180339887498948,0.38196601
1985,1732905,1.0,-1.61877256,0.0,True,24,0.6180339887498948,0.38196601
1986,1733778,1.0,-2.65179105,0.0,True,24,0.6180339887498948,0.38196601
1987,1734651,1.0,2.59837576,0.0,True,24,0.6180339887498948,0.38196601
1988,1735524,1.0,1.56535726,0.0,True,24,0.6180339887498948,0.38196601
1989,1736397,1.0,0.53233877,0.0,True,24,0.6180339887498948,0.38196601
1990,1737270,1.0,-0.50067973,0.0,True,24,0.6180339887498948,0.38196601
1991,1738143,1.0,-1.53369823,0.0,True,24,0.6180339887498948,0.38196601
1992,1739016,1.0,-2.56671672,0.0,True,24,0.6180339887498948,0.38196601
1993,1739889,1.0,2.68345009,0.0,True,24,0.6180339887498948,0.38196601
1994,1740762,1.0,1.65043159,-0.0,True,24,0.6180339887498948,0.38196601
1995,1741635,1.0,0.61741309,0.0,True,24,0.6180339887498948,0.38196601
1996,1742508,1.0,-0.4156054,0.0,True,24,0.6180339887498948,0.38196601
1997,1743381,1.0,-1.4486239,0.0,True,24,0.6180339887498948,0.38196601
1998,1744254,1.0,-2.48164239,0.0,True,24,0.6180339887498948,0.38196601
1999,1745127,1.0,2.76852442,0.0,True,24,0.6180339887498948,0.38196601
2000,1746000,1.0,1.73550592,0.0,True,24,0.6180339887498948,0.38196601
2001,1746873,1.0,0.70248742,0.0,True,24,0.6180339887498948,0.38196601
2002,1747746,1.0,-0.33053107,0.0,True,24,0.6180339887498948,0.38196601
2003,1748619,1.0,-1.36354957,0.0,True,24,0.6180339887498948,0.38196601
2004,1749492,1.0,-2.39656807,0.0,True,24,0.6180339887498948,0.38196601
2005,1750365,1.0,2.85359875,0.0,True,24,0.6180339887498948,0.38196601
2006,1751238,1.0,1.82058025,-0.0,True,24,0.6180339887498948,0.38196601
2007,1752111,1.0,0.78756175,0.0,True,24,0.6180339887498948,0.38196601
2008,1752984,1.0,-0.24545674,0.0,True,24,0.6180339887498948,0.38196601
2009,1753857,1.0,-1.27847524,0.0,True,24,0.6180339887498948,0.38196601
2010,1754730,1.0,-2.31149374,0.0,True,24,0.6180339887498948,0.38196601
2011,1755603,1.0,2.93867307,0.0,True,24,0.6180339887498948,0.38196601
2012,1756476,1.0,1.90565458,0.0,True,24,0.6180339887498948,0.38196601
2013,1757349,1.0,0.87263608,0.0,True,24,0.6180339887498948,0.38196601
2014,1758222,1.0,-0.16038241,0.0,True,24,0.6180339887498948,0.38196601
2015,1759095,1.0,-1.19340091,0.0,True,24,0.6180339887498948,0.38196601
2016,1759968,1.0,-2.22641941,0.0,True,24,0.6180339887498948,0.38196601
2017,1760841,1.0,3.0237474,0.0,True,24,0.6180339887498948,0.38196601
2018,1761714,1.0,1.99072891,0.0,True,24,0.6180339887498948,0.38196601
2019,1762587,1.0,0.95771041,0.0,True,24,0.6180339887498948,0.38196601
2020,1763460,1.0,-0.07530809,0.0,True,24,0.6180339887498948,0.38196601
2021,1764333,1.0,-1.10832658,0.0,True,24,0.6180339887498948,0.38196601
2022,1765206,1.0,-2.14134508,0.0,True,24,0.6180339887498948,0.38196601
2023,1766079,1.0,3.10882173,0.0,True,24,0.6180339887498948,0.38196601
2024,1766952,1.0,2.07580324,0.0,True,24,0.6180339887498948,0.38196601
2025,1767825,1.0,1.04278474,-0.0,True,24,0.6180339887498948,0.38196601
2026,1768698,1.0,0.00976624,0.0,True,24,0.6180339887498948,0.38196601
2027,1769571,1.0,-1.02325225,0.0,True,24,0.6180339887498948,0.38196601
2028,1770444,1.0,-2.05627075,0.0,True,24,0.6180339887498948,0.38196601
2029,1771317,1.0,-3.08928925,0.0,True,24,0.6180339887498948,0.38196601
2030,1772190,1.0,2.16087757,-0.0,True,24,0.6180339887498948,0.38196601
2031,1773063,1.0,1.12785907,0.0,True,24,0.6180339887498948,0.38196601
2032,1773936,1.0,0.09484057,-0.0,True,24,0.6180339887498948,0.38196601
2033,1774809,1.0,-0.93817792,0.0,True,24,0.6180339887498948,0.38196601
2034,1775682,1.0,-1.97119642,0.0,True,24,0.6180339887498948,0.38196601
2035,1776555,1.0,-3.00421492,0.0,True,24,0.6180339887498948,0.38196601
2036,1777428,1.0,2.24595189,0.0,True,24,0.6180339887498948,0.38196601
2037,1778301,1.0,1.2129334,0.0,True,24,0.6180339887498948,0.38196601
2038,1779174,1.0,0.1799149,-0.0,True,24,0.6180339887498948,0.38196601
2039,1780047,1.0,-0.85310359,0.0,True,24,0.6180339887498948,0.38196601
2040,1780920,1.0,-1.88612209,0.0,True,24,0.6180339887498948,0.38196601
2041,1781793,1.0,-2.91914059,-0.0,True,24,0.6180339887498948,0.38196601
2042,1782666,1.0,2.33102622,0.0,True,24,0.6180339887498948,0.38196601
2043,1783539,1.0,1.29800773,0.0,True,24,0.6180339887498948,0.38196601
2044,1784412,1.0,0.26498923,0.0,True,24,0.6180339887498948,0.38196601
2045,1785285,1.0,-0.76802927,0.0,True,24,0.6180339887498948,0.38196601
2046,1786158,1.0,-1.80104776,0.0,True,24,0.6180339887498948,0.38196601
2047,1787031,1.0,-2.83406626,0.0,True,24,0.6180339887498948,0.38196601
2048,1787904,1.0,2.41610055,0.0,True,24,0.6180339887498948,0.38196601
2049,1788777,1.0,1.38308206,0.0,True,24,0.6180339887498948,0.38196601
2050,1789650,1.0,0.35006356,0.0,True,24,0.6180339887498948,0.38196601
2051,1790523,1.0,-0.68295494,0.0,True,24,0.6180339887498948,0.38196601
2052,1791396,1.0,-1.71597343,0.0,True,24,0.6180339887498948,0.38196601
2053,1792269,1.0,-2.74899193,0.0,True,24,0.6180339887498948,0.38196601
2054,1793142,1.0,2.50117488,-0.0,True,24,0.6180339887498948,0.38196601
2055,1794015,1.0,1.46815639,0.0,True,24,0.6180339887498948,0.38196601
2056,1794888,1.0,0.43513789,0.0,True,24,0.6180339887498948,0.38196601
2057,1795761,1.0,-0.59788061,0.0,True,24,0.6180339887498948,0.38196601
2058,1796634,1.0,-1.6308991,0.0,True,24,0.6180339887498948,0.38196601
2059,1797507,1.0,-2.6639176,0.0,True,24,0.6180339887498948,0.38196601
2060,1798380,1.0,2.58624921,0.0,True,24,0.6180339887498948,0.38196601
2061,1799253,1.0,1.55323071,0.0,True,24,0.6180339887498948,0.38196601
2062,1800126,1.0,0.52021222,0.0,True,24,0.6180339887498948,0.38196601
2063,1800999,1.0,-0.51280628,0.0,True,24,0.6180339887498948,0.38196601
2064,1801872,1.0,-1.54582477,0.0,True,24,0.6180339887498948,0.38196601
2065,1802745,1.0,-2.57884327,0.0,True,24,0.6180339887498948,0.38196601
2066,1803618,1.0,2.67132354,0.0,True,24,0.6180339887498948,0.38196601
2067,1804491,1.0,1.63830504,0.0,True,24,0.6180339887498948,0.38196601
2068,1805364,1.0,0.60528655,0.0,True,24,0.6180339887498948,0.38196601
2069,1806237,1.0,-0.42773195,0.0,True,24,0.6180339887498948,0.38196601
2070,1807110,1.0,-1.46075045,0.0,True,24,0.6180339887498948,0.38196601
2071,1807983,1.0,-2.49376894,0.0,True,24,0.6180339887498948,0.38196601
2072,1808856,1.0,2.75639787,0.0,True,24,0.6180339887498948,0.38196601
2073,1809729,1.0,1.72337937,0.0,True,24,0.6180339887498948,0.38196601
2074,1810602,1.0,0.69036088,0.0,True,24,0.6180339887498948,0.38196601
2075,1811475,1.0,-0.34265762,-0.0,True,24,0.6180339887498948,0.38196601
2076,1812348,1.0,-1.37567612,-0.0,True,24,0.6180339887498948,0.38196601
2077,1813221,1.0,-2.40869461,0.0,True,24,0.6180339887498948,0.38196601
2078,1814094,1.0,2.8414722,0.0,True,24,0.6180339887498948,0.38196601
2079,1814967,1.0,1.8084537,0.0,True,24,0.6180339887498948,0.38196601
2080,1815840,1.0,0.77543521,0.0,True,24,0.6180339887498948,0.38196601
2081,1816713,1.0,-0.25758329,0.0,True,24,0.6180339887498948,0.38196601
2082,1817586,1.0,-1.29060179,0.0,True,24,0.6180339887498948,0.38196601
2083,1818459,1.0,-2.32362028,-0.0,True,24,0.6180339887498948,0.38196601
2084,1819332,1.0,2.92654653,0.0,True,24,0.6180339887498948,0.38196601
2085,1820205,1.0,1.89352803,0.0,True,24,0.6180339887498948,0.38196601
2086,1821078,1.0,0.86050953,0.0,True,24,0.6180339887498948,0.38196601
2087,1821951,1.0,-0.17250896,0.0,True,24,0.6180339887498948,0.38196601
2088,1822824,1.0,-1.20552746,0.0,True,24,0.6180339887498948,0.38196601
2089,1823697,1.0,-2.23854595,0.0,True,24,0.6180339887498948,0.38196601
2090,1824570,1.0,3.01162086,-0.0,True,24,0.6180339887498948,0.38196601
2091,1825443,1.0,1.97860236,0.0,True,24,0.6180339887498948,0.38196601
2092,1826316,1.0,0.94558386,0.0,True,24,0.6180339887498948,0.38196601
2093,1827189,1.0,-0.08743463,0.0,True,24,0.6180339887498948,0.38196601
2094,1828062,1.0,-1.12045313,0.0,True,24,0.6180339887498948,0.38196601
2095,1828935,1.0,-2.15347163,0.0,True,24,0.6180339887498948,0.38196601
2096,1829808,1.0,3.09669519,0.0,True,24,0.6180339887498948,0.38196601
2097,1830681,1.0,2.06367669,-0.0,True,24,0.6180339887498948,0.38196601
2098,1831554,1.0,1.03065819,0.0,True,24,0.6180339887498948,0.38196601
2099,1832427,1.0,-0.0023603,0.0,True,24,0.6180339887498948,0.38196601
2100,1833300,1.0,-1.0353788,0.0,True,24,0.6180339887498948,0.38196601
2101,1834173,1.0,-2.0683973,0.0,True,24,0.6180339887498948,0.38196601
2102,1835046,1.0,-3.10141579,-0.0,True,24,0.6180339887498948,0.38196601
2103,1835919,1.0,2.14875102,-0.0,True,24,0.6180339887498948,0.38196601
2104,1836792,1.0,1.11573252,0.0,True,24,0.6180339887498948,0.38196601
2105,1837665,1.0,0.08271403,0.0,True,24,0.6180339887498948,0.38196601
2106,1838538,1.0,-0.95030447,0.0,True,24,0.6180339887498948,0.38196601
2107,1839411,1.0,-1.98332297,0.0,True,24,0.6180339887498948,0.38196601
2108,1840284,1.0,-3.01634146,0.0,True,24,0.6180339887498948,0.38196601
2109,1841157,1.0,2.23382535,0.0,True,24,0.6180339887498948,0.38196601
2110,1842030,1.0,1.20080685,-0.0,True,24,0.6180339887498948,0.38196601
2111,1842903,1.0,0.16778835,0.0,True,24,0.6180339887498948,0.38196601
2112,1843776,1.0,-0.86523014,0.0,True,24,0.6180339887498948,0.38196601
2113,1844649,1.0,-1.89824864,0.0,True,24,0.6180339887498948,0.38196601
2114,1845522,1.0,-2.93126713,0.0,True,24,0.6180339887498948,0.38196601
2115,1846395,1.0,2.31889968,0.0,True,24,0.6180339887498948,0.38196601
2116,1847268,1.0,1.28588118,-0.0,True,24,0.6180339887498948,0.38196601
2117,1848141,1.0,0.25286268,-0.0,True,24,0.6180339887498948,0.38196601
2118,1849014,1.0,-0.78015581,0.0,True,24,0.6180339887498948,0.38196601
2119,1849887,1.0,-1.81317431,0.0,True,24,0.6180339887498948,0.38196601
2120,1850760,1.0,-2.84619281,0.0,True,24,0.6180339887498948,0.38196601
2121,1851633,1.0,2.40397401,0.0,True,24,0.6180339887498948,0.38196601
2122,1852506,1.0,1.37095551,-0.0,True,24,0.6180339887498948,0.38196601
2123,1853379,1.0,0.33793701,0.0,True,24,0.6180339887498948,0.38196601
2124,1854252,1.0,-0.69508148,-0.0,True,24,0.6180339887498948,0.38196601
2125,1855125,1.0,-1.72809998,0.0,True,24,0.6180339887498948,0.38196601
2126,1855998,1.0,-2.76111848,0.0,True,24,0.6180339887498948,0.38196601
2127,1856871,1.0,2.48904833,0.0,True,24,0.6180339887498948,0.38196601
2128,1857744,1.0,1.45602984,0.0,True,24,0.6180339887498948,0.38196601
2129,1858617,1.0,0.42301134,0.0,True,24,0.6180339887498948,0.38196601
2130,1859490,1.0,-0.61000715,0.0,True,24,0.6180339887498948,0.38196601
2131,1860363,1.0,-1.64302565,0.0,True,24,0.6180339887498948,0.38196601
2132,1861236,1.0,-2.67604415,0.0,True,24,0.6180339887498948,0.38196601
2133,1862109,1.0,2.57412266,0.0,True,24,0.6180339887498948,0.38196601
2134,1862982,1.0,1.54110417,0.0,True,24,0.6180339887498948,0.38196601
2135,1863855,1.0,0.50808567,0.0,True,24,0.6180339887498948,0.38196601
2136,1864728,1.0,-0.52493283,0.0,True,24,0.6180339887498948,0.38196601
2137,1865601,1.0,-1.55795132,0.0,True,24,0.6180339887498948,0.38196601
2138,1866474,1.0,-2.59096982,0.0,True,24,0.6180339887498948,0.38196601
2139,1867347,1.0,2.65919699,0.0,True,24,0.6180339887498948,0.38196601
2140,1868220,1.0,1.6261785,0.0,True,24,0.6180339887498948,0.38196601
2141,1869093,1.0,0.59316,0.0,True,24,0.6180339887498948,0.38196601
2142,1869966,1.0,-0.4398585,0.0,True,24,0.6180339887498948,0.38196601
2143,1870839,1.0,-1.47287699,0.0,True,24,0.6180339887498948,0.38196601
2144,1871712,1.0,-2.50589549,-0.0,True,24,0.6180339887498948,0.38196601
2145,1872585,1.0,2.74427132,0.0,True,24,0.6180339887498948,0.38196601
2146,1873458,1.0,1.71125283,0.0,True,24,0.6180339887498948,0.38196601
2147,1874331,1.0,0.67823433,0.0,True,24,0.6180339887498948,0.38196601
2148,1875204,1.0,-0.35478417,0.0,True,24,0.6180339887498948,0.38196601
2149,1876077,1.0,-1.38780266,-0.0,True,24,0.6180339887498948,0.38196601
2150,1876950,1.0,-2.42082116,0.0,True,24,0.6180339887498948,0.38196601
2151,1877823,1.0,2.82934565,0.0,True,24,0.6180339887498948,0.38196601
2152,1878696,1.0,1.79632715,-0.0,True,24,0.6180339887498948,0.38196601
2153,1879569,1.0,0.76330866,0.0,True,24,0.6180339887498948,0.38196601
2154,1880442,1.0,-0.26970984,0.0,True,24,0.6180339887498948,0.38196601
2155,1881315,1.0,-1.30272833,0.0,True,24,0.6180339887498948,0.38196601
2156,1882188,1.0,-2.33574683,-0.0,True,24,0.6180339887498948,0.38196601
2157,1883061,1.0,2.91441998,0.0,True,24,0.6180339887498948,0.38196601
2158,1883934,1.0,1.88140148,-0.0,True,24,0.6180339887498948,0.38196601
2159,1884807,1.0,0.84838299,0.0,True,24,0.6180339887498948,0.38196601
2160,1885680,1.0,-0.18463551,0.0,True,24,0.6180339887498948,0.38196601
2161,1886553,1.0,-1.21765401,0.0,True,24,0.6180339887498948,0.38196601
2162,1887426,1.0,-2.2506725,0.0,True,24,0.6180339887498948,0.38196601
2163,1888299,1.0,2.99949431,-0.0,True,24,0.6180339887498948,0.38196601
2164,1889172,1.0,1.96647581,0.0,True,24,0.6180339887498948,0.38196601
2165,1890045,1.0,0.93345732,0.0,True,24,0.6180339887498948,0.38196601
2166,1890918,1.0,-0.09956118,-0.0,True,24,0.6180339887498948,0.38196601
2167,1891791,1.0,-1.13257968,0.0,True,24,0.6180339887498948,0.38196601
2168,1892664,1.0,-2.16559817,0.0,True,24,0.6180339887498948,0.38196601
2169,1893537,1.0,3.08456864,0.0,True,24,0.6180339887498948,0.38196601
2170,1894410,1.0,2.05155014,0.0,True,24,0.6180339887498948,0.38196601
2171,1895283,1.0,1.01853165,-0.0,True,24,0.6180339887498948,0.38196601
2172,1896156,1.0,-0.01448685,0.0,True,24,0.6180339887498948,0.38196601
2173,1897029,1.0,-1.04750535,0.0,True,24,0.6180339887498948,0.38196601
2174,1897902,1.0,-2.08052384,0.0,True,24,0.6180339887498948,0.38196601
2175,1898775,1.0,-3.11354234,0.0,True,24,0.6180339887498948,0.38196601
2176,1899648,1.0,2.13662447,0.0,True,24,0.6180339887498948,0.38196601
2177,1900521,1.0,1.10360597,-0.0,True,24,0.6180339887498948,0.38196601
2178,1901394,1.0,0.07058748,-0.0,True,24,0.6180339887498948,0.38196601
2179,1902267,1.0,-0.96243102,0.0,True,24,0.6180339887498948,0.38196601
2180,1903140,1.0,-1.99544951,0.0,True,24,0.6180339887498948,0.38196601
2181,1904013,1.0,-3.02846801,0.0,True,24,0.6180339887498948,0.38196601
2182,1904886,1.0,2.2216988,0.0,True,24,0.6180339887498948,0.38196601
2183,1905759,1.0,1.1886803,0.0,True,24,0.6180339887498948,0.38196601
2184,1906632,1.0,0.15566181,0.0,True,24,0.6180339887498948,0.38196601
2185,1907505,1.0,-0.87735669,0.0,True,24,0.6180339887498948,0.38196601
2186,1908378,1.0,-1.91037519,0.0,True,24,0.6180339887498948,0.38196601
2187,1909251,1.0,-2.94339368,0.0,True,24,0.6180339887498948,0.38196601
2188,1910124,1.0,2.30677313,0.0,True,24,0.6180339887498948,0.38196601
2189,1910997,1.0,1.27375463,0.0,True,24,0.6180339887498948,0.38196601
2190,1911870,1.0,0.24073614,0.0,True,24,0.6180339887498948,0.38196601
2191,1912743,1.0,-0.79228236,0.0,True,24,0.6180339887498948,0.38196601
2192,1913616,1.0,-1.82530086,0.0,True,24,0.6180339887498948,0.38196601
2193,1914489,1.0,-2.85831935,-0.0,True,24,0.6180339887498948,0.38196601
2194,1915362,1.0,2.39184746,0.0,True,24,0.6180339887498948,0.38196601
2195,1916235,1.0,1.35882896,0.0,True,24,0.6180339887498948,0.38196601
2196,1917108,1.0,0.32581046,0.0,True,24,0.6180339887498948,0.38196601
2197,1917981,1.0,-0.70720803,0.0,True,24,0.6180339887498948,0.38196601
2198,1918854,1.0,-1.74022653,0.0,True,24,0.6180339887498948,0.38196601
2199,1919727,1.0,-2.77324502,0.0,True,24,0.6180339887498948,0.38196601
2200,1920600,1.0,2.47692179,0.0,True,24,0.6180339887498948,0.38196601
2201,1921473,1.0,1.44390329,0.0,True,24,0.6180339887498948,0.38196601
2202,1922346,1.0,0.41088479,-0.0,True,24,0.6180339887498948,0.38196601
2203,1923219,1.0,-0.6221337,0.0,True,24,0.6180339887498948,0.38196601
2204,1924092,1.0,-1.6551522,-0.0,True,24,0.6180339887498948,0.38196601
2205,1924965,1.0,-2.6881707,0.0,True,24,0.6180339887498948,0.38196601
2206,1925838,1.0,2.56199612,0.0,True,24,0.6180339887498948,0.38196601
2207,1926711,1.0,1.52897762,0.0,True,24,0.6180339887498948,0.38196601
2208,1927584,1.0,0.49595912,0.0,True,24,0.6180339887498948,0.38196601
2209,1928457,1.0,-0.53705937,0.0,True,24,0.6180339887498948,0.38196601
2210,1929330,1.0,-1.57007787,0.0,True,24,0.6180339887498948,0.38196601
2211,1930203,1.0,-2.60309637,0.0,True,24,0.6180339887498948,0.38196601
2212,1931076,1.0,2.64707044,0.0,True,24,0.6180339887498948,0.38196601
2213,1931949,1.0,1.61405195,0.0,True,24,0.6180339887498948,0.38196601
2214,1932822,1.0,0.58103345,0.0,True,24,0.6180339887498948,0.38196601
2215,1933695,1.0,-0.45198504,0.0,True,24,0.6180339887498948,0.38196601
2216,1934568,1.0,-1.48500354,0.0,True,24,0.6180339887498948,0.38196601
2217,1935441,1.0,-2.51802204,0.0,True,24,0.6180339887498948,0.38196601
2218,1936314,1.0,2.73214477,0.0,True,24,0.6180339887498948,0.38196601
2219,1937187,1.0,1.69912628,-0.0,True,24,0.6180339887498948,0.38196601
2220,1938060,1.0,0.66610778,-0.0,True,24,0.6180339887498948,0.38196601
2221,1938933,1.0,-0.36691072,0.0,True,24,0.6180339887498948,0.38196601
2222,1939806,1.0,-1.39992921,0.0,True,24,0.6180339887498948,0.38196601
2223,1940679,1.0,-2.43294771,0.0,True,24,0.6180339887498948,0.38196601
2224,1941552,1.0,2.8172191,0.0,True,24,0.6180339887498948,0.38196601
2225,1942425,1.0,1.78420061,0.0,True,24,0.6180339887498948,0.38196601
2226,1943298,1.0,0.75118211,0.0,True,24,0.6180339887498948,0.38196601
2227,1944171,1.0,-0.28183639,-0.0,True,24,0.6180339887498948,0.38196601
2228,1945044,1.0,-1.31485488,0.0,True,24,0.6180339887498948,0.38196601
2229,1945917,1.0,-2.34787338,0.0,True,24,0.6180339887498948,0.38196601
2230,1946790,1.0,2.90229343,0.0,True,24,0.6180339887498948,0.38196601
2231,1947663,1.0,1.86927494,-0.0,True,24,0.6180339887498948,0.38196601
2232,1948536,1.0,0.83625644,-0.0,True,24,0.6180339887498948,0.38196601
2233,1949409,1.0,-0.19676206,0.0,True,24,0.6180339887498948,0.38196601
2234,1950282,1.0,-1.22978055,0.0,True,24,0.6180339887498948,0.38196601
2235,1951155,1.0,-2.26279905,0.0,True,24,0.6180339887498948,0.38196601
2236,1952028,1.0,2.98736776,0.0,True,24,0.6180339887498948,0.38196601
2237,1952901,1.0,1.95434926,0.0,True,24,0.6180339887498948,0.38196601
2238,1953774,1.0,0.92133077,0.0,True,24,0.6180339887498948,0.38196601
2239,1954647,1.0,-0.11168773,0.0,True,24,0.6180339887498948,0.38196601
2240,1955520,1.0,-1.14470622,0.0,True,24,0.6180339887498948,0.38196601
2241,1956393,1.0,-2.17772472,0.0,True,24,0.6180339887498948,0.38196601
2242,1957266,1.0,3.07244209,0.0,True,24,0.6180339887498948,0.38196601
2243,1958139,1.0,2.03942359,0.0,True,24,0.6180339887498948,0.38196601
2244,1959012,1.0,1.0064051,0.0,True,24,0.6180339887498948,0.38196601
2245,1959885,1.0,-0.0266134,0.0,True,24,0.6180339887498948,0.38196601
2246,1960758,1.0,-1.0596319,0.0,True,24,0.6180339887498948,0.38196601
2247,1961631,1.0,-2.09265039,0.0,True,24,0.6180339887498948,0.38196601
2248,1962504,1.0,-3.12566889,-0.0,True,24,0.6180339887498948,0.38196601
2249,1963377,1.0,2.12449792,0.0,True,24,0.6180339887498948,0.38196601
2250,1964250,1.0,1.09147943,0.0,True,24,0.6180339887498948,0.38196601
2251,1965123,1.0,0.05846093,-0.0,True,24,0.6180339887498948,0.38196601
2252,1965996,1.0,-0.97455757,0.0,True,24,0.6180339887498948,0.38196601
2253,1966869,1.0,-2.00757606,0.0,True,24,0.6180339887498948,0.38196601
2254,1967742,1.0,-3.04059456,0.0,True,24,0.6180339887498948,0.38196601
2255,1968615,1.0,2.20957225,0.0,True,24,0.6180339887498948,0.38196601
2256,1969488,1.0,1.17655376,0.0,True,24,0.6180339887498948,0.38196601
2257,1970361,1.0,0.14353526,0.0,True,24,0.6180339887498948,0.38196601
2258,1971234,1.0,-0.88948324,0.0,True,24,0.6180339887498948,0.38196601
2259,1972107,1.0,-1.92250173,0.0,True,24,0.6180339887498948,0.38196601
2260,1972980,1.0,-2.95552023,0.0,True,24,0.6180339887498948,0.38196601
2261,1973853,1.0,2.29464658,0.0,True,24,0.6180339887498948,0.38196601
2262,1974726,1.0,1.26162808,-0.0,True,24,0.6180339887498948,0.38196601
2263,1975599,1.0,0.22860959,0.0,True,24,0.6180339887498948,0.38196601
2264,1976472,1.0,-0.80440891,0.0,True,24,0.6180339887498948,0.38196601
2265,1977345,1.0,-1.8374274,-0.0,True,24,0.6180339887498948,0.38196601
2266,1978218,1.0,-2.8704459,-0.0,True,24,0.6180339887498948,0.38196601
2267,1979091,1.0,2.37972091,0.0,True,24,0.6180339887498948,0.38196601
2268,1979964,1.0,1.34670241,0.0,True,24,0.6180339887498948,0.38196601
2269,1980837,1.0,0.31368392,-0.0,True,24,0.6180339887498948,0.38196601
2270,1981710,1.0,-0.71933458,-0.0,True,24,0.6180339887498948,0.38196601
2271,1982583,1.0,-1.75235308,0.0,True,24,0.6180339887498948,0.38196601
2272,1983456,1.0,-2.78537157,-0.0,True,24,0.6180339887498948,0.38196601
2273,1984329,1.0,2.46479524,0.0,True,24,0.6180339887498948,0.38196601
2274,1985202,1.0,1.43177674,-0.0,True,24,0.6180339887498948,0.38196601
2275,1986075,1.0,0.39875825,0.0,True,24,0.6180339887498948,0.38196601
2276,1986948,1.0,-0.63426025,0.0,True,24,0.6180339887498948,0.38196601
2277,1987821,1.0,-1.66727875,0.0,True,24,0.6180339887498948,0.38196601
2278,1988694,1.0,-2.70029724,0.0,True,24,0.6180339887498948,0.38196601
2279,1989567,1.0,2.54986957,0.0,True,24,0.6180339887498948,0.38196601
2280,1990440,1.0,1.51685107,-0.0,True,24,0.6180339887498948,0.38196601
2281,1991313,1.0,0.48383258,0.0,True,24,0.6180339887498948,0.38196601
2282,1992186,1.0,-0.54918592,0.0,True,24,0.6180339887498948,0.38196601
2283,1993059,1.0,-1.58220442,-0.0,True,24,0.6180339887498948,0.38196601
2284,1993932,1.0,-2.61522291,0.0,True,24,0.6180339887498948,0.38196601
2285,1994805,1.0,2.6349439,0.0,True,24,0.6180339887498948,0.38196601
2286,1995678,1.0,1.6019254,0.0,True,24,0.6180339887498948,0.38196601
2287,1996551,1.0,0.5689069,-0.0,True,24,0.6180339887498948,0.38196601
2288,1997424,1.0,-0.46411159,0.0,True,24,0.6180339887498948,0.38196601
2289,1998297,1.0,-1.49713009,0.0,True,24,0.6180339887498948,0.38196601
2290,1999170,1.0,-2.53014858,0.0,True,24,0.6180339887498948,0.38196601
2291,2000043,1.0,2.72001823,0.0,True,24,0.6180339887498948,0.38196601
2292,2000916,1.0,1.68699973,0.0,True,24,0.6180339887498948,0.38196601
2293,2001789,1.0,0.65398123,0.0,True,24,0.6180339887498948,0.38196601
2294,2002662,1.0,-0.37903726,0.0,True,24,0.6180339887498948,0.38196601
2295,2003535,1.0,-1.41205576,0.0,True,24,0.6180339887498948,0.38196601
2296,2004408,1.0,-2.44507426,0.0,True,24,0.6180339887498948,0.38196601
2297,2005281,1.0,2.80509256,0.0,True,24,0.6180339887498948,0.38196601
2298,2006154,1.0,1.77207406,0.0,True,24,0.6180339887498948,0.38196601
2299,2007027,1.0,0.73905556,0.0,True,24,0.6180339887498948,0.38196601
2300,2007900,1.0,-0.29396293,0.0,True,24,0.6180339887498948,0.38196601
2301,2008773,1.0,-1.32698143,-0.0,True,24,0.6180339887498948,0.38196601
2302,2009646,1.0,-2.35999993,0.0,True,24,0.6180339887498948,0.38196601
2303,2010519,1.0,2.89016688,0.0,True,24,0.6180339887498948,0.38196601
2304,2011392,1.0,1.85714839,0.0,True,24,0.6180339887498948,0.38196601
2305,2012265,1.0,0.82412989,0.0,True,24,0.6180339887498948,0.38196601
2306,2013138,1.0,-0.2088886,0.0,True,24,0.6180339887498948,0.38196601
2307,2014011,1.0,-1.2419071,0.0,True,24,0.6180339887498948,0.38196601
2308,2014884,1.0,-2.2749256,0.0,True,24,0.6180339887498948,0.38196601
2309,2015757,1.0,2.97524121,0.0,True,24,0.6180339887498948,0.38196601
2310,2016630,1.0,1.94222272,0.0,True,24,0.6180339887498948,0.38196601
2311,2017503,1.0,0.90920422,0.0,True,24,0.6180339887498948,0.38196601
2312,2018376,1.0,-0.12381428,0.0,True,24,0.6180339887498948,0.38196601
2313,2019249,1.0,-1.15683277,0.0,True,24,0.6180339887498948,0.38196601
2314,2020122,1.0,-2.18985127,0.0,True,24,0.6180339887498948,0.38196601
2315,2020995,1.0,3.06031554,0.0,True,24,0.6180339887498948,0.38196601
2316,2021868,1.0,2.02729705,0.0,True,24,0.6180339887498948,0.38196601
2317,2022741,1.0,0.99427855,0.0,True,24,0.6180339887498948,0.38196601
2318,2023614,1.0,-0.03873995,0.0,True,24,0.6180339887498948,0.38196601
2319,2024487,1.0,-1.07175844,0.0,True,24,0.6180339887498948,0.38196601
2320,2025360,1.0,-2.10477694,-0.0,True,24,0.6180339887498948,0.38196601
2321,2026233,1.0,-3.13779544,0.0,True,24,0.6180339887498948,0.38196601
2322,2027106,1.0,2.11237138,0.0,True,24,0.6180339887498948,0.38196601
2323,2027979,1.0,1.07935288,0.0,True,24,0.6180339887498948,0.38196601
2324,2028852,1.0,0.04633438,0.0,True,24,0.6180339887498948,0.38196601
2325,2029725,1.0,-0.98668411,0.0,True,24,0.6180339887498948,0.38196601
2326,2030598,1.0,-2.01970261,0.0,True,24,0.6180339887498948,0.38196601
2327,2031471,1.0,-3.05272111,0.0,True,24,0.6180339887498948,0.38196601
2328,2032344,1.0,2.1974457,0.0,True,24,0.6180339887498948,0.38196601
2329,2033217,1.0,1.16442721,0.0,True,24,0.6180339887498948,0.38196601
2330,2034090,1.0,0.13140871,0.0,True,24,0.6180339887498948,0.38196601
2331,2034963,1.0,-0.90160978,0.0,True,24,0.6180339887498948,0.38196601
2332,2035836,1.0,-1.93462828,0.0,True,24,0.6180339887498948,0.38196601
2333,2036709,1.0,-2.96764678,-0.0,True,24,0.6180339887498948,0.38196601
2334,2037582,1.0,2.28252003,0.0,True,24,0.6180339887498948,0.38196601
2335,2038455,1.0,1.24950154,0.0,True,24,0.6180339887498948,0.38196601
2336,2039328,1.0,0.21648304,0.0,True,24,0.6180339887498948,0.38196601
2337,2040201,1.0,-0.81653546,0.0,True,24,0.6180339887498948,0.38196601
2338,2041074,1.0,-1.84955395,0.0,True,24,0.6180339887498948,0.38196601
2339,2041947,1.0,-2.88257245,0.0,True,24,0.6180339887498948,0.38196601
2340,2042820,1.0,2.36759436,0.0,True,24,0.6180339887498948,0.38196601
2341,2043693,1.0,1.33457587,0.0,True,24,0.6180339887498948,0.38196601
2342,2044566,1.0,0.30155737,-0.0,True,24,0.6180339887498948,0.38196601
2343,2045439,1.0,-0.73146113,0.0,True,24,0.6180339887498948,0.38196601
2344,2046312,1.0,-1.76447962,0.0,True,24,0.6180339887498948,0.38196601
2345,2047185,1.0,-2.79749812,0.0,True,24,0.6180339887498948,0.38196601
2346,2048058,1.0,2.45266869,-0.0,True,24,0.6180339887498948,0.38196601
2347,2048931,1.0,1.4196502,0.0,True,24,0.6180339887498948,0.38196601
2348,2049804,1.0,0.3866317,-0.0,True,24,0.6180339887498948,0.38196601
2349,2050677,1.0,-0.6463868,0.0,True,24,0.6180339887498948,0.38196601
2350,2051550,1.0,-1.67940529,0.0,True,24,0.6180339887498948,0.38196601
2351,2052423,1.0,-2.71242379,0.0,True,24,0.6180339887498948,0.38196601
2352,2053296,1.0,2.53774302,0.0,True,24,0.6180339887498948,0.38196601
2353,2054169,1.0,1.50472452,-0.0,True,24,0.6180339887498948,0.38196601
2354,2055042,1.0,0.47170603,0.0,True,24,0.6180339887498948,0.38196601
2355,2055915,1.0,-0.56131247,0.0,True,24,0.6180339887498948,0.38196601
2356,2056788,1.0,-1.59433096,0.0,True,24,0.6180339887498948,0.38196601
2357,2057661,1.0,-2.62734946,0.0,True,24,0.6180339887498948,0.38196601
2358,2058534,1.0,2.62281735,-0.0,True,24,0.6180339887498948,0.38196601
2359,2059407,1.0,1.58979885,0.0,True,24,0.6180339887498948,0.38196601
2360,2060280,1.0,0.55678036,0.0,True,24,0.6180339887498948,0.38196601
2361,2061153,1.0,-0.47623814,0.0,True,24,0.6180339887498948,0.38196601
2362,2062026,1.0,-1.50925664,0.0,True,24,0.6180339887498948,0.38196601
2363,2062899,1.0,-2.54227513,0.0,True,24,0.6180339887498948,0.38196601
2364,2063772,1.0,2.70789168,0.0,True,24,0.6180339887498948,0.38196601
2365,2064645,1.0,1.67487318,-0.0,True,24,0.6180339887498948,0.38196601
2366,2065518,1.0,0.64185469,0.0,True,24,0.6180339887498948,0.38196601
2367,2066391,1.0,-0.39116381,0.0,True,24,0.6180339887498948,0.38196601
2368,2067264,1.0,-1.42418231,0.0,True,24,0.6180339887498948,0.38196601
2369,2068137,1.0,-2.4572008,0.0,True,24,0.6180339887498948,0.38196601
2370,2069010,1.0,2.79296601,0.0,True,24,0.6180339887498948,0.38196601
2371,2069883,1.0,1.75994751,0.0,True,24,0.6180339887498948,0.38196601
2372,2070756,1.0,0.72692901,0.0,True,24,0.6180339887498948,0.38196601
2373,2071629,1.0,-0.30608948,0.0,True,24,0.6180339887498948,0.38196601
2374,2072502,1.0,-1.33910798,0.0,True,24,0.6180339887498948,0.38196601
2375,2073375,1.0,-2.37212647,0.0,True,24,0.6180339887498948,0.38196601
2376,2074248,1.0,2.87804034,0.0,True,24,0.6180339887498948,0.38196601
2377,2075121,1.0,1.84502184,0.0,True,24,0.6180339887498948,0.38196601
2378,2075994,1.0,0.81200334,0.0,True,24,0.6180339887498948,0.38196601
2379,2076867,1.0,-0.22101515,-0.0,True,24,0.6180339887498948,0.38196601
2380,2077740,1.0,-1.25403365,0.0,True,24,0.6180339887498948,0.38196601
2381,2078613,1.0,-2.28705215,-0.0,True,24,0.6180339887498948,0.38196601
2382,2079486,1.0,2.96311467,0.0,True,24,0.6180339887498948,0.38196601
2383,2080359,1.0,1.93009617,0.0,True,24,0.6180339887498948,0.38196601
2384,2081232,1.0,0.89707767,0.0,True,24,0.6180339887498948,0.38196601
2385,2082105,1.0,-0.13594082,0.0,True,24,0.6180339887498948,0.38196601
2386,2082978,1.0,-1.16895932,0.0,True,24,0.6180339887498948,0.38196601
2387,2083851,1.0,-2.20197782,0.0,True,24,0.6180339887498948,0.38196601
2388,2084724,1.0,3.04818899,0.0,True,24,0.6180339887498948,0.38196601
2389,2085597,1.0,2.0151705,0.0,True,24,0.6180339887498948,0.38196601
2390,2086470,1.0,0.982152,0.0,True,24,0.6180339887498948,0.38196601
2391,2087343,1.0,-0.05086649,0.0,True,24,0.6180339887498948,0.38196601
2392,2088216,1.0,-1.08388499,0.0,True,24,0.6180339887498948,0.38196601
2393,2089089,1.0,-2.11690349,-0.0,True,24,0.6180339887498948,0.38196601
2394,2089962,1.0,3.13326332,-0.0,True,24,0.6180339887498948,0.38196601
2395,2090835,1.0,2.10024483,0.0,True,24,0.6180339887498948,0.38196601
2396,2091708,1.0,1.06722633,0.0,True,24,0.6180339887498948,0.38196601
2397,2092581,1.0,0.03420783,-0.0,True,24,0.6180339887498948,0.38196601
2398,2093454,1.0,-0.99881066,0.0,True,24,0.6180339887498948,0.38196601
2399,2094327,1.0,-2.03182916,0.0,True,24,0.6180339887498948,0.38196601
2400,2095200,1.0,-3.06484765,-0.0,True,24,0.6180339887498948,0.38196601
2401,2096073,1.0,2.18531916,0.0,True,24,0.6180339887498948,0.38196601
2402,2096946,1.0,1.15230066,-0.0,True,24,0.6180339887498948,0.38196601
2403,2097819,1.0,0.11928216,0.0,True,24,0.6180339887498948,0.38196601
2404,2098692,1.0,-0.91373633,0.0,True,24,0.6180339887498948,0.38196601
2405,2099565,1.0,-1.94675483,0.0,True,24,0.6180339887498948,0.38196601
2406,2100438,1.0,-2.97977333,0.0,True,24,0.6180339887498948,0.38196601
2407,2101311,1.0,2.27039349,0.0,True,24,0.6180339887498948,0.38196601
2408,2102184,1.0,1.23737499,0.0,True,24,0.6180339887498948,0.38196601
2409,2103057,1.0,0.20435649,0.0,True,24,0.6180339887498948,0.38196601
2410,2103930,1.0,-0.828662,0.0,True,24,0.6180339887498948,0.38196601
2411,2104803,1.0,-1.8616805,0.0,True,24,0.6180339887498948,0.38196601
2412,2105676,1.0,-2.894699,-0.0,True,24,0.6180339887498948,0.38196601
2413,2106549,1.0,2.35546781,0.0,True,24,0.6180339887498948,0.38196601
2414,2107422,1.0,1.32244932,0.0,True,24,0.6180339887498948,0.38196601
2415,2108295,1.0,0.28943082,-0.0,True,24,0.6180339887498948,0.38196601
2416,2109168,1.0,-0.74358767,0.0,True,24,0.6180339887498948,0.38196601
2417,2110041,1.0,-1.77660617,0.0,True,24,0.6180339887498948,0.38196601
2418,2110914,1.0,-2.80962467,0.0,True,24,0.6180339887498948,0.38196601
2419,2111787,1.0,2.44054214,-0.0,True,24,0.6180339887498948,0.38196601
2420,2112660,1.0,1.40752365,0.0,True,24,0.6180339887498948,0.38196601
2421,2113533,1.0,0.37450515,0.0,True,24,0.6180339887498948,0.38196601
2422,2114406,1.0,-0.65851335,-0.0,True,24,0.6180339887498948,0.38196601
2423,2115279,1.0,-1.69153184,0.0,True,24,0.6180339887498948,0.38196601
2424,2116152,1.0,-2.72455034,0.0,True,24,0.6180339887498948,0.38196601
2425,2117025,1.0,2.52561647,0.0,True,24,0.6180339887498948,0.38196601
2426,2117898,1.0,1.49259798,0.0,True,24,0.6180339887498948,0.38196601
2427,2118771,1.0,0.45957948,0.0,True,24,0.6180339887498948,0.38196601
2428,2119644,1.0,-0.57343902,0.0,True,24,0.6180339887498948,0.38196601
2429,2120517,1.0,-1.60645751,0.0,True,24,0.6180339887498948,0.38196601
2430,2121390,1.0,-2.63947601,0.0,True,24,0.6180339887498948,0.38196601
2431,2122263,1.0,2.6106908,0.0,True,24,0.6180339887498948,0.38196601
2432,2123136,1.0,1.57767231,0.0,True,24,0.6180339887498948,0.38196601
2433,2124009,1.0,0.54465381,0.0,True,24,0.6180339887498948,0.38196601
2434,2124882,1.0,-0.48836469,0.0,True,24,0.6180339887498948,0.38196601
2435,2125755,1.0,-1.52138318,-0.0,True,24,0.6180339887498948,0.38196601
2436,2126628,1.0,-2.55440168,0.0,True,24,0.6180339887498948,0.38196601
2437,2127501,1.0,2.69576513,0.0,True,24,0.6180339887498948,0.38196601
2438,2128374,1.0,1.66274663,-0.0,True,24,0.6180339887498948,0.38196601
2439,2129247,1.0,0.62972814,0.0,True,24,0.6180339887498948,0.38196601
2440,2130120,1.0,-0.40329036,0.0,True,24,0.6180339887498948,0.38196601
2441,2130993,1.0,-1.43630885,0.0,True,24,0.6180339887498948,0.38196601
2442,2131866,1.0,-2.46932735,0.0,True,24,0.6180339887498948,0.38196601
2443,2132739,1.0,2.78083946,0.0,True,24,0.6180339887498948,0.38196601
2444,2133612,1.0,1.74782096,-0.0,True,24,0.6180339887498948,0.38196601
2445,2134485,1.0,0.71480247,-0.0,True,24,0.6180339887498948,0.38196601
2446,2135358,1.0,-0.31821603,0.0,True,24,0.6180339887498948,0.38196601
2447,2136231,1.0,-1.35123453,0.0,True,24,0.6180339887498948,0.38196601
2448,2137104,1.0,-2.38425302,0.0,True,24,0.6180339887498948,0.38196601
2449,2137977,1.0,2.86591379,-0.0,True,24,0.6180339887498948,0.38196601
2450,2138850,1.0,1.83289529,0.0,True,24,0.6180339887498948,0.38196601
2451,2139723,1.0,0.7998768,0.0,True,24,0.6180339887498948,0.38196601
2452,2140596,1.0,-0.2331417,0.0,True,24,0.6180339887498948,0.38196601
2453,2141469,1.0,-1.2661602,0.0,True,24,0.6180339887498948,0.38196601
2454,2142342,1.0,-2.29917869,0.0,True,24,0.6180339887498948,0.38196601
2455,2143215,1.0,2.95098812,-0.0,True,24,0.6180339887498948,0.38196601
2456,2144088,1.0,1.91796962,0.0,True,24,0.6180339887498948,0.38196601
2457,2144961,1.0,0.88495113,0.0,True,24,0.6180339887498948,0.38196601
2458,2145834,1.0,-0.14806737,0.0,True,24,0.6180339887498948,0.38196601
2459,2146707,1.0,-1.18108587,0.0,True,24,0.6180339887498948,0.38196601
2460,2147580,1.0,-2.21410436,0.0,True,24,0.6180339887498948,0.38196601
2461,2148453,1.0,3.03606245,0.0,True,24,0.6180339887498948,0.38196601
2462,2149326,1.0,2.00304395,0.0,True,24,0.6180339887498948,0.38196601
2463,2150199,1.0,0.97002545,0.0,True,24,0.6180339887498948,0.38196601
2464,2151072,1.0,-0.06299304,0.0,True,24,0.6180339887498948,0.38196601
2465,2151945,1.0,-1.09601154,0.0,True,24,0.6180339887498948,0.38196601
2466,2152818,1.0,-2.12903003,0.0,True,24,0.6180339887498948,0.38196601
2467,2153691,1.0,3.12113678,-0.0,True,24,0.6180339887498948,0.38196601
2468,2154564,1.0,2.08811828,0.0,True,24,0.6180339887498948,0.38196601
2469,2155437,1.0,1.05509978,-0.0,True,24,0.6180339887498948,0.38196601
2470,2156310,1.0,0.02208129,0.0,True,24,0.6180339887498948,0.38196601
2471,2157183,1.0,-1.01093721,0.0,True,24,0.6180339887498948,0.38196601
2472,2158056,1.0,-2.04395571,0.0,True,24,0.6180339887498948,0.38196601
2473,2158929,1.0,-3.0769742,0.0,True,24,0.6180339887498948,0.38196601
2474,2159802,1.0,2.17319261,0.0,True,24,0.6180339887498948,0.38196601
2475,2160675,1.0,1.14017411,0.0,True,24,0.6180339887498948,0.38196601
2476,2161548,1.0,0.10715562,-0.0,True,24,0.6180339887498948,0.38196601
2477,2162421,1.0,-0.92586288,0.0,True,24,0.6180339887498948,0.38196601
2478,2163294,1.0,-1.95888138,0.0,True,24,0.6180339887498948,0.38196601
2479,2164167,1.0,-2.99189987,0.0,True,24,0.6180339887498948,0.38196601
2480,2165040,1.0,2.25826694,0.0,True,24,0.6180339887498948,0.38196601
2481,2165913,1.0,1.22524844,0.0,True,24,0.6180339887498948,0.38196601
2482,2166786,1.0,0.19222995,0.0,True,24,0.6180339887498948,0.38196601
2483,2167659,1.0,-0.84078855,0.0,True,24,0.6180339887498948,0.38196601
2484,2168532,1.0,-1.87380705,-0.0,True,24,0.6180339887498948,0.38196601
2485,2169405,1.0,-2.90682554,0.0,True,24,0.6180339887498948,0.38196601
2486,2170278,1.0,2.34334127,0.0,True,24,0.6180339887498948,0.38196601
2487,2171151,1.0,1.31032277,0.0,True,24,0.6180339887498948,0.38196601
2488,2172024,1.0,0.27730427,-0.0,True,24,0.6180339887498948,0.38196601
2489,2172897,1.0,-0.75571422,0.0,True,24,0.6180339887498948,0.38196601
2490,2173770,1.0,-1.78873272,0.0,True,24,0.6180339887498948,0.38196601
2491,2174643,1.0,-2.82175121,-0.0,True,24,0.6180339887498948,0.38196601
2492,2175516,1.0,2.4284156,0.0,True,24,0.6180339887498948,0.38196601
2493,2176389,1.0,1.3953971,0.0,True,24,0.6180339887498948,0.38196601
2494,2177262,1.0,0.3623786,0.0,True,24,0.6180339887498948,0.38196601
2495,2178135,1.0,-0.67063989,0.0,True,24,0.6180339887498948,0.38196601
2496,2179008,1.0,-1.70365839,-0.0,True,24,0.6180339887498948,0.38196601
2497,2179881,1.0,-2.73667689,-0.0,True,24,0.6180339887498948,0.38196601
2498,2180754,1.0,2.51348993,0.0,True,24,0.6180339887498948,0.38196601
2499,2181627,1.0,1.48047143,0.0,True,24,0.6180339887498948,0.38196601
2500,2182500,1.0,0.44745293,0.0,True,24,0.6180339887498948,0.38196601
2501,2183373,1.0,-0.58556556,0.0,True,24,0.6180339887498948,0.38196601
2502,2184246,1.0,-1.61858406,0.0,True,24,0.6180339887498948,0.38196601
2503,2185119,1.0,-2.65160256,0.0,True,24,0.6180339887498948,0.38196601
2504,2185992,1.0,2.59856425,0.0,True,24,0.6180339887498948,0.38196601
2505,2186865,1.0,1.56554576,0.0,True,24,0.6180339887498948,0.38196601
2506,2187738,1.0,0.53252726,0.0,True,24,0.6180339887498948,0.38196601
2507,2188611,1.0,-0.50049123,0.0,True,24,0.6180339887498948,0.38196601
2508,2189484,1.0,-1.53350973,0.0,True,24,0.6180339887498948,0.38196601
2509,2190357,1.0,-2.56652823,0.0,True,24,0.6180339887498948,0.38196601
2510,2191230,1.0,2.68363858,0.0,True,24,0.6180339887498948,0.38196601
2511,2192103,1.0,1.65062009,0.0,True,24,0.6180339887498948,0.38196601
2512,2192976,1.0,0.61760159,0.0,True,24,0.6180339887498948,0.38196601
2513,2193849,1.0,-0.41541691,0.0,True,24,0.6180339887498948,0.38196601
2514,2194722,1.0,-1.4484354,0.0,True,24,0.6180339887498948,0.38196601
2515,2195595,1.0,-2.4814539,0.0,True,24,0.6180339887498948,0.38196601
2516,2196468,1.0,2.76871291,0.0,True,24,0.6180339887498948,0.38196601
2517,2197341,1.0,1.73569442,0.0,True,24,0.6180339887498948,0.38196601
2518,2198214,1.0,0.70267592,0.0,True,24,0.6180339887498948,0.38196601
2519,2199087,1.0,-0.33034258,0.0,True,24,0.6180339887498948,0.38196601
2520,2199960,1.0,-1.36336107,0.0,True,24,0.6180339887498948,0.38196601
2521,2200833,1.0,-2.39637957,0.0,True,24,0.6180339887498948,0.38196601
2522,2201706,1.0,2.85378724,0.0,True,24,0.6180339887498948,0.38196601
2523,2202579,1.0,1.82076875,0.0,True,24,0.6180339887498948,0.38196601
2524,2203452,1.0,0.78775025,0.0,True,24,0.6180339887498948,0.38196601
2525,2204325,1.0,-0.24526825,0.0,True,24,0.6180339887498948,0.38196601
2526,2205198,1.0,-1.27828674,-0.0,True,24,0.6180339887498948,0.38196601
2527,2206071,1.0,-2.31130524,0.0,True,24,0.6180339887498948,0.38196601
2528,2206944,1.0,2.93886157,-0.0,True,24,0.6180339887498948,0.38196601
2529,2207817,1.0,1.90584307,-0.0,True,24,0.6180339887498948,0.38196601
2530,2208690,1.0,0.87282458,0.0,True,24,0.6180339887498948,0.38196601
2531,2209563,1.0,-0.16019392,0.0,True,24,0.6180339887498948,0.38196601
2532,2210436,1.0,-1.19321241,0.0,True,24,0.6180339887498948,0.38196601
2533,2211309,1.0,-2.22623091,0.0,True,24,0.6180339887498948,0.38196601
2534,2212182,1.0,3.0239359,0.0,True,24,0.6180339887498948,0.38196601
2535,2213055,1.0,1.9909174,0.0,True,24,0.6180339887498948,0.38196601
2536,2213928,1.0,0.95789891,0.0,True,24,0.6180339887498948,0.38196601
2537,2214801,1.0,-0.07511959,-0.0,True,24,0.6180339887498948,0.38196601
2538,2215674,1.0,-1.10813809,0.0,True,24,0.6180339887498948,0.38196601
2539,2216547,1.0,-2.14115658,0.0,True,24,0.6180339887498948,0.38196601
2540,2217420,1.0,3.10901023,0.0,True,24,0.6180339887498948,0.38196601
2541,2218293,1.0,2.07599173,0.0,True,24,0.6180339887498948,0.38196601
2542,2219166,1.0,1.04297324,-0.0,True,24,0.6180339887498948,0.38196601
2543,2220039,1.0,0.00995474,-0.0,True,24,0.6180339887498948,0.38196601
2544,2220912,1.0,-1.02306376,0.0,True,24,0.6180339887498948,0.38196601
2545,2221785,1.0,-2.05608225,0.0,True,24,0.6180339887498948,0.38196601
2546,2222658,1.0,-3.08910075,0.0,True,24,0.6180339887498948,0.38196601
2547,2223531,1.0,2.16106606,0.0,True,24,0.6180339887498948,0.38196601
2548,2224404,1.0,1.12804756,0.0,True,24,0.6180339887498948,0.38196601
2549,2225277,1.0,0.09502907,0.0,True,24,0.6180339887498948,0.38196601
2550,2226150,1.0,-0.93798943,0.0,True,24,0.6180339887498948,0.38196601
2551,2227023,1.0,-1.97100792,0.0,True,24,0.6180339887498948,0.38196601
2552,2227896,1.0,-3.00402642,0.0,True,24,0.6180339887498948,0.38196601
2553,2228769,1.0,2.24614039,0.0,True,24,0.6180339887498948,0.38196601
2554,2229642,1.0,1.21312189,0.0,True,24,0.6180339887498948,0.38196601
2555,2230515,1.0,0.1801034,0.0,True,24,0.6180339887498948,0.38196601
2556,2231388,1.0,-0.8529151,-0.0,True,24,0.6180339887498948,0.38196601
2557,2232261,1.0,-1.8859336,0.0,True,24,0.6180339887498948,0.38196601
2558,2233134,1.0,-2.91895209,-0.0,True,24,0.6180339887498948,0.38196601
2559,2234007,1.0,2.33121472,0.0,True,24,0.6180339887498948,0.38196601
2560,2234880,1.0,1.29819622,0.0,True,24,0.6180339887498948,0.38196601
2561,2235753,1.0,0.26517773,0.0,True,24,0.6180339887498948,0.38196601
2562,2236626,1.0,-0.76784077,0.0,True,24,0.6180339887498948,0.38196601
2563,2237499,1.0,-1.80085927,0.0,True,24,0.6180339887498948,0.38196601
2564,2238372,1.0,-2.83387776,0.0,True,24,0.6180339887498948,0.38196601
2565,2239245,1.0,2.41628905,0.0,True,24,0.6180339887498948,0.38196601
2566,2240118,1.0,1.38327055,-0.0,True,24,0.6180339887498948,0.38196601
2567,2240991,1.0,0.35025206,0.0,True,24,0.6180339887498948,0.38196601
2568,2241864,1.0,-0.68276644,0.0,True,24,0.6180339887498948,0.38196601
2569,2242737,1.0,-1.71578494,0.0,True,24,0.6180339887498948,0.38196601
2570,2243610,1.0,-2.74880343,0.0,True,24,0.6180339887498948,0.38196601
2571,2244483,1.0,2.50136338,0.0,True,24,0.6180339887498948,0.38196601
2572,2245356,1.0,1.46834488,0.0,True,24,0.6180339887498948,0.38196601
2573,2246229,1.0,0.43532638,0.0,True,24,0.6180339887498948,0.38196601
2574,2247102,1.0,-0.59769211,0.0,True,24,0.6180339887498948,0.38196601
2575,2247975,1.0,-1.63071061,0.0,True,24,0.6180339887498948,0.38196601
2576,2248848,1.0,-2.6637291,0.0,True,24,0.6180339887498948,0.38196601
2577,2249721,1.0,2.58643771,0.0,True,24,0.6180339887498948,0.38196601
2578,2250594,1.0,1.55341921,0.0,True,24,0.6180339887498948,0.38196601
2579,2251467,1.0,0.52040071,0.0,True,24,0.6180339887498948,0.38196601
2580,2252340,1.0,-0.51261778,0.0,True,24,0.6180339887498948,0.38196601
2581,2253213,1.0,-1.54563628,0.0,True,24,0.6180339887498948,0.38196601
2582,2254086,1.0,-2.57865478,0.0,True,24,0.6180339887498948,0.38196601
2583,2254959,1.0,2.67151204,0.0,True,24,0.6180339887498948,0.38196601
2584,2255832,1.0,1.63849354,0.0,True,24,0.6180339887498948,0.38196601
2585,2256705,1.0,0.60547504,0.0,True,24,0.6180339887498948,0.38196601
2586,2257578,1.0,-0.42754345,0.0,True,24,0.6180339887498948,0.38196601
2587,2258451,1.0,-1.46056195,0.0,True,24,0.6180339887498948,0.38196601
2588,2259324,1.0,-2.49358045,0.0,True,24,0.6180339887498948,0.38196601
2589,2260197,1.0,2.75658636,0.0,True,24,0.6180339887498948,0.38196601
2590,2261070,1.0,1.72356787,0.0,True,24,0.6180339887498948,0.38196601
2591,2261943,1.0,0.69054937,0.0,True,24,0.6180339887498948,0.38196601
2592,2262816,1.0,-0.34246912,0.0,True,24,0.6180339887498948,0.38196601
2593,2263689,1.0,-1.37548762,0.0,True,24,0.6180339887498948,0.38196601
2594,2264562,1.0,-2.40850612,0.0,True,24,0.6180339887498948,0.38196601
2595,2265435,1.0,2.84166069,0.0,True,24,0.6180339887498948,0.38196601
2596,2266308,1.0,1.8086422,-0.0,True,24,0.6180339887498948,0.38196601
2597,2267181,1.0,0.7756237,0.0,True,24,0.6180339887498948,0.38196601
2598,2268054,1.0,-0.2573948,0.0,True,24,0.6180339887498948,0.38196601
2599,2268927,1.0,-1.29041329,-0.0,True,24,0.6180339887498948,0.38196601
2600,2269800,1.0,-2.32343179,0.0,True,24,0.6180339887498948,0.38196601
2601,2270673,1.0,2.92673502,0.0,True,24,0.6180339887498948,0.38196601
2602,2271546,1.0,1.89371653,0.0,True,24,0.6180339887498948,0.38196601
2603,2272419,1.0,0.86069803,-0.0,True,24,0.6180339887498948,0.38196601
2604,2273292,1.0,-0.17232047,0.0,True,24,0.6180339887498948,0.38196601
2605,2274165,1.0,-1.20533896,-0.0,True,24,0.6180339887498948,0.38196601
2606,2275038,1.0,-2.23835746,0.0,True,24,0.6180339887498948,0.38196601
2607,2275911,1.0,3.01180935,-0.0,True,24,0.6180339887498948,0.38196601
2608,2276784,1.0,1.97879086,0.0,True,24,0.6180339887498948,0.38196601
2609,2277657,1.0,0.94577236,0.0,True,24,0.6180339887498948,0.38196601
2610,2278530,1.0,-0.08724614,0.0,True,24,0.6180339887498948,0.38196601
2611,2279403,1.0,-1.12026463,0.0,True,24,0.6180339887498948,0.38196601
2612,2280276,1.0,-2.15328313,0.0,True,24,0.6180339887498948,0.38196601
2613,2281149,1.0,3.09688368,-0.0,True,24,0.6180339887498948,0.38196601
2614,2282022,1.0,2.06386518,0.0,True,24,0.6180339887498948,0.38196601
2615,2282895,1.0,1.03084669,-0.0,True,24,0.6180339887498948,0.38196601
2616,2283768,1.0,-0.00217181,0.0,True,24,0.6180339887498948,0.38196601
2617,2284641,1.0,-1.0351903,0.0,True,24,0.6180339887498948,0.38196601
2618,2285514,1.0,-2.0682088,0.0,True,24,0.6180339887498948,0.38196601
2619,2286387,1.0,-3.1012273,0.0,True,24,0.6180339887498948,0.38196601
2620,2287260,1.0,2.14893951,-0.0,True,24,0.6180339887498948,0.38196601
2621,2288133,1.0,1.11592102,0.0,True,24,0.6180339887498948,0.38196601
2622,2289006,1.0,0.08290252,-0.0,True,24,0.6180339887498948,0.38196601
2623,2289879,1.0,-0.95011598,0.0,True,24,0.6180339887498948,0.38196601
2624,2290752,1.0,-1.98313447,0.0,True,24,0.6180339887498948,0.38196601
2625,2291625,1.0,-3.01615297,0.0,True,24,0.6180339887498948,0.38196601
2626,2292498,1.0,2.23401384,0.0,True,24,0.6180339887498948,0.38196601
2627,2293371,1.0,1.20099535,0.0,True,24,0.6180339887498948,0.38196601
2628,2294244,1.0,0.16797685,0.0,True,24,0.6180339887498948,0.38196601
2629,2295117,1.0,-0.86504165,0.0,True,24,0.6180339887498948,0.38196601
2630,2295990,1.0,-1.89806014,0.0,True,24,0.6180339887498948,0.38196601
2631,2296863,1.0,-2.93107864,0.0,True,24,0.6180339887498948,0.38196601
2632,2297736,1.0,2.31908817,0.0,True,24,0.6180339887498948,0.38196601
2633,2298609,1.0,1.28606968,0.0,True,24,0.6180339887498948,0.38196601
2634,2299482,1.0,0.25305118,0.0,True,24,0.6180339887498948,0.38196601
2635,2300355,1.0,-0.77996732,-0.0,True,24,0.6180339887498948,0.38196601
2636,2301228,1.0,-1.81298581,-0.0,True,24,0.6180339887498948,0.38196601
2637,2302101,1.0,-2.84600431,0.0,True,24,0.6180339887498948,0.38196601
2638,2302974,1.0,2.4041625,0.0,True,24,0.6180339887498948,0.38196601
2639,2303847,1.0,1.371144,0.0,True,24,0.6180339887498948,0.38196601
2640,2304720,1.0,0.33812551,0.0,True,24,0.6180339887498948,0.38196601
2641,2305593,1.0,-0.69489299,-0.0,True,24,0.6180339887498948,0.38196601
2642,2306466,1.0,-1.72791148,0.0,True,24,0.6180339887498948,0.38196601
2643,2307339,1.0,-2.76092998,0.0,True,24,0.6180339887498948,0.38196601
2644,2308212,1.0,2.48923683,0.0,True,24,0.6180339887498948,0.38196601
2645,2309085,1.0,1.45621833,0.0,True,24,0.6180339887498948,0.38196601
2646,2309958,1.0,0.42319984,0.0,True,24,0.6180339887498948,0.38196601
2647,2310831,1.0,-0.60981866,0.0,True,24,0.6180339887498948,0.38196601
2648,2311704,1.0,-1.64283716,0.0,True,24,0.6180339887498948,0.38196601
2649,2312577,1.0,-2.67585565,0.0,True,24,0.6180339887498948,0.38196601
2650,2313450,1.0,2.57431116,0.0,True,24,0.6180339887498948,0.38196601
2651,2314323,1.0,1.54129266,-0.0,True,24,0.6180339887498948,0.38196601
2652,2315196,1.0,0.50827417,0.0,True,24,0.6180339887498948,0.38196601
2653,2316069,1.0,-0.52474433,0.0,True,24,0.6180339887498948,0.38196601
2654,2316942,1.0,-1.55776283,0.0,True,24,0.6180339887498948,0.38196601
2655,2317815,1.0,-2.59078132,0.0,True,24,0.6180339887498948,0.38196601
2656,2318688,1.0,2.65938549,0.0,True,24,0.6180339887498948,0.38196601
2657,2319561,1.0,1.62636699,0.0,True,24,0.6180339887498948,0.38196601
2658,2320434,1.0,0.5933485,0.0,True,24,0.6180339887498948,0.38196601
2659,2321307,1.0,-0.43967,-0.0,True,24,0.6180339887498948,0.38196601
2660,2322180,1.0,-1.4726885,0.0,True,24,0.6180339887498948,0.38196601
2661,2323053,1.0,-2.50570699,0.0,True,24,0.6180339887498948,0.38196601
2662,2323926,1.0,2.74445982,0.0,True,24,0.6180339887498948,0.38196601
2663,2324799,1.0,1.71144132,0.0,True,24,0.6180339887498948,0.38196601
2664,2325672,1.0,0.67842282,0.0,True,24,0.6180339887498948,0.38196601
2665,2326545,1.0,-0.35459567,0.0,True,24,0.6180339887498948,0.38196601
2666,2327418,1.0,-1.38761417,0.0,True,24,0.6180339887498948,0.38196601
2667,2328291,1.0,-2.42063266,0.0,True,24,0.6180339887498948,0.38196601
2668,2329164,1.0,2.82953415,0.0,True,24,0.6180339887498948,0.38196601
2669,2330037,1.0,1.79651565,0.0,True,24,0.6180339887498948,0.38196601
2670,2330910,1.0,0.76349715,0.0,True,24,0.6180339887498948,0.38196601
2671,2331783,1.0,-0.26952134,0.0,True,24,0.6180339887498948,0.38196601
2672,2332656,1.0,-1.30253984,0.0,True,24,0.6180339887498948,0.38196601
2673,2333529,1.0,-2.33555834,0.0,True,24,0.6180339887498948,0.38196601
2674,2334402,1.0,2.91460848,0.0,True,24,0.6180339887498948,0.38196601
2675,2335275,1.0,1.88158998,0.0,True,24,0.6180339887498948,0.38196601
2676,2336148,1.0,0.84857148,0.0,True,24,0.6180339887498948,0.38196601
2677,2337021,1.0,-0.18444701,0.0,True,24,0.6180339887498948,0.38196601
2678,2337894,1.0,-1.21746551,0.0,True,24,0.6180339887498948,0.38196601
2679,2338767,1.0,-2.25048401,0.0,True,24,0.6180339887498948,0.38196601
2680,2339640,1.0,2.9996828,-0.0,True,24,0.6180339887498948,0.38196601
2681,2340513,1.0,1.96666431,0.0,True,24,0.6180339887498948,0.38196601
2682,2341386,1.0,0.93364581,0.0,True,24,0.6180339887498948,0.38196601
2683,2342259,1.0,-0.09937268,0.0,True,24,0.6180339887498948,0.38196601
2684,2343132,1.0,-1.13239118,0.0,True,24,0.6180339887498948,0.38196601
2685,2344005,1.0,-2.16540968,0.0,True,24,0.6180339887498948,0.38196601
2686,2344878,1.0,3.08475713,0.0,True,24,0.6180339887498948,0.38196601
2687,2345751,1.0,2.05173864,0.0,True,24,0.6180339887498948,0.38196601
2688,2346624,1.0,1.01872014,0.0,True,24,0.6180339887498948,0.38196601
2689,2347497,1.0,-0.01429836,0.0,True,24,0.6180339887498948,0.38196601
2690,2348370,1.0,-1.04731685,0.0,True,24,0.6180339887498948,0.38196601
2691,2349243,1.0,-2.08033535,0.0,True,24,0.6180339887498948,0.38196601
2692,2350116,1.0,-3.11335384,-0.0,True,24,0.6180339887498948,0.38196601
2693,2350989,1.0,2.13681297,0.0,True,24,0.6180339887498948,0.38196601
2694,2351862,1.0,1.10379447,0.0,True,24,0.6180339887498948,0.38196601
2695,2352735,1.0,0.07077597,-0.0,True,24,0.6180339887498948,0.38196601
2696,2353608,1.0,-0.96224252,0.0,True,24,0.6180339887498948,0.38196601
2697,2354481,1.0,-1.99526102,0.0,True,24,0.6180339887498948,0.38196601
2698,2355354,1.0,-3.02827952,0.0,True,24,0.6180339887498948,0.38196601
2699,2356227,1.0,2.2218873,0.0,True,24,0.6180339887498948,0.38196601
2700,2357100,1.0,1.1888688,0.0,True,24,0.6180339887498948,0.38196601
2701,2357973,1.0,0.1558503,0.0,True,24,0.6180339887498948,0.38196601
2702,2358846,1.0,-0.87716819,0.0,True,24,0.6180339887498948,0.38196601
2703,2359719,1.0,-1.91018669,0.0,True,24,0.6180339887498948,0.38196601
2704,2360592,1.0,-2.94320519,0.0,True,24,0.6180339887498948,0.38196601
2705,2361465,1.0,2.30696162,0.0,True,24,0.6180339887498948,0.38196601
2706,2362338,1.0,1.27394313,-0.0,True,24,0.6180339887498948,0.38196601
2707,2363211,1.0,0.24092463,0.0,True,24,0.6180339887498948,0.38196601
2708,2364084,1.0,-0.79209386,-0.0,True,24,0.6180339887498948,0.38196601
2709,2364957,1.0,-1.82511236,-0.0,True,24,0.6180339887498948,0.38196601
2710,2365830,1.0,-2.85813086,0.0,True,24,0.6180339887498948,0.38196601
2711,2366703,1.0,2.39203595,-0.0,True,24,0.6180339887498948,0.38196601
2712,2367576,1.0,1.35901746,0.0,True,24,0.6180339887498948,0.38196601
2713,2368449,1.0,0.32599896,0.0,True,24,0.6180339887498948,0.38196601
2714,2369322,1.0,-0.70701954,0.0,True,24,0.6180339887498948,0.38196601
2715,2370195,1.0,-1.74003803,0.0,True,24,0.6180339887498948,0.38196601
2716,2371068,1.0,-2.77305653,0.0,True,24,0.6180339887498948,0.38196601
2717,2371941,1.0,2.47711028,0.0,True,24,0.6180339887498948,0.38196601
2718,2372814,1.0,1.44409179,0.0,True,24,0.6180339887498948,0.38196601
2719,2373687,1.0,0.41107329,0.0,True,24,0.6180339887498948,0.38196601
2720,2374560,1.0,-0.62194521,0.0,True,24,0.6180339887498948,0.38196601
2721,2375433,1.0,-1.6549637,-0.0,True,24,0.6180339887498948,0.38196601
2722,2376306,1.0,-2.6879822,0.0,True,24,0.6180339887498948,0.38196601
2723,2377179,1.0,2.56218461,0.0,True,24,0.6180339887498948,0.38196601
2724,2378052,1.0,1.52916611,0.0,True,24,0.6180339887498948,0.38196601
2725,2378925,1.0,0.49614762,0.0,True,24,0.6180339887498948,0.38196601
2726,2379798,1.0,-0.53687088,0.0,True,24,0.6180339887498948,0.38196601
2727,2380671,1.0,-1.56988937,0.0,True,24,0.6180339887498948,0.38196601
2728,2381544,1.0,-2.60290787,0.0,True,24,0.6180339887498948,0.38196601
2729,2382417,1.0,2.64725894,0.0,True,24,0.6180339887498948,0.38196601
2730,2383290,1.0,1.61424044,0.0,True,24,0.6180339887498948,0.38196601
2731,2384163,1.0,0.58122195,0.0,True,24,0.6180339887498948,0.38196601
2732,2385036,1.0,-0.45179655,0.0,True,24,0.6180339887498948,0.38196601
2733,2385909,1.0,-1.48481505,0.0,True,24,0.6180339887498948,0.38196601
2734,2386782,1.0,-2.51783354,-0.0,True,24,0.6180339887498948,0.38196601
2735,2387655,1.0,2.73233327,0.0,True,24,0.6180339887498948,0.38196601
2736,2388528,1.0,1.69931477,-0.0,True,24,0.6180339887498948,0.38196601
2737,2389401,1.0,0.66629628,0.0,True,24,0.6180339887498948,0.38196601
2738,2390274,1.0,-0.36672222,-0.0,True,24,0.6180339887498948,0.38196601
2739,2391147,1.0,-1.39974072,0.0,True,24,0.6180339887498948,0.38196601
2740,2392020,1.0,-2.43275921,0.0,True,24,0.6180339887498948,0.38196601
2741,2392893,1.0,2.8174076,0.0,True,24,0.6180339887498948,0.38196601
2742,2393766,1.0,1.7843891,0.0,True,24,0.6180339887498948,0.38196601
2743,2394639,1.0,0.75137061,0.0,True,24,0.6180339887498948,0.38196601
2744,2395512,1.0,-0.28164789,0.0,True,24,0.6180339887498948,0.38196601
2745,2396385,1.0,-1.31466639,0.0,True,24,0.6180339887498948,0.38196601
2746,2397258,1.0,-2.34768488,0.0,True,24,0.6180339887498948,0.38196601
2747,2398131,1.0,2.90248193,-0.0,True,24,0.6180339887498948,0.38196601
2748,2399004,1.0,1.86946343,0.0,True,24,0.6180339887498948,0.38196601
2749,2399877,1.0,0.83644493,0.0,True,24,0.6180339887498948,0.38196601
2750,2400750,1.0,-0.19657356,0.0,True,24,0.6180339887498948,0.38196601
2751,2401623,1.0,-1.22959206,-0.0,True,24,0.6180339887498948,0.38196601
2752,2402496,1.0,-2.26261055,0.0,True,24,0.6180339887498948,0.38196601
2753,2403369,1.0,2.98755626,0.0,True,24,0.6180339887498948,0.38196601
2754,2404242,1.0,1.95453776,0.0,True,24,0.6180339887498948,0.38196601
2755,2405115,1.0,0.92151926,0.0,True,24,0.6180339887498948,0.38196601
2756,2405988,1.0,-0.11149923,0.0,True,24,0.6180339887498948,0.38196601
2757,2406861,1.0,-1.14451773,-0.0,True,24,0.6180339887498948,0.38196601
2758,2407734,1.0,-2.17753623,0.0,True,24,0.6180339887498948,0.38196601
2759,2408607,1.0,3.07263059,0.0,True,24,0.6180339887498948,0.38196601
2760,2409480,1.0,2.03961209,0.0,True,24,0.6180339887498948,0.38196601
2761,2410353,1.0,1.00659359,0.0,True,24,0.6180339887498948,0.38196601
2762,2411226,1.0,-0.0264249,0.0,True,24,0.6180339887498948,0.38196601
2763,2412099,1.0,-1.0594434,0.0,True,24,0.6180339887498948,0.38196601
2764,2412972,1.0,-2.0924619,0.0,True,24,0.6180339887498948,0.38196601
2765,2413845,1.0,-3.12548039,0.0,True,24,0.6180339887498948,0.38196601
2766,2414718,1.0,2.12468642,0.0,True,24,0.6180339887498948,0.38196601
2767,2415591,1.0,1.09166792,0.0,True,24,0.6180339887498948,0.38196601
2768,2416464,1.0,0.05864943,0.0,True,24,0.6180339887498948,0.38196601
2769,2417337,1.0,-0.97436907,0.0,True,24,0.6180339887498948,0.38196601
2770,2418210,1.0,-2.00738757,-0.0,True,24,0.6180339887498948,0.38196601
2771,2419083,1.0,-3.04040606,0.0,True,24,0.6180339887498948,0.38196601
2772,2419956,1.0,2.20976075,0.0,True,24,0.6180339887498948,0.38196601
2773,2420829,1.0,1.17674225,0.0,True,24,0.6180339887498948,0.38196601
2774,2421702,1.0,0.14372375,0.0,True,24,0.6180339887498948,0.38196601
2775,2422575,1.0,-0.88929474,0.0,True,24,0.6180339887498948,0.38196601
2776,2423448,1.0,-1.92231324,0.0,True,24,0.6180339887498948,0.38196601
2777,2424321,1.0,-2.95533173,-0.0,True,24,0.6180339887498948,0.38196601
2778,2425194,1.0,2.29483508,0.0,True,24,0.6180339887498948,0.38196601
2779,2426067,1.0,1.26181658,0.0,True,24,0.6180339887498948,0.38196601
2780,2426940,1.0,0.22879808,0.0,True,24,0.6180339887498948,0.38196601
2781,2427813,1.0,-0.80422041,0.0,True,24,0.6180339887498948,0.38196601
2782,2428686,1.0,-1.83723891,0.0,True,24,0.6180339887498948,0.38196601
2783,2429559,1.0,-2.87025741,0.0,True,24,0.6180339887498948,0.38196601
2784,2430432,1.0,2.37990941,0.0,True,24,0.6180339887498948,0.38196601
2785,2431305,1.0,1.34689091,0.0,True,24,0.6180339887498948,0.38196601
2786,2432178,1.0,0.31387241,0.0,True,24,0.6180339887498948,0.38196601
2787,2433051,1.0,-0.71914608,-0.0,True,24,0.6180339887498948,0.38196601
2788,2433924,1.0,-1.75216458,0.0,True,24,0.6180339887498948,0.38196601
2789,2434797,1.0,-2.78518308,0.0,True,24,0.6180339887498948,0.38196601
2790,2435670,1.0,2.46498373,0.0,True,24,0.6180339887498948,0.38196601
2791,2436543,1.0,1.43196524,0.0,True,24,0.6180339887498948,0.38196601
2792,2437416,1.0,0.39894674,0.0,True,24,0.6180339887498948,0.38196601
2793,2438289,1.0,-0.63407175,-0.0,True,24,0.6180339887498948,0.38196601
2794,2439162,1.0,-1.66709025,-0.0,True,24,0.6180339887498948,0.38196601
2795,2440035,1.0,-2.70010875,0.0,True,24,0.6180339887498948,0.38196601
2796,2440908,1.0,2.55005806,0.0,True,24,0.6180339887498948,0.38196601
2797,2441781,1.0,1.51703957,0.0,True,24,0.6180339887498948,0.38196601
2798,2442654,1.0,0.48402107,0.0,True,24,0.6180339887498948,0.38196601
2799,2443527,1.0,-0.54899743,0.0,True,24,0.6180339887498948,0.38196601
2800,2444400,1.0,-1.58201592,0.0,True,24,0.6180339887498948,0.38196601
2801,2445273,1.0,-2.61503442,0.0,True,24,0.6180339887498948,0.38196601
2802,2446146,1.0,2.63513239,0.0,True,24,0.6180339887498948,0.38196601
2803,2447019,1.0,1.6021139,0.0,True,24,0.6180339887498948,0.38196601
2804,2447892,1.0,0.5690954,0.0,True,24,0.6180339887498948,0.38196601
2805,2448765,1.0,-0.4639231,0.0,True,24,0.6180339887498948,0.38196601
2806,2449638,1.0,-1.49694159,0.0,True,24,0.6180339887498948,0.38196601
2807,2450511,1.0,-2.52996009,0.0,True,24,0.6180339887498948,0.38196601
2808,2451384,1.0,2.72020672,-0.0,True,24,0.6180339887498948,0.38196601
2809,2452257,1.0,1.68718823,-0.0,True,24,0.6180339887498948,0.38196601
2810,2453130,1.0,0.65416973,-0.0,True,24,0.6180339887498948,0.38196601
2811,2454003,1.0,-0.37884877,0.0,True,24,0.6180339887498948,0.38196601
2812,2454876,1.0,-1.41186726,0.0,True,24,0.6180339887498948,0.38196601
2813,2455749,1.0,-2.44488576,-0.0,True,24,0.6180339887498948,0.38196601
2814,2456622,1.0,2.80528105,0.0,True,24,0.6180339887498948,0.38196601
2815,2457495,1.0,1.77226255,0.0,True,24,0.6180339887498948,0.38196601
2816,2458368,1.0,0.73924406,0.0,True,24,0.6180339887498948,0.38196601
2817,2459241,1.0,-0.29377444,0.0,True,24,0.6180339887498948,0.38196601
2818,2460114,1.0,-1.32679293,0.0,True,24,0.6180339887498948,0.38196601
2819,2460987,1.0,-2.35981143,0.0,True,24,0.6180339887498948,0.38196601
2820,2461860,1.0,2.89035538,0.0,True,24,0.6180339887498948,0.38196601
2821,2462733,1.0,1.85733688,0.0,True,24,0.6180339887498948,0.38196601
2822,2463606,1.0,0.82431839,0.0,True,24,0.6180339887498948,0.38196601
2823,2464479,1.0,-0.20870011,-0.0,True,24,0.6180339887498948,0.38196601
2824,2465352,1.0,-1.24171861,0.0,True,24,0.6180339887498948,0.38196601
2825,2466225,1.0,-2.2747371,0.0,True,24,0.6180339887498948,0.38196601
2826,2467098,1.0,2.97542971,0.0,True,24,0.6180339887498948,0.38196601
2827,2467971,1.0,1.94241121,-0.0,True,24,0.6180339887498948,0.38196601
2828,2468844,1.0,0.90939272,0.0,True,24,0.6180339887498948,0.38196601
2829,2469717,1.0,-0.12362578,0.0,True,24,0.6180339887498948,0.38196601
2830,2470590,1.0,-1.15664428,0.0,True,24,0.6180339887498948,0.38196601
2831,2471463,1.0,-2.18966277,0.0,True,24,0.6180339887498948,0.38196601
2832,2472336,1.0,3.06050404,0.0,True,24,0.6180339887498948,0.38196601
2833,2473209,1.0,2.02748554,0.0,True,24,0.6180339887498948,0.38196601
2834,2474082,1.0,0.99446705,0.0,True,24,0.6180339887498948,0.38196601
2835,2474955,1.0,-0.03855145,0.0,True,24,0.6180339887498948,0.38196601
2836,2475828,1.0,-1.07156995,-0.0,True,24,0.6180339887498948,0.38196601
2837,2476701,1.0,-2.10458844,0.0,True,24,0.6180339887498948,0.38196601
2838,2477574,1.0,-3.13760694,0.0,True,24,0.6180339887498948,0.38196601
2839,2478447,1.0,2.11255987,0.0,True,24,0.6180339887498948,0.38196601
2840,2479320,1.0,1.07954137,0.0,True,24,0.6180339887498948,0.38196601
2841,2480193,1.0,0.04652288,-0.0,True,24,0.6180339887498948,0.38196601
2842,2481066,1.0,-0.98649562,0.0,True,24,0.6180339887498948,0.38196601
2843,2481939,1.0,-2.01951411,0.0,True,24,0.6180339887498948,0.38196601
2844,2482812,1.0,-3.05253261,0.0,True,24,0.6180339887498948,0.38196601
2845,2483685,1.0,2.1976342,0.0,True,24,0.6180339887498948,0.38196601
2846,2484558,1.0,1.1646157,0.0,True,24,0.6180339887498948,0.38196601
2847,2485431,1.0,0.13159721,0.0,True,24,0.6180339887498948,0.38196601
2848,2486304,1.0,-0.90142129,0.0,True,24,0.6180339887498948,0.38196601
2849,2487177,1.0,-1.93443979,0.0,True,24,0.6180339887498948,0.38196601
2850,2488050,1.0,-2.96745828,0.0,True,24,0.6180339887498948,0.38196601
2851,2488923,1.0,2.28270853,0.0,True,24,0.6180339887498948,0.38196601
2852,2489796,1.0,1.24969003,0.0,True,24,0.6180339887498948,0.38196601
2853,2490669,1.0,0.21667154,0.0,True,24,0.6180339887498948,0.38196601
2854,2491542,1.0,-0.81634696,0.0,True,24,0.6180339887498948,0.38196601
2855,2492415,1.0,-1.84936546,0.0,True,24,0.6180339887498948,0.38196601
2856,2493288,1.0,-2.88238395,0.0,True,24,0.6180339887498948,0.38196601
2857,2494161,1.0,2.36778286,0.0,True,24,0.6180339887498948,0.38196601
2858,2495034,1.0,1.33476436,0.0,True,24,0.6180339887498948,0.38196601
2859,2495907,1.0,0.30174587,0.0,True,24,0.6180339887498948,0.38196601
2860,2496780,1.0,-0.73127263,0.0,True,24,0.6180339887498948,0.38196601
2861,2497653,1.0,-1.76429113,-0.0,True,24,0.6180339887498948,0.38196601
2862,2498526,1.0,-2.79730962,0.0,True,24,0.6180339887498948,0.38196601
2863,2499399,1.0,2.45285719,0.0,True,24,0.6180339887498948,0.38196601
2864,2500272,1.0,1.41983869,0.0,True,24,0.6180339887498948,0.38196601
2865,2501145,1.0,0.38682019,0.0,True,24,0.6180339887498948,0.38196601
2866,2502018,1.0,-0.6461983,0.0,True,24,0.6180339887498948,0.38196601
2867,2502891,1.0,-1.6792168,0.0,True,24,0.6180339887498948,0.38196601
2868,2503764,1.0,-2.71223529,0.0,True,24,0.6180339887498948,0.38196601
2869,2504637,1.0,2.53793152,0.0,True,24,0.6180339887498948,0.38196601
2870,2505510,1.0,1.50491302,0.0,True,24,0.6180339887498948,0.38196601
2871,2506383,1.0,0.47189452,-0.0,True,24,0.6180339887498948,0.38196601
2872,2507256,1.0,-0.56112397,0.0,True,24,0.6180339887498948,0.38196601
2873,2508129,1.0,-1.59414247,0.0,True,24,0.6180339887498948,0.38196601
2874,2509002,1.0,-2.62716097,0.0,True,24,0.6180339887498948,0.38196601
2875,2509875,1.0,2.62300585,0.0,True,24,0.6180339887498948,0.38196601
2876,2510748,1.0,1.58998735,0.0,True,24,0.6180339887498948,0.38196601
2877,2511621,1.0,0.55696885,0.0,True,24,0.6180339887498948,0.38196601
2878,2512494,1.0,-0.47604964,0.0,True,24,0.6180339887498948,0.38196601
2879,2513367,1.0,-1.50906814,-0.0,True,24,0.6180339887498948,0.38196601
2880,2514240,1.0,-2.54208664,0.0,True,24,0.6180339887498948,0.38196601
2881,2515113,1.0,2.70808017,0.0,True,24,0.6180339887498948,0.38196601
2882,2515986,1.0,1.67506168,0.0,True,24,0.6180339887498948,0.38196601
2883,2516859,1.0,0.64204318,0.0,True,24,0.6180339887498948,0.38196601
2884,2517732,1.0,-0.39097531,0.0,True,24,0.6180339887498948,0.38196601
2885,2518605,1.0,-1.42399381,0.0,True,24,0.6180339887498948,0.38196601
2886,2519478,1.0,-2.45701231,0.0,True,24,0.6180339887498948,0.38196601
2887,2520351,1.0,2.7931545,-0.0,True,24,0.6180339887498948,0.38196601
2888,2521224,1.0,1.76013601,0.0,True,24,0.6180339887498948,0.38196601
2889,2522097,1.0,0.72711751,0.0,True,24,0.6180339887498948,0.38196601
2890,2522970,1.0,-0.30590099,0.0,True,24,0.6180339887498948,0.38196601
2891,2523843,1.0,-1.33891948,0.0,True,24,0.6180339887498948,0.38196601
2892,2524716,1.0,-2.37193798,-0.0,True,24,0.6180339887498948,0.38196601
2893,2525589,1.0,2.87822883,0.0,True,24,0.6180339887498948,0.38196601
2894,2526462,1.0,1.84521034,0.0,True,24,0.6180339887498948,0.38196601
2895,2527335,1.0,0.81219184,0.0,True,24,0.6180339887498948,0.38196601
2896,2528208,1.0,-0.22082666,0.0,True,24,0.6180339887498948,0.38196601
2897,2529081,1.0,-1.25384515,0.0,True,24,0.6180339887498948,0.38196601
2898,2529954,1.0,-2.28686365,0.0,True,24,0.6180339887498948,0.38196601
2899,2530827,1.0,2.96330316,0.0,True,24,0.6180339887498948,0.38196601
2900,2531700,1.0,1.93028466,0.0,True,24,0.6180339887498948,0.38196601
2901,2532573,1.0,0.89726617,0.0,True,24,0.6180339887498948,0.38196601
2902,2533446,1.0,-0.13575233,-0.0,True,24,0.6180339887498948,0.38196601
2903,2534319,1.0,-1.16877082,0.0,True,24,0.6180339887498948,0.38196601
2904,2535192,1.0,-2.20178932,0.0,True,24,0.6180339887498948,0.38196601
2905,2536065,1.0,3.04837749,0.0,True,24,0.6180339887498948,0.38196601
2906,2536938,1.0,2.01535899,0.0,True,24,0.6180339887498948,0.38196601
2907,2537811,1.0,0.9823405,0.0,True,24,0.6180339887498948,0.38196601
2908,2538684,1.0,-0.050678,0.0,True,24,0.6180339887498948,0.38196601
2909,2539557,1.0,-1.0836965,0.0,True,24,0.6180339887498948,0.38196601
2910,2540430,1.0,-2.11671499,0.0,True,24,0.6180339887498948,0.38196601
2911,2541303,1.0,3.13345182,0.0,True,24,0.6180339887498948,0.38196601
2912,2542176,1.0,2.10043332,0.0,True,24,0.6180339887498948,0.38196601
2913,2543049,1.0,1.06741483,0.0,True,24,0.6180339887498948,0.38196601
2914,2543922,1.0,0.03439633,0.0,True,24,0.6180339887498948,0.38196601
2915,2544795,1.0,-0.99862217,0.0,True,24,0.6180339887498948,0.38196601
2916,2545668,1.0,-2.03164066,0.0,True,24,0.6180339887498948,0.38196601
2917,2546541,1.0,-3.06465916,0.0,True,24,0.6180339887498948,0.38196601
2918,2547414,1.0,2.18550765,0.0,True,24,0.6180339887498948,0.38196601
2919,2548287,1.0,1.15248916,0.0,True,24,0.6180339887498948,0.38196601
2920,2549160,1.0,0.11947066,0.0,True,24,0.6180339887498948,0.38196601
2921,2550033,1.0,-0.91354784,0.0,True,24,0.6180339887498948,0.38196601
2922,2550906,1.0,-1.94656633,0.0,True,24,0.6180339887498948,0.38196601
2923,2551779,1.0,-2.97958483,0.0,True,24,0.6180339887498948,0.38196601
2924,2552652,1.0,2.27058198,0.0,True,24,0.6180339887498948,0.38196601
2925,2553525,1.0,1.23756348,0.0,True,24,0.6180339887498948,0.38196601
2926,2554398,1.0,0.20454499,0.0,True,24,0.6180339887498948,0.38196601
2927,2555271,1.0,-0.82847351,0.0,True,24,0.6180339887498948,0.38196601
2928,2556144,1.0,-1.861492,0.0,True,24,0.6180339887498948,0.38196601
2929,2557017,1.0,-2.8945105,0.0,True,24,0.6180339887498948,0.38196601
2930,2557890,1.0,2.35565631,0.0,True,24,0.6180339887498948,0.38196601
2931,2558763,1.0,1.32263781,0.0,True,24,0.6180339887498948,0.38196601
2932,2559636,1.0,0.28961932,0.0,True,24,0.6180339887498948,0.38196601
2933,2560509,1.0,-0.74339918,0.0,True,24,0.6180339887498948,0.38196601
2934,2561382,1.0,-1.77641768,0.0,True,24,0.6180339887498948,0.38196601
2935,2562255,1.0,-2.80943617,0.0,True,24,0.6180339887498948,0.38196601
2936,2563128,1.0,2.44073064,0.0,True,24,0.6180339887498948,0.38196601
2937,2564001,1.0,1.40771214,0.0,True,24,0.6180339887498948,0.38196601
2938,2564874,1.0,0.37469365,0.0,True,24,0.6180339887498948,0.38196601
2939,2565747,1.0,-0.65832485,0.0,True,24,0.6180339887498948,0.38196601
2940,2566620,1.0,-1.69134335,-0.0,True,24,0.6180339887498948,0.38196601
2941,2567493,1.0,-2.72436184,0.0,True,24,0.6180339887498948,0.38196601
2942,2568366,1.0,2.52580497,0.0,True,24,0.6180339887498948,0.38196601
2943,2569239,1.0,1.49278647,0.0,True,24,0.6180339887498948,0.38196601
2944,2570112,1.0,0.45976798,0.0,True,24,0.6180339887498948,0.38196601
2945,2570985,1.0,-0.57325052,0.0,True,24,0.6180339887498948,0.38196601
2946,2571858,1.0,-1.60626902,-0.0,True,24,0.6180339887498948,0.38196601
2947,2572731,1.0,-2.63928751,0.0,True,24,0.6180339887498948,0.38196601
2948,2573604,1.0,2.6108793,0.0,True,24,0.6180339887498948,0.38196601
2949,2574477,1.0,1.5778608,0.0,True,24,0.6180339887498948,0.38196601
2950,2575350,1.0,0.5448423,0.0,True,24,0.6180339887498948,0.38196601
2951,2576223,1.0,-0.48817619,0.0,True,24,0.6180339887498948,0.38196601
2952,2577096,1.0,-1.52119469,-0.0,True,24,0.6180339887498948,0.38196601
2953,2577969,1.0,-2.55421318,0.0,True,24,0.6180339887498948,0.38196601
2954,2578842,1.0,2.69595363,0.0,True,24,0.6180339887498948,0.38196601
2955,2579715,1.0,1.66293513,-0.0,True,24,0.6180339887498948,0.38196601
2956,2580588,1.0,0.62991663,0.0,True,24,0.6180339887498948,0.38196601
2957,2581461,1.0,-0.40310186,0.0,True,24,0.6180339887498948,0.38196601
2958,2582334,1.0,-1.43612036,-0.0,True,24,0.6180339887498948,0.38196601
2959,2583207,1.0,-2.46913886,0.0,True,24,0.6180339887498948,0.38196601
2960,2584080,1.0,2.78102796,0.0,True,24,0.6180339887498948,0.38196601
2961,2584953,1.0,1.74800946,-0.0,True,24,0.6180339887498948,0.38196601
2962,2585826,1.0,0.71499096,0.0,True,24,0.6180339887498948,0.38196601
2963,2586699,1.0,-0.31802753,-0.0,True,24,0.6180339887498948,0.38196601
2964,2587572,1.0,-1.35104603,-0.0,True,24,0.6180339887498948,0.38196601
2965,2588445,1.0,-2.38406453,0.0,True,24,0.6180339887498948,0.38196601
2966,2589318,1.0,2.86610228,-0.0,True,24,0.6180339887498948,0.38196601
2967,2590191,1.0,1.83308379,0.0,True,24,0.6180339887498948,0.38196601
2968,2591064,1.0,0.80006529,0.0,True,24,0.6180339887498948,0.38196601
2969,2591937,1.0,-0.2329532,0.0,True,24,0.6180339887498948,0.38196601
2970,2592810,1.0,-1.2659717,0.0,True,24,0.6180339887498948,0.38196601
2971,2593683,1.0,-2.2989902,0.0,True,24,0.6180339887498948,0.38196601
2972,2594556,1.0,2.95117661,0.0,True,24,0.6180339887498948,0.38196601
2973,2595429,1.0,1.91815812,0.0,True,24,0.6180339887498948,0.38196601
2974,2596302,1.0,0.88513962,0.0,True,24,0.6180339887498948,0.38196601
2975,2597175,1.0,-0.14787888,-0.0,True,24,0.6180339887498948,0.38196601
2976,2598048,1.0,-1.18089737,0.0,True,24,0.6180339887498948,0.38196601
2977,2598921,1.0,-2.21391587,0.0,True,24,0.6180339887498948,0.38196601
2978,2599794,1.0,3.03625094,0.0,True,24,0.6180339887498948,0.38196601
2979,2600667,1.0,2.00323245,0.0,True,24,0.6180339887498948,0.38196601
2980,2601540,1.0,0.97021395,-0.0,True,24,0.6180339887498948,0.38196601
2981,2602413,1.0,-0.06280455,0.0,True,24,0.6180339887498948,0.38196601
2982,2603286,1.0,-1.09582304,0.0,True,24,0.6180339887498948,0.38196601
2983,2604159,1.0,-2.12884154,0.0,True,24,0.6180339887498948,0.38196601
2984,2605032,1.0,3.12132527,-0.0,True,24,0.6180339887498948,0.38196601
2985,2605905,1.0,2.08830678,0.0,True,24,0.6180339887498948,0.38196601
2986,2606778,1.0,1.05528828,0.0,True,24,0.6180339887498948,0.38196601
2987,2607651,1.0,0.02226978,-0.0,True,24,0.6180339887498948,0.38196601
2988,2608524,1.0,-1.01074871,0.0,True,24,0.6180339887498948,0.38196601
2989,2609397,1.0,-2.04376721,0.0,True,24,0.6180339887498948,0.38196601
2990,2610270,1.0,-3.07678571,0.0,True,24,0.6180339887498948,0.38196601
2991,2611143,1.0,2.1733811,0.0,True,24,0.6180339887498948,0.38196601
2992,2612016,1.0,1.14036261,0.0,True,24,0.6180339887498948,0.38196601
2993,2612889,1.0,0.10734411,-0.0,True,24,0.6180339887498948,0.38196601
2994,2613762,1.0,-0.92567438,0.0,True,24,0.6180339887498948,0.38196601
2995,2614635,1.0,-1.95869288,0.0,True,24,0.6180339887498948,0.38196601
2996,2615508,1.0,-2.99171138,0.0,True,24,0.6180339887498948,0.38196601
2997,2616381,1.0,2.25845543,0.0,True,24,0.6180339887498948,0.38196601
2998,2617254,1.0,1.22543694,0.0,True,24,0.6180339887498948,0.38196601
2999,2618127,1.0,0.19241844,0.0,True,24,0.6180339887498948,0.38196601
3000,2619000,1.0,-0.84060006,0.0,True,24,0.6180339887498948,0.38196601
3001,2619873,1.0,-1.87361855,0.0,True,24,0.6180339887498948,0.38196601
3002,2620746,1.0,-2.90663705,0.0,True,24,0.6180339887498948,0.38196601
3003,2621619,1.0,2.34352976,0.0,True,24,0.6180339887498948,0.38196601
3004,2622492,1.0,1.31051127,-0.0,True,24,0.6180339887498948,0.38196601
3005,2623365,1.0,0.27749277,0.0,True,24,0.6180339887498948,0.38196601
3006,2624238,1.0,-0.75552573,0.0,True,24,0.6180339887498948,0.38196601
3007,2625111,1.0,-1.78854422,0.0,True,24,0.6180339887498948,0.38196601
3008,2625984,1.0,-2.82156272,0.0,True,24,0.6180339887498948,0.38196601
3009,2626857,1.0,2.42860409,0.0,True,24,0.6180339887498948,0.38196601
3010,2627730,1.0,1.3955856,0.0,True,24,0.6180339887498948,0.38196601
3011,2628603,1.0,0.3625671,0.0,True,24,0.6180339887498948,0.38196601
3012,2629476,1.0,-0.6704514,0.0,True,24,0.6180339887498948,0.38196601
3013,2630349,1.0,-1.70346989,0.0,True,24,0.6180339887498948,0.38196601
3014,2631222,1.0,-2.73648839,0.0,True,24,0.6180339887498948,0.38196601
3015,2632095,1.0,2.51367842,0.0,True,24,0.6180339887498948,0.38196601
3016,2632968,1.0,1.48065992,0.0,True,24,0.6180339887498948,0.38196601
3017,2633841,1.0,0.44764143,0.0,True,24,0.6180339887498948,0.38196601
3018,2634714,1.0,-0.58537707,0.0,True,24,0.6180339887498948,0.38196601
3019,2635587,1.0,-1.61839556,0.0,True,24,0.6180339887498948,0.38196601
3020,2636460,1.0,-2.65141406,0.0,True,24,0.6180339887498948,0.38196601
3021,2637333,1.0,2.59875275,0.0,True,24,0.6180339887498948,0.38196601
3022,2638206,1.0,1.56573425,0.0,True,24,0.6180339887498948,0.38196601
3023,2639079,1.0,0.53271576,0.0,True,24,0.6180339887498948,0.38196601
3024,2639952,1.0,-0.50030274,0.0,True,24,0.6180339887498948,0.38196601
3025,2640825,1.0,-1.53332124,0.0,True,24,0.6180339887498948,0.38196601
3026,2641698,1.0,-2.56633973,0.0,True,24,0.6180339887498948,0.38196601
3027,2642571,1.0,2.68382708,0.0,True,24,0.6180339887498948,0.38196601
3028,2643444,1.0,1.65080858,0.0,True,24,0.6180339887498948,0.38196601
3029,2644317,1.0,0.61779009,0.0,True,24,0.6180339887498948,0.38196601
3030,2645190,1.0,-0.41522841,0.0,True,24,0.6180339887498948,0.38196601
3031,2646063,1.0,-1.44824691,0.0,True,24,0.6180339887498948,0.38196601
3032,2646936,1.0,-2.4812654,0.0,True,24,0.6180339887498948,0.38196601
3033,2647809,1.0,2.76890141,0.0,True,24,0.6180339887498948,0.38196601
3034,2648682,1.0,1.73588291,0.0,True,24,0.6180339887498948,0.38196601
3035,2649555,1.0,0.70286442,0.0,True,24,0.6180339887498948,0.38196601
3036,2650428,1.0,-0.33015408,0.0,True,24,0.6180339887498948,0.38196601
3037,2651301,1.0,-1.36317258,0.0,True,24,0.6180339887498948,0.38196601
3038,2652174,1.0,-2.39619107,0.0,True,24,0.6180339887498948,0.38196601
3039,2653047,1.0,2.85397574,-0.0,True,24,0.6180339887498948,0.38196601
3040,2653920,1.0,1.82095724,0.0,True,24,0.6180339887498948,0.38196601
3041,2654793,1.0,0.78793874,0.0,True,24,0.6180339887498948,0.38196601
3042,2655666,1.0,-0.24507975,0.0,True,24,0.6180339887498948,0.38196601
3043,2656539,1.0,-1.27809825,0.0,True,24,0.6180339887498948,0.38196601
3044,2657412,1.0,-2.31111674,0.0,True,24,0.6180339887498948,0.38196601
3045,2658285,1.0,2.93905007,0.0,True,24,0.6180339887498948,0.38196601
3046,2659158,1.0,1.90603157,0.0,True,24,0.6180339887498948,0.38196601
3047,2660031,1.0,0.87301307,0.0,True,24,0.6180339887498948,0.38196601
3048,2660904,1.0,-0.16000542,-0.0,True,24,0.6180339887498948,0.38196601
3049,2661777,1.0,-1.19302392,0.0,True,24,0.6180339887498948,0.38196601
3050,2662650,1.0,-2.22604242,0.0,True,24,0.6180339887498948,0.38196601
3051,2663523,1.0,3.0241244,0.0,True,24,0.6180339887498948,0.38196601
3052,2664396,1.0,1.9911059,0.0,True,24,0.6180339887498948,0.38196601
3053,2665269,1.0,0.9580874,0.0,True,24,0.6180339887498948,0.38196601
3054,2666142,1.0,-0.07493109,0.0,True,24,0.6180339887498948,0.38196601
3055,2667015,1.0,-1.10794959,0.0,True,24,0.6180339887498948,0.38196601
3056,2667888,1.0,-2.14096809,0.0,True,24,0.6180339887498948,0.38196601
3057,2668761,1.0,3.10919872,0.0,True,24,0.6180339887498948,0.38196601
3058,2669634,1.0,2.07618023,0.0,True,24,0.6180339887498948,0.38196601
3059,2670507,1.0,1.04316173,0.0,True,24,0.6180339887498948,0.38196601
3060,2671380,1.0,0.01014324,0.0,True,24,0.6180339887498948,0.38196601
3061,2672253,1.0,-1.02287526,0.0,True,24,0.6180339887498948,0.38196601
3062,2673126,1.0,-2.05589376,-0.0,True,24,0.6180339887498948,0.38196601
3063,2673999,1.0,-3.08891225,0.0,True,24,0.6180339887498948,0.38196601
3064,2674872,1.0,2.16125456,-0.0,True,24,0.6180339887498948,0.38196601
3065,2675745,1.0,1.12823606,0.0,True,24,0.6180339887498948,0.38196601
3066,2676618,1.0,0.09521756,0.0,True,24,0.6180339887498948,0.38196601
3067,2677491,1.0,-0.93780093,-0.0,True,24,0.6180339887498948,0.38196601
3068,2678364,1.0,-1.97081943,0.0,True,24,0.6180339887498948,0.38196601
3069,2679237,1.0,-3.00383792,-0.0,True,24,0.6180339887498948,0.38196601
3070,2680110,1.0,2.24632889,0.0,True,24,0.6180339887498948,0.38196601
3071,2680983,1.0,1.21331039,-0.0,True,24,0.6180339887498948,0.38196601
3072,2681856,1.0,0.18029189,0.0,True,24,0.6180339887498948,0.38196601
3073,2682729,1.0,-0.8527266,0.0,True,24,0.6180339887498948,0.38196601
3074,2683602,1.0,-1.8857451,0.0,True,24,0.6180339887498948,0.38196601
3075,2684475,1.0,-2.9187636,0.0,True,24,0.6180339887498948,0.38196601
3076,2685348,1.0,2.33140321,0.0,True,24,0.6180339887498948,0.38196601
3077,2686221,1.0,1.29838472,0.0,True,24,0.6180339887498948,0.38196601
3078,2687094,1.0,0.26536622,0.0,True,24,0.6180339887498948,0.38196601
3079,2687967,1.0,-0.76765227,0.0,True,24,0.6180339887498948,0.38196601
3080,2688840,1.0,-1.80067077,0.0,True,24,0.6180339887498948,0.38196601
3081,2689713,1.0,-2.83368927,0.0,True,24,0.6180339887498948,0.38196601
3082,2690586,1.0,2.41647754,0.0,True,24,0.6180339887498948,0.38196601
3083,2691459,1.0,1.38345905,0.0,True,24,0.6180339887498948,0.38196601
3084,2692332,1.0,0.35044055,-0.0,True,24,0.6180339887498948,0.38196601
3085,2693205,1.0,-0.68257795,0.0,True,24,0.6180339887498948,0.38196601
3086,2694078,1.0,-1.71559644,0.0,True,24,0.6180339887498948,0.38196601
3087,2694951,1.0,-2.74861494,0.0,True,24,0.6180339887498948,0.38196601
3088,2695824,1.0,2.50155187,0.0,True,24,0.6180339887498948,0.38196601
3089,2696697,1.0,1.46853338,0.0,True,24,0.6180339887498948,0.38196601
3090,2697570,1.0,0.43551488,0.0,True,24,0.6180339887498948,0.38196601
3091,2698443,1.0,-0.59750362,0.0,True,24,0.6180339887498948,0.38196601
3092,2699316,1.0,-1.63052211,0.0,True,24,0.6180339887498948,0.38196601
3093,2700189,1.0,-2.66354061,0.0,True,24,0.6180339887498948,0.38196601
3094,2701062,1.0,2.5866262,0.0,True,24,0.6180339887498948,0.38196601
3095,2701935,1.0,1.55360771,0.0,True,24,0.6180339887498948,0.38196601
3096,2702808,1.0,0.52058921,0.0,True,24,0.6180339887498948,0.38196601
3097,2703681,1.0,-0.51242929,0.0,True,24,0.6180339887498948,0.38196601
3098,2704554,1.0,-1.54544778,0.0,True,24,0.6180339887498948,0.38196601
3099,2705427,1.0,-2.57846628,-0.0,True,24,0.6180339887498948,0.38196601
3100,2706300,1.0,2.67170053,-0.0,True,24,0.6180339887498948,0.38196601
3101,2707173,1.0,1.63868203,0.0,True,24,0.6180339887498948,0.38196601
3102,2708046,1.0,0.60566354,0.0,True,24,0.6180339887498948,0.38196601
3103,2708919,1.0,-0.42735496,0.0,True,24,0.6180339887498948,0.38196601
3104,2709792,1.0,-1.46037345,0.0,True,24,0.6180339887498948,0.38196601
3105,2710665,1.0,-2.49339195,0.0,True,24,0.6180339887498948,0.38196601
3106,2711538,1.0,2.75677486,-0.0,True,24,0.6180339887498948,0.38196601
3107,2712411,1.0,1.72375636,0.0,True,24,0.6180339887498948,0.38196601
3108,2713284,1.0,0.69073787,0.0,True,24,0.6180339887498948,0.38196601
3109,2714157,1.0,-0.34228063,0.0,True,24,0.6180339887498948,0.38196601
3110,2715030,1.0,-1.37529913,-0.0,True,24,0.6180339887498948,0.38196601
3111,2715903,1.0,-2.40831762,0.0,True,24,0.6180339887498948,0.38196601
3112,2716776,1.0,2.84184919,0.0,True,24,0.6180339887498948,0.38196601
3113,2717649,1.0,1.80883069,0.0,True,24,0.6180339887498948,0.38196601
3114,2718522,1.0,0.7758122,0.0,True,24,0.6180339887498948,0.38196601
3115,2719395,1.0,-0.2572063,0.0,True,24,0.6180339887498948,0.38196601
3116,2720268,1.0,-1.2902248,0.0,True,24,0.6180339887498948,0.38196601
3117,2721141,1.0,-2.32324329,0.0,True,24,0.6180339887498948,0.38196601
3118,2722014,1.0,2.92692352,0.0,True,24,0.6180339887498948,0.38196601
3119,2722887,1.0,1.89390502,0.0,True,24,0.6180339887498948,0.38196601
3120,2723760,1.0,0.86088653,0.0,True,24,0.6180339887498948,0.38196601
3121,2724633,1.0,-0.17213197,0.0,True,24,0.6180339887498948,0.38196601
3122,2725506,1.0,-1.20515047,-0.0,True,24,0.6180339887498948,0.38196601
3123,2726379,1.0,-2.23816896,0.0,True,24,0.6180339887498948,0.38196601
3124,2727252,1.0,3.01199785,0.0,True,24,0.6180339887498948,0.38196601
3125,2728125,1.0,1.97897935,0.0,True,24,0.6180339887498948,0.38196601
3126,2728998,1.0,0.94596085,0.0,True,24,0.6180339887498948,0.38196601
3127,2729871,1.0,-0.08705764,0.0,True,24,0.6180339887498948,0.38196601
3128,2730744,1.0,-1.12007614,0.0,True,24,0.6180339887498948,0.38196601
3129,2731617,1.0,-2.15309463,0.0,True,24,0.6180339887498948,0.38196601
3130,2732490,1.0,3.09707218,-0.0,True,24,0.6180339887498948,0.38196601
3131,2733363,1.0,2.06405368,0.0,True,24,0.6180339887498948,0.38196601
3132,2734236,1.0,1.03103518,0.0,True,24,0.6180339887498948,0.38196601
3133,2735109,1.0,-0.00198331,0.0,True,24,0.6180339887498948,0.38196601
3134,2735982,1.0,-1.03500181,0.0,True,24,0.6180339887498948,0.38196601
3135,2736855,1.0,-2.06802031,0.0,True,24,0.6180339887498948,0.38196601
3136,2737728,1.0,-3.1010388,0.0,True,24,0.6180339887498948,0.38196601
3137,2738601,1.0,2.14912801,0.0,True,24,0.6180339887498948,0.38196601
3138,2739474,1.0,1.11610951,0.0,True,24,0.6180339887498948,0.38196601
3139,2740347,1.0,0.08309102,0.0,True,24,0.6180339887498948,0.38196601
3140,2741220,1.0,-0.94992748,0.0,True,24,0.6180339887498948,0.38196601
3141,2742093,1.0,-1.98294598,0.0,True,24,0.6180339887498948,0.38196601
3142,2742966,1.0,-3.01596447,0.0,True,24,0.6180339887498948,0.38196601
3143,2743839,1.0,2.23420234,0.0,True,24,0.6180339887498948,0.38196601
3144,2744712,1.0,1.20118384,0.0,True,24,0.6180339887498948,0.38196601
3145,2745585,1.0,0.16816535,0.0,True,24,0.6180339887498948,0.38196601
3146,2746458,1.0,-0.86485315,0.0,True,24,0.6180339887498948,0.38196601
3147,2747331,1.0,-1.89787165,0.0,True,24,0.6180339887498948,0.38196601
3148,2748204,1.0,-2.93089014,0.0,True,24,0.6180339887498948,0.38196601
3149,2749077,1.0,2.31927667,0.0,True,24,0.6180339887498948,0.38196601
3150,2749950,1.0,1.28625817,0.0,True,24,0.6180339887498948,0.38196601
3151,2750823,1.0,0.25323967,0.0,True,24,0.6180339887498948,0.38196601
3152,2751696,1.0,-0.77977882,0.0,True,24,0.6180339887498948,0.38196601
3153,2752569,1.0,-1.81279732,0.0,True,24,0.6180339887498948,0.38196601
3154,2753442,1.0,-2.84581581,0.0,True,24,0.6180339887498948,0.38196601
3155,2754315,1.0,2.404351,0.0,True,24,0.6180339887498948,0.38196601
3156,2755188,1.0,1.3713325,0.0,True,24,0.6180339887498948,0.38196601
3157,2756061,1.0,0.338314,0.0,True,24,0.6180339887498948,0.38196601
3158,2756934,1.0,-0.69470449,0.0,True,24,0.6180339887498948,0.38196601
3159,2757807,1.0,-1.72772299,0.0,True,24,0.6180339887498948,0.38196601
3160,2758680,1.0,-2.76074149,0.0,True,24,0.6180339887498948,0.38196601
3161,2759553,1.0,2.48942533,0.0,True,24,0.6180339887498948,0.38196601
3162,2760426,1.0,1.45640683,0.0,True,24,0.6180339887498948,0.38196601
3163,2761299,1.0,0.42338833,0.0,True,24,0.6180339887498948,0.38196601
3164,2762172,1.0,-0.60963016,0.0,True,24,0.6180339887498948,0.38196601
3165,2763045,1.0,-1.64264866,0.0,True,24,0.6180339887498948,0.38196601
3166,2763918,1.0,-2.67566716,0.0,True,24,0.6180339887498948,0.38196601
3167,2764791,1.0,2.57449965,0.0,True,24,0.6180339887498948,0.38196601
3168,2765664,1.0,1.54148116,0.0,True,24,0.6180339887498948,0.38196601
3169,2766537,1.0,0.50846266,-0.0,True,24,0.6180339887498948,0.38196601
3170,2767410,1.0,-0.52455583,0.0,True,24,0.6180339887498948,0.38196601
3171,2768283,1.0,-1.55757433,0.0,True,24,0.6180339887498948,0.38196601
3172,2769156,1.0,-2.59059283,0.0,True,24,0.6180339887498948,0.38196601
3173,2770029,1.0,2.65957398,-0.0,True,24,0.6180339887498948,0.38196601
3174,2770902,1.0,1.62655549,-0.0,True,24,0.6180339887498948,0.38196601
3175,2771775,1.0,0.59353699,0.0,True,24,0.6180339887498948,0.38196601
3176,2772648,1.0,-0.43948151,0.0,True,24,0.6180339887498948,0.38196601
3177,2773521,1.0,-1.4725,0.0,True,24,0.6180339887498948,0.38196601
3178,2774394,1.0,-2.5055185,0.0,True,24,0.6180339887498948,0.38196601
3179,2775267,1.0,2.74464831,0.0,True,24,0.6180339887498948,0.38196601
3180,2776140,1.0,1.71162982,0.0,True,24,0.6180339887498948,0.38196601
3181,2777013,1.0,0.67861132,0.0,True,24,0.6180339887498948,0.38196601
3182,2777886,1.0,-0.35440718,0.0,True,24,0.6180339887498948,0.38196601
3183,2778759,1.0,-1.38742567,0.0,True,24,0.6180339887498948,0.38196601
3184,2779632,1.0,-2.42044417,0.0,True,24,0.6180339887498948,0.38196601
3185,2780505,1.0,2.82972264,0.0,True,24,0.6180339887498948,0.38196601
3186,2781378,1.0,1.79670415,0.0,True,24,0.6180339887498948,0.38196601
3187,2782251,1.0,0.76368565,0.0,True,24,0.6180339887498948,0.38196601
3188,2783124,1.0,-0.26933285,0.0,True,24,0.6180339887498948,0.38196601
3189,2783997,1.0,-1.30235134,0.0,True,24,0.6180339887498948,0.38196601
3190,2784870,1.0,-2.33536984,0.0,True,24,0.6180339887498948,0.38196601
3191,2785743,1.0,2.91479697,0.0,True,24,0.6180339887498948,0.38196601
3192,2786616,1.0,1.88177847,0.0,True,24,0.6180339887498948,0.38196601
3193,2787489,1.0,0.84875998,0.0,True,24,0.6180339887498948,0.38196601
3194,2788362,1.0,-0.18425852,0.0,True,24,0.6180339887498948,0.38196601
3195,2789235,1.0,-1.21727701,0.0,True,24,0.6180339887498948,0.38196601
3196,2790108,1.0,-2.25029551,-0.0,True,24,0.6180339887498948,0.38196601
3197,2790981,1.0,2.9998713,-0.0,True,24,0.6180339887498948,0.38196601
3198,2791854,1.0,1.9668528,0.0,True,24,0.6180339887498948,0.38196601
3199,2792727,1.0,0.93383431,0.0,True,24,0.6180339887498948,0.38196601
3200,2793600,1.0,-0.09918419,0.0,True,24,0.6180339887498948,0.38196601
3201,2794473,1.0,-1.13220269,0.0,True,24,0.6180339887498948,0.38196601
3202,2795346,1.0,-2.16522118,0.0,True,24,0.6180339887498948,0.38196601
3203,2796219,1.0,3.08494563,0.0,True,24,0.6180339887498948,0.38196601
3204,2797092,1.0,2.05192713,0.0,True,24,0.6180339887498948,0.38196601
3205,2797965,1.0,1.01890864,0.0,True,24,0.6180339887498948,0.38196601
3206,2798838,1.0,-0.01410986,-0.0,True,24,0.6180339887498948,0.38196601
3207,2799711,1.0,-1.04712836,-0.0,True,24,0.6180339887498948,0.38196601
3208,2800584,1.0,-2.08014685,0.0,True,24,0.6180339887498948,0.38196601
3209,2801457,1.0,-3.11316535,0.0,True,24,0.6180339887498948,0.38196601
3210,2802330,1.0,2.13700146,0.0,True,24,0.6180339887498948,0.38196601
3211,2803203,1.0,1.10398297,0.0,True,24,0.6180339887498948,0.38196601
3212,2804076,1.0,0.07096447,0.0,True,24,0.6180339887498948,0.38196601
3213,2804949,1.0,-0.96205403,-0.0,True,24,0.6180339887498948,0.38196601
3214,2805822,1.0,-1.99507252,0.0,True,24,0.6180339887498948,0.38196601
3215,2806695,1.0,-3.02809102,0.0,True,24,0.6180339887498948,0.38196601
3216,2807568,1.0,2.22207579,0.0,True,24,0.6180339887498948,0.38196601
3217,2808441,1.0,1.18905729,0.0,True,24,0.6180339887498948,0.38196601
3218,2809314,1.0,0.1560388,0.0,True,24,0.6180339887498948,0.38196601
3219,2810187,1.0,-0.8769797,0.0,True,24,0.6180339887498948,0.38196601
3220,2811060,1.0,-1.90999819,0.0,True,24,0.6180339887498948,0.38196601
3221,2811933,1.0,-2.94301669,0.0,True,24,0.6180339887498948,0.38196601
3222,2812806,1.0,2.30715012,0.0,True,24,0.6180339887498948,0.38196601
3223,2813679,1.0,1.27413162,0.0,True,24,0.6180339887498948,0.38196601
3224,2814552,1.0,0.24111313,0.0,True,24,0.6180339887498948,0.38196601
3225,2815425,1.0,-0.79190537,0.0,True,24,0.6180339887498948,0.38196601
3226,2816298,1.0,-1.82492387,-0.0,True,24,0.6180339887498948,0.38196601
3227,2817171,1.0,-2.85794236,0.0,True,24,0.6180339887498948,0.38196601
3228,2818044,1.0,2.39222445,0.0,True,24,0.6180339887498948,0.38196601
3229,2818917,1.0,1.35920595,0.0,True,24,0.6180339887498948,0.38196601
3230,2819790,1.0,0.32618746,0.0,True,24,0.6180339887498948,0.38196601
3231,2820663,1.0,-0.70683104,0.0,True,24,0.6180339887498948,0.38196601
3232,2821536,1.0,-1.73984954,0.0,True,24,0.6180339887498948,0.38196601
3233,2822409,1.0,-2.77286803,0.0,True,24,0.6180339887498948,0.38196601
3234,2823282,1.0,2.47729878,0.0,True,24,0.6180339887498948,0.38196601
3235,2824155,1.0,1.44428028,0.0,True,24,0.6180339887498948,0.38196601
3236,2825028,1.0,0.41126179,0.0,True,24,0.6180339887498948,0.38196601
3237,2825901,1.0,-0.62175671,0.0,True,24,0.6180339887498948,0.38196601
3238,2826774,1.0,-1.65477521,0.0,True,24,0.6180339887498948,0.38196601
3239,2827647,1.0,-2.6877937,0.0,True,24,0.6180339887498948,0.38196601
3240,2828520,1.0,2.56237311,0.0,True,24,0.6180339887498948,0.38196601
3241,2829393,1.0,1.52935461,0.0,True,24,0.6180339887498948,0.38196601
3242,2830266,1.0,0.49633611,0.0,True,24,0.6180339887498948,0.38196601
3243,2831139,1.0,-0.53668238,0.0,True,24,0.6180339887498948,0.38196601
3244,2832012,1.0,-1.56970088,0.0,True,24,0.6180339887498948,0.38196601
3245,2832885,1.0,-2.60271937,0.0,True,24,0.6180339887498948,0.38196601
3246,2833758,1.0,2.64744744,0.0,True,24,0.6180339887498948,0.38196601
3247,2834631,1.0,1.61442894,0.0,True,24,0.6180339887498948,0.38196601
3248,2835504,1.0,0.58141044,-0.0,True,24,0.6180339887498948,0.38196601
3249,2836377,1.0,-0.45160805,-0.0,True,24,0.6180339887498948,0.38196601
3250,2837250,1.0,-1.48462655,0.0,True,24,0.6180339887498948,0.38196601
3251,2838123,1.0,-2.51764505,0.0,True,24,0.6180339887498948,0.38196601
3252,2838996,1.0,2.73252176,0.0,True,24,0.6180339887498948,0.38196601
3253,2839869,1.0,1.69950327,0.0,True,24,0.6180339887498948,0.38196601
3254,2840742,1.0,0.66648477,0.0,True,24,0.6180339887498948,0.38196601
3255,2841615,1.0,-0.36653372,0.0,True,24,0.6180339887498948,0.38196601
3256,2842488,1.0,-1.39955222,0.0,True,24,0.6180339887498948,0.38196601
3257,2843361,1.0,-2.43257072,0.0,True,24,0.6180339887498948,0.38196601
3258,2844234,1.0,2.81759609,0.0,True,24,0.6180339887498948,0.38196601
3259,2845107,1.0,1.7845776,0.0,True,24,0.6180339887498948,0.38196601
3260,2845980,1.0,0.7515591,0.0,True,24,0.6180339887498948,0.38196601
3261,2846853,1.0,-0.2814594,0.0,True,24,0.6180339887498948,0.38196601
3262,2847726,1.0,-1.31447789,0.0,True,24,0.6180339887498948,0.38196601
3263,2848599,1.0,-2.34749639,0.0,True,24,0.6180339887498948,0.38196601
3264,2849472,1.0,2.90267042,0.0,True,24,0.6180339887498948,0.38196601
3265,2850345,1.0,1.86965193,0.0,True,24,0.6180339887498948,0.38196601
3266,2851218,1.0,0.83663343,0.0,True,24,0.6180339887498948,0.38196601
3267,2852091,1.0,-0.19638507,0.0,True,24,0.6180339887498948,0.38196601
3268,2852964,1.0,-1.22940356,0.0,True,24,0.6180339887498948,0.38196601
3269,2853837,1.0,-2.26242206,0.0,True,24,0.6180339887498948,0.38196601
3270,2854710,1.0,2.98774475,0.0,True,24,0.6180339887498948,0.38196601
3271,2855583,1.0,1.95472626,0.0,True,24,0.6180339887498948,0.38196601
3272,2856456,1.0,0.92170776,0.0,True,24,0.6180339887498948,0.38196601
3273,2857329,1.0,-0.11131074,0.0,True,24,0.6180339887498948,0.38196601
3274,2858202,1.0,-1.14432923,0.0,True,24,0.6180339887498948,0.38196601
3275,2859075,1.0,-2.17734773,0.0,True,24,0.6180339887498948,0.38196601
3276,2859948,1.0,3.07281908,0.0,True,24,0.6180339887498948,0.38196601
3277,2860821,1.0,2.03980058,0.0,True,24,0.6180339887498948,0.38196601
3278,2861694,1.0,1.00678209,0.0,True,24,0.6180339887498948,0.38196601
3279,2862567,1.0,-0.02623641,0.0,True,24,0.6180339887498948,0.38196601
3280,2863440,1.0,-1.0592549,0.0,True,24,0.6180339887498948,0.38196601
3281,2864313,1.0,-2.0922734,0.0,True,24,0.6180339887498948,0.38196601
3282,2865186,1.0,-3.1252919,-0.0,True,24,0.6180339887498948,0.38196601
3283,2866059,1.0,2.12487491,0.0,True,24,0.6180339887498948,0.38196601
3284,2866932,1.0,1.09185642,0.0,True,24,0.6180339887498948,0.38196601
3285,2867805,1.0,0.05883792,0.0,True,24,0.6180339887498948,0.38196601
3286,2868678,1.0,-0.97418058,0.0,True,24,0.6180339887498948,0.38196601
3287,2869551,1.0,-2.00719907,0.0,True,24,0.6180339887498948,0.38196601
3288,2870424,1.0,-3.04021757,-0.0,True,24,0.6180339887498948,0.38196601
3289,2871297,1.0,2.20994924,0.0,True,24,0.6180339887498948,0.38196601
3290,2872170,1.0,1.17693075,0.0,True,24,0.6180339887498948,0.38196601
3291,2873043,1.0,0.14391225,0.0,True,24,0.6180339887498948,0.38196601
3292,2873916,1.0,-0.88910625,0.0,True,24,0.6180339887498948,0.38196601
3293,2874789,1.0,-1.92212474,-0.0,True,24,0.6180339887498948,0.38196601
3294,2875662,1.0,-2.95514324,0.0,True,24,0.6180339887498948,0.38196601
3295,2876535,1.0,2.29502357,0.0,True,24,0.6180339887498948,0.38196601
3296,2877408,1.0,1.26200508,0.0,True,24,0.6180339887498948,0.38196601
3297,2878281,1.0,0.22898658,0.0,True,24,0.6180339887498948,0.38196601
3298,2879154,1.0,-0.80403192,0.0,True,24,0.6180339887498948,0.38196601
3299,2880027,1.0,-1.83705041,0.0,True,24,0.6180339887498948,0.38196601
3300,2880900,1.0,-2.87006891,0.0,True,24,0.6180339887498948,0.38196601
3301,2881773,1.0,2.3800979,0.0,True,24,0.6180339887498948,0.38196601
3302,2882646,1.0,1.3470794,0.0,True,24,0.6180339887498948,0.38196601
3303,2883519,1.0,0.31406091,0.0,True,24,0.6180339887498948,0.38196601
3304,2884392,1.0,-0.71895759,0.0,True,24,0.6180339887498948,0.38196601
3305,2885265,1.0,-1.75197608,0.0,True,24,0.6180339887498948,0.38196601
3306,2886138,1.0,-2.78499458,-0.0,True,24,0.6180339887498948,0.38196601
3307,2887011,1.0,2.46517223,0.0,True,24,0.6180339887498948,0.38196601
3308,2887884,1.0,1.43215373,0.0,True,24,0.6180339887498948,0.38196601
3309,2888757,1.0,0.39913524,0.0,True,24,0.6180339887498948,0.38196601
3310,2889630,1.0,-0.63388326,0.0,True,24,0.6180339887498948,0.38196601
3311,2890503,1.0,-1.66690176,-0.0,True,24,0.6180339887498948,0.38196601
3312,2891376,1.0,-2.69992025,0.0,True,24,0.6180339887498948,0.38196601
3313,2892249,1.0,2.55024656,0.0,True,24,0.6180339887498948,0.38196601
3314,2893122,1.0,1.51722806,0.0,True,24,0.6180339887498948,0.38196601
3315,2893995,1.0,0.48420957,0.0,True,24,0.6180339887498948,0.38196601
3316,2894868,1.0,-0.54880893,0.0,True,24,0.6180339887498948,0.38196601
3317,2895741,1.0,-1.58182743,0.0,True,24,0.6180339887498948,0.38196601
3318,2896614,1.0,-2.61484592,0.0,True,24,0.6180339887498948,0.38196601
3319,2897487,1.0,2.63532089,0.0,True,24,0.6180339887498948,0.38196601
3320,2898360,1.0,1.60230239,0.0,True,24,0.6180339887498948,0.38196601
3321,2899233,1.0,0.5692839,0.0,True,24,0.6180339887498948,0.38196601
3322,2900106,1.0,-0.4637346,0.0,True,24,0.6180339887498948,0.38196601
3323,2900979,1.0,-1.4967531,0.0,True,24,0.6180339887498948,0.38196601
3324,2901852,1.0,-2.52977159,0.0,True,24,0.6180339887498948,0.38196601
3325,2902725,1.0,2.72039522,0.0,True,24,0.6180339887498948,0.38196601
3326,2903598,1.0,1.68737672,0.0,True,24,0.6180339887498948,0.38196601
3327,2904471,1.0,0.65435822,0.0,True,24,0.6180339887498948,0.38196601
3328,2905344,1.0,-0.37866027,-0.0,True,24,0.6180339887498948,0.38196601
3329,2906217,1.0,-1.41167877,0.0,True,24,0.6180339887498948,0.38196601
3330,2907090,1.0,-2.44469726,0.0,True,24,0.6180339887498948,0.38196601
3331,2907963,1.0,2.80546955,0.0,True,24,0.6180339887498948,0.38196601
3332,2908836,1.0,1.77245105,0.0,True,24,0.6180339887498948,0.38196601
3333,2909709,1.0,0.73943255,0.0,True,24,0.6180339887498948,0.38196601
3334,2910582,1.0,-0.29358594,0.0,True,24,0.6180339887498948,0.38196601
3335,2911455,1.0,-1.32660444,0.0,True,24,0.6180339887498948,0.38196601
3336,2912328,1.0,-2.35962294,0.0,True,24,0.6180339887498948,0.38196601
3337,2913201,1.0,2.89054388,0.0,True,24,0.6180339887498948,0.38196601
3338,2914074,1.0,1.85752538,0.0,True,24,0.6180339887498948,0.38196601
3339,2914947,1.0,0.82450688,0.0,True,24,0.6180339887498948,0.38196601
3340,2915820,1.0,-0.20851161,-0.0,True,24,0.6180339887498948,0.38196601
3341,2916693,1.0,-1.24153011,-0.0,True,24,0.6180339887498948,0.38196601
3342,2917566,1.0,-2.27454861,0.0,True,24,0.6180339887498948,0.38196601
3343,2918439,1.0,2.9756182,0.0,True,24,0.6180339887498948,0.38196601
3344,2919312,1.0,1.94259971,0.0,True,24,0.6180339887498948,0.38196601
3345,2920185,1.0,0.90958121,0.0,True,24,0.6180339887498948,0.38196601
3346,2921058,1.0,-0.12343728,0.0,True,24,0.6180339887498948,0.38196601
3347,2921931,1.0,-1.15645578,-0.0,True,24,0.6180339887498948,0.38196601
3348,2922804,1.0,-2.18947428,-0.0,True,24,0.6180339887498948,0.38196601
3349,2923677,1.0,3.06069253,0.0,True,24,0.6180339887498948,0.38196601
3350,2924550,1.0,2.02767404,-0.0,True,24,0.6180339887498948,0.38196601
3351,2925423,1.0,0.99465554,0.0,True,24,0.6180339887498948,0.38196601
3352,2926296,1.0,-0.03836296,0.0,True,24,0.6180339887498948,0.38196601
3353,2927169,1.0,-1.07138145,0.0,True,24,0.6180339887498948,0.38196601
3354,2928042,1.0,-2.10439995,0.0,True,24,0.6180339887498948,0.38196601
3355,2928915,1.0,-3.13741844,0.0,True,24,0.6180339887498948,0.38196601
3356,2929788,1.0,2.11274837,0.0,True,24,0.6180339887498948,0.38196601
3357,2930661,1.0,1.07972987,0.0,True,24,0.6180339887498948,0.38196601
3358,2931534,1.0,0.04671137,0.0,True,24,0.6180339887498948,0.38196601
3359,2932407,1.0,-0.98630712,0.0,True,24,0.6180339887498948,0.38196601
3360,2933280,1.0,-2.01932562,0.0,True,24,0.6180339887498948,0.38196601
3361,2934153,1.0,-3.05234412,0.0,True,24,0.6180339887498948,0.38196601
3362,2935026,1.0,2.1978227,0.0,True,24,0.6180339887498948,0.38196601
3363,2935899,1.0,1.1648042,0.0,True,24,0.6180339887498948,0.38196601
3364,2936772,1.0,0.1317857,0.0,True,24,0.6180339887498948,0.38196601
3365,2937645,1.0,-0.90123279,0.0,True,24,0.6180339887498948,0.38196601
3366,2938518,1.0,-1.93425129,0.0,True,24,0.6180339887498948,0.38196601
3367,2939391,1.0,-2.96726979,0.0,True,24,0.6180339887498948,0.38196601
3368,2940264,1.0,2.28289702,0.0,True,24,0.6180339887498948,0.38196601
3369,2941137,1.0,1.24987853,0.0,True,24,0.6180339887498948,0.38196601
3370,2942010,1.0,0.21686003,0.0,True,24,0.6180339887498948,0.38196601
3371,2942883,1.0,-0.81615846,0.0,True,24,0.6180339887498948,0.38196601
3372,2943756,1.0,-1.84917696,0.0,True,24,0.6180339887498948,0.38196601
3373,2944629,1.0,-2.88219546,-0.0,True,24,0.6180339887498948,0.38196601
3374,2945502,1.0,2.36797135,0.0,True,24,0.6180339887498948,0.38196601
3375,2946375,1.0,1.33495286,0.0,True,24,0.6180339887498948,0.38196601
3376,2947248,1.0,0.30193436,0.0,True,24,0.6180339887498948,0.38196601
3377,2948121,1.0,-0.73108414,0.0,True,24,0.6180339887498948,0.38196601
3378,2948994,1.0,-1.76410263,0.0,True,24,0.6180339887498948,0.38196601
3379,2949867,1.0,-2.79712113,0.0,True,24,0.6180339887498948,0.38196601
3380,2950740,1.0,2.45304568,0.0,True,24,0.6180339887498948,0.38196601
3381,2951613,1.0,1.42002719,0.0,True,24,0.6180339887498948,0.38196601
3382,2952486,1.0,0.38700869,0.0,True,24,0.6180339887498948,0.38196601
3383,2953359,1.0,-0.64600981,-0.0,True,24,0.6180339887498948,0.38196601
3384,2954232,1.0,-1.6790283,0.0,True,24,0.6180339887498948,0.38196601
3385,2955105,1.0,-2.7120468,0.0,True,24,0.6180339887498948,0.38196601
3386,2955978,1.0,2.53812001,0.0,True,24,0.6180339887498948,0.38196601
3387,2956851,1.0,1.50510152,0.0,True,24,0.6180339887498948,0.38196601
3388,2957724,1.0,0.47208302,0.0,True,24,0.6180339887498948,0.38196601
3389,2958597,1.0,-0.56093548,0.0,True,24,0.6180339887498948,0.38196601
3390,2959470,1.0,-1.59395397,0.0,True,24,0.6180339887498948,0.38196601
3391,2960343,1.0,-2.62697247,0.0,True,24,0.6180339887498948,0.38196601
3392,2961216,1.0,2.62319434,0.0,True,24,0.6180339887498948,0.38196601
3393,2962089,1.0,1.59017584,0.0,True,24,0.6180339887498948,0.38196601
3394,2962962,1.0,0.55715735,0.0,True,24,0.6180339887498948,0.38196601
3395,2963835,1.0,-0.47586115,0.0,True,24,0.6180339887498948,0.38196601
3396,2964708,1.0,-1.50887964,0.0,True,24,0.6180339887498948,0.38196601
3397,2965581,1.0,-2.54189814,0.0,True,24,0.6180339887498948,0.38196601
3398,2966454,1.0,2.70826867,0.0,True,24,0.6180339887498948,0.38196601
3399,2967327,1.0,1.67525017,0.0,True,24,0.6180339887498948,0.38196601
3400,2968200,1.0,0.64223168,0.0,True,24,0.6180339887498948,0.38196601
3401,2969073,1.0,-0.39078682,0.0,True,24,0.6180339887498948,0.38196601
3402,2969946,1.0,-1.42380532,-0.0,True,24,0.6180339887498948,0.38196601
3403,2970819,1.0,-2.45682381,0.0,True,24,0.6180339887498948,0.38196601
3404,2971692,1.0,2.793343,0.0,True,24,0.6180339887498948,0.38196601
3405,2972565,1.0,1.7603245,0.0,True,24,0.6180339887498948,0.38196601
3406,2973438,1.0,0.72730601,0.0,True,24,0.6180339887498948,0.38196601
3407,2974311,1.0,-0.30571249,0.0,True,24,0.6180339887498948,0.38196601
3408,2975184,1.0,-1.33873099,0.0,True,24,0.6180339887498948,0.38196601
3409,2976057,1.0,-2.37174948,0.0,True,24,0.6180339887498948,0.38196601
3410,2976930,1.0,2.87841733,0.0,True,24,0.6180339887498948,0.38196601
3411,2977803,1.0,1.84539883,0.0,True,24,0.6180339887498948,0.38196601
3412,2978676,1.0,0.81238034,0.0,True,24,0.6180339887498948,0.38196601
3413,2979549,1.0,-0.22063816,-0.0,True,24,0.6180339887498948,0.38196601
3414,2980422,1.0,-1.25365666,-0.0,True,24,0.6180339887498948,0.38196601
3415,2981295,1.0,-2.28667515,0.0,True,24,0.6180339887498948,0.38196601
3416,2982168,1.0,2.96349166,0.0,True,24,0.6180339887498948,0.38196601
3417,2983041,1.0,1.93047316,0.0,True,24,0.6180339887498948,0.38196601
3418,2983914,1.0,0.89745466,0.0,True,24,0.6180339887498948,0.38196601
3419,2984787,1.0,-0.13556383,-0.0,True,24,0.6180339887498948,0.38196601
3420,2985660,1.0,-1.16858233,0.0,True,24,0.6180339887498948,0.38196601
3421,2986533,1.0,-2.20160082,0.0,True,24,0.6180339887498948,0.38196601
3422,2987406,1.0,3.04856599,-0.0,True,24,0.6180339887498948,0.38196601
3423,2988279,1.0,2.01554749,0.0,True,24,0.6180339887498948,0.38196601
3424,2989152,1.0,0.98252899,0.0,True,24,0.6180339887498948,0.38196601
3425,2990025,1.0,-0.0504895,0.0,True,24,0.6180339887498948,0.38196601
3426,2990898,1.0,-1.083508,0.0,True,24,0.6180339887498948,0.38196601
3427,2991771,1.0,-2.1165265,-0.0,True,24,0.6180339887498948,0.38196601
3428,2992644,1.0,3.13364031,0.0,True,24,0.6180339887498948,0.38196601
3429,2993517,1.0,2.10062182,0.0,True,24,0.6180339887498948,0.38196601
3430,2994390,1.0,1.06760332,0.0,True,24,0.6180339887498948,0.38196601
3431,2995263,1.0,0.03458483,0.0,True,24,0.6180339887498948,0.38196601
3432,2996136,1.0,-0.99843367,0.0,True,24,0.6180339887498948,0.38196601
3433,2997009,1.0,-2.03145217,0.0,True,24,0.6180339887498948,0.38196601
3434,2997882,1.0,-3.06447066,0.0,True,24,0.6180339887498948,0.38196601
3435,2998755,1.0,2.18569615,0.0,True,24,0.6180339887498948,0.38196601
3436,2999628,1.0,1.15267765,0.0,True,24,0.6180339887498948,0.38196601
3437,3000501,1.0,0.11965915,0.0,True,24,0.6180339887498948,0.38196601
3438,3001374,1.0,-0.91335934,0.0,True,24,0.6180339887498948,0.38196601
3439,3002247,1.0,-1.94637784,-0.0,True,24,0.6180339887498948,0.38196601
3440,3003120,1.0,-2.97939633,0.0,True,24,0.6180339887498948,0.38196601
3441,3003993,1.0,2.27077048,0.0,True,24,0.6180339887498948,0.38196601
3442,3004866,1.0,1.23775198,0.0,True,24,0.6180339887498948,0.38196601
3443,3005739,1.0,0.20473348,0.0,True,24,0.6180339887498948,0.38196601
3444,3006612,1.0,-0.82828501,0.0,True,24,0.6180339887498948,0.38196601
3445,3007485,1.0,-1.86130351,0.0,True,24,0.6180339887498948,0.38196601
3446,3008358,1.0,-2.89432201,0.0,True,24,0.6180339887498948,0.38196601
3447,3009231,1.0,2.35584481,0.0,True,24,0.6180339887498948,0.38196601
3448,3010104,1.0,1.32282631,0.0,True,24,0.6180339887498948,0.38196601
3449,3010977,1.0,0.28980781,-0.0,True,24,0.6180339887498948,0.38196601
3450,3011850,1.0,-0.74321068,0.0,True,24,0.6180339887498948,0.38196601
3451,3012723,1.0,-1.77622918,-0.0,True,24,0.6180339887498948,0.38196601
3452,3013596,1.0,-2.80924768,0.0,True,24,0.6180339887498948,0.38196601
3453,3014469,1.0,2.44091913,0.0,True,24,0.6180339887498948,0.38196601
3454,3015342,1.0,1.40790064,0.0,True,24,0.6180339887498948,0.38196601
3455,3016215,1.0,0.37488214,-0.0,True,24,0.6180339887498948,0.38196601
3456,3017088,1.0,-0.65813635,0.0,True,24,0.6180339887498948,0.38196601
3457,3017961,1.0,-1.69115485,0.0,True,24,0.6180339887498948,0.38196601
3458,3018834,1.0,-2.72417335,0.0,True,24,0.6180339887498948,0.38196601
3459,3019707,1.0,2.52599346,0.0,True,24,0.6180339887498948,0.38196601
3460,3020580,1.0,1.49297497,0.0,True,24,0.6180339887498948,0.38196601
3461,3021453,1.0,0.45995647,0.0,True,24,0.6180339887498948,0.38196601
3462,3022326,1.0,-0.57306203,0.0,True,24,0.6180339887498948,0.38196601
3463,3023199,1.0,-1.60608052,0.0,True,24,0.6180339887498948,0.38196601
3464,3024072,1.0,-2.63909902,0.0,True,24,0.6180339887498948,0.38196601
3465,3024945,1.0,2.61106779,0.0,True,24,0.6180339887498948,0.38196601
3466,3025818,1.0,1.5780493,0.0,True,24,0.6180339887498948,0.38196601
3467,3026691,1.0,0.5450308,0.0,True,24,0.6180339887498948,0.38196601
3468,3027564,1.0,-0.4879877,0.0,True,24,0.6180339887498948,0.38196601
3469,3028437,1.0,-1.52100619,-0.0,True,24,0.6180339887498948,0.38196601
3470,3029310,1.0,-2.55402469,0.0,True,24,0.6180339887498948,0.38196601
3471,3030183,1.0,2.69614212,0.0,True,24,0.6180339887498948,0.38196601
3472,3031056,1.0,1.66312363,0.0,True,24,0.6180339887498948,0.38196601
3473,3031929,1.0,0.63010513,0.0,True,24,0.6180339887498948,0.38196601
3474,3032802,1.0,-0.40291337,0.0,True,24,0.6180339887498948,0.38196601
3475,3033675,1.0,-1.43593186,0.0,True,24,0.6180339887498948,0.38196601
3476,3034548,1.0,-2.46895036,0.0,True,24,0.6180339887498948,0.38196601
3477,3035421,1.0,2.78121645,0.0,True,24,0.6180339887498948,0.38196601
3478,3036294,1.0,1.74819795,0.0,True,24,0.6180339887498948,0.38196601
3479,3037167,1.0,0.71517946,0.0,True,24,0.6180339887498948,0.38196601
3480,3038040,1.0,-0.31783904,0.0,True,24,0.6180339887498948,0.38196601
3481,3038913,1.0,-1.35085753,-0.0,True,24,0.6180339887498948,0.38196601
3482,3039786,1.0,-2.38387603,-0.0,True,24,0.6180339887498948,0.38196601
3483,3040659,1.0,2.86629078,0.0,True,24,0.6180339887498948,0.38196601
3484,3041532,1.0,1.83327228,0.0,True,24,0.6180339887498948,0.38196601
3485,3042405,1.0,0.80025379,0.0,True,24,0.6180339887498948,0.38196601
3486,3043278,1.0,-0.23276471,0.0,True,24,0.6180339887498948,0.38196601
3487,3044151,1.0,-1.26578321,0.0,True,24,0.6180339887498948,0.38196601
3488,3045024,1.0,-2.2988017,0.0,True,24,0.6180339887498948,0.38196601
3489,3045897,1.0,2.95136511,0.0,True,24,0.6180339887498948,0.38196601
3490,3046770,1.0,1.91834661,0.0,True,24,0.6180339887498948,0.38196601
3491,3047643,1.0,0.88532812,0.0,True,24,0.6180339887498948,0.38196601
3492,3048516,1.0,-0.14769038,0.0,True,24,0.6180339887498948,0.38196601
3493,3049389,1.0,-1.18070888,0.0,True,24,0.6180339887498948,0.38196601
3494,3050262,1.0,-2.21372737,0.0,True,24,0.6180339887498948,0.38196601
3495,3051135,1.0,3.03643944,0.0,True,24,0.6180339887498948,0.38196601
3496,3052008,1.0,2.00342094,0.0,True,24,0.6180339887498948,0.38196601
3497,3052881,1.0,0.97040245,0.0,True,24,0.6180339887498948,0.38196601
3498,3053754,1.0,-0.06261605,0.0,True,24,0.6180339887498948,0.38196601
3499,3054627,1.0,-1.09563455,0.0,True,24,0.6180339887498948,0.38196601
3500,3055500,1.0,-2.12865304,0.0,True,24,0.6180339887498948,0.38196601
3501,3056373,1.0,3.12151377,0.0,True,24,0.6180339887498948,0.38196601
3502,3057246,1.0,2.08849527,0.0,True,24,0.6180339887498948,0.38196601
3503,3058119,1.0,1.05547677,0.0,True,24,0.6180339887498948,0.38196601
3504,3058992,1.0,0.02245828,0.0,True,24,0.6180339887498948,0.38196601
3505,3059865,1.0,-1.01056022,0.0,True,24,0.6180339887498948,0.38196601
3506,3060738,1.0,-2.04357871,0.0,True,24,0.6180339887498948,0.38196601
3507,3061611,1.0,-3.07659721,-0.0,True,24,0.6180339887498948,0.38196601
3508,3062484,1.0,2.1735696,0.0,True,24,0.6180339887498948,0.38196601
3509,3063357,1.0,1.1405511,-0.0,True,24,0.6180339887498948,0.38196601
3510,3064230,1.0,0.10753261,0.0,True,24,0.6180339887498948,0.38196601
3511,3065103,1.0,-0.92548589,0.0,True,24,0.6180339887498948,0.38196601
3512,3065976,1.0,-1.95850439,0.0,True,24,0.6180339887498948,0.38196601
3513,3066849,1.0,-2.99152288,-0.0,True,24,0.6180339887498948,0.38196601
3514,3067722,1.0,2.25864393,0.0,True,24,0.6180339887498948,0.38196601
3515,3068595,1.0,1.22562543,0.0,True,24,0.6180339887498948,0.38196601
3516,3069468,1.0,0.19260694,0.0,True,24,0.6180339887498948,0.38196601
3517,3070341,1.0,-0.84041156,0.0,True,24,0.6180339887498948,0.38196601
3518,3071214,1.0,-1.87343006,0.0,True,24,0.6180339887498948,0.38196601
3519,3072087,1.0,-2.90644855,0.0,True,24,0.6180339887498948,0.38196601
3520,3072960,1.0,2.34371826,-0.0,True,24,0.6180339887498948,0.38196601
3521,3073833,1.0,1.31069976,0.0,True,24,0.6180339887498948,0.38196601
3522,3074706,1.0,0.27768127,0.0,True,24,0.6180339887498948,0.38196601
3523,3075579,1.0,-0.75533723,-0.0,True,24,0.6180339887498948,0.38196601
3524,3076452,1.0,-1.78835573,0.0,True,24,0.6180339887498948,0.38196601
3525,3077325,1.0,-2.82137422,0.0,True,24,0.6180339887498948,0.38196601
3526,3078198,1.0,2.42879259,0.0,True,24,0.6180339887498948,0.38196601
3527,3079071,1.0,1.39577409,0.0,True,24,0.6180339887498948,0.38196601
3528,3079944,1.0,0.36275559,-0.0,True,24,0.6180339887498948,0.38196601
3529,3080817,1.0,-0.6702629,0.0,True,24,0.6180339887498948,0.38196601
3530,3081690,1.0,-1.7032814,0.0,True,24,0.6180339887498948,0.38196601
3531,3082563,1.0,-2.73629989,0.0,True,24,0.6180339887498948,0.38196601
3532,3083436,1.0,2.51386692,0.0,True,24,0.6180339887498948,0.38196601
3533,3084309,1.0,1.48084842,0.0,True,24,0.6180339887498948,0.38196601
3534,3085182,1.0,0.44782992,0.0,True,24,0.6180339887498948,0.38196601
3535,3086055,1.0,-0.58518857,0.0,True,24,0.6180339887498948,0.38196601
3536,3086928,1.0,-1.61820707,0.0,True,24,0.6180339887498948,0.38196601
3537,3087801,1.0,-2.65122557,0.0,True,24,0.6180339887498948,0.38196601
3538,3088674,1.0,2.59894125,0.0,True,24,0.6180339887498948,0.38196601
3539,3089547,1.0,1.56592275,-0.0,True,24,0.6180339887498948,0.38196601
3540,3090420,1.0,0.53290425,0.0,True,24,0.6180339887498948,0.38196601
3541,3091293,1.0,-0.50011424,0.0,True,24,0.6180339887498948,0.38196601
3542,3092166,1.0,-1.53313274,0.0,True,24,0.6180339887498948,0.38196601
3543,3093039,1.0,-2.56615124,0.0,True,24,0.6180339887498948,0.38196601
3544,3093912,1.0,2.68401557,0.0,True,24,0.6180339887498948,0.38196601
3545,3094785,1.0,1.65099708,0.0,True,24,0.6180339887498948,0.38196601
3546,3095658,1.0,0.61797858,0.0,True,24,0.6180339887498948,0.38196601
3547,3096531,1.0,-0.41503991,-0.0,True,24,0.6180339887498948,0.38196601
3548,3097404,1.0,-1.44805841,0.0,True,24,0.6180339887498948,0.38196601
3549,3098277,1.0,-2.48107691,0.0,True,24,0.6180339887498948,0.38196601
3550,3099150,1.0,2.7690899,0.0,True,24,0.6180339887498948,0.38196601
3551,3100023,1.0,1.73607141,0.0,True,24,0.6180339887498948,0.38196601
3552,3100896,1.0,0.70305291,0.0,True,24,0.6180339887498948,0.38196601
3553,3101769,1.0,-0.32996559,-0.0,True,24,0.6180339887498948,0.38196601
3554,3102642,1.0,-1.36298408,0.0,True,24,0.6180339887498948,0.38196601
3555,3103515,1.0,-2.39600258,0.0,True,24,0.6180339887498948,0.38196601
3556,3104388,1.0,2.85416423,0.0,True,24,0.6180339887498948,0.38196601
3557,3105261,1.0,1.82114574,0.0,True,24,0.6180339887498948,0.38196601
3558,3106134,1.0,0.78812724,0.0,True,24,0.6180339887498948,0.38196601
3559,3107007,1.0,-0.24489126,0.0,True,24,0.6180339887498948,0.38196601
3560,3107880,1.0,-1.27790975,0.0,True,24,0.6180339887498948,0.38196601
3561,3108753,1.0,-2.31092825,0.0,True,24,0.6180339887498948,0.38196601
3562,3109626,1.0,2.93923856,0.0,True,24,0.6180339887498948,0.38196601
3563,3110499,1.0,1.90622007,0.0,True,24,0.6180339887498948,0.38196601
3564,3111372,1.0,0.87320157,0.0,True,24,0.6180339887498948,0.38196601
3565,3112245,1.0,-0.15981693,0.0,True,24,0.6180339887498948,0.38196601
3566,3113118,1.0,-1.19283542,0.0,True,24,0.6180339887498948,0.38196601
3567,3113991,1.0,-2.22585392,0.0,True,24,0.6180339887498948,0.38196601
3568,3114864,1.0,3.02431289,0.0,True,24,0.6180339887498948,0.38196601
3569,3115737,1.0,1.99129439,0.0,True,24,0.6180339887498948,0.38196601
3570,3116610,1.0,0.9582759,0.0,True,24,0.6180339887498948,0.38196601
3571,3117483,1.0,-0.0747426,-0.0,True,24,0.6180339887498948,0.38196601
3572,3118356,1.0,-1.10776109,0.0,True,24,0.6180339887498948,0.38196601
3573,3119229,1.0,-2.14077959,0.0,True,24,0.6180339887498948,0.38196601
3574,3120102,1.0,3.10938722,-0.0,True,24,0.6180339887498948,0.38196601
3575,3120975,1.0,2.07636872,-0.0,True,24,0.6180339887498948,0.38196601
3576,3121848,1.0,1.04335023,-0.0,True,24,0.6180339887498948,0.38196601
3577,3122721,1.0,0.01033173,-0.0,True,24,0.6180339887498948,0.38196601
3578,3123594,1.0,-1.02268677,0.0,True,24,0.6180339887498948,0.38196601
3579,3124467,1.0,-2.05570526,0.0,True,24,0.6180339887498948,0.38196601
3580,3125340,1.0,-3.08872376,-0.0,True,24,0.6180339887498948,0.38196601
3581,3126213,1.0,2.16144305,0.0,True,24,0.6180339887498948,0.38196601
3582,3127086,1.0,1.12842456,0.0,True,24,0.6180339887498948,0.38196601
3583,3127959,1.0,0.09540606,0.0,True,24,0.6180339887498948,0.38196601
3584,3128832,1.0,-0.93761244,0.0,True,24,0.6180339887498948,0.38196601
3585,3129705,1.0,-1.97063093,0.0,True,24,0.6180339887498948,0.38196601
3586,3130578,1.0,-3.00364943,0.0,True,24,0.6180339887498948,0.38196601
3587,3131451,1.0,2.24651738,0.0,True,24,0.6180339887498948,0.38196601
3588,3132324,1.0,1.21349889,0.0,True,24,0.6180339887498948,0.38196601
3589,3133197,1.0,0.18048039,0.0,True,24,0.6180339887498948,0.38196601
3590,3134070,1.0,-0.85253811,-0.0,True,24,0.6180339887498948,0.38196601
3591,3134943,1.0,-1.8855566,0.0,True,24,0.6180339887498948,0.38196601
3592,3135816,1.0,-2.9185751,0.0,True,24,0.6180339887498948,0.38196601
3593,3136689,1.0,2.33159171,0.0,True,24,0.6180339887498948,0.38196601
3594,3137562,1.0,1.29857321,0.0,True,24,0.6180339887498948,0.38196601
3595,3138435,1.0,0.26555472,0.0,True,24,0.6180339887498948,0.38196601
3596,3139308,1.0,-0.76746378,0.0,True,24,0.6180339887498948,0.38196601
3597,3140181,1.0,-1.80048227,-0.0,True,24,0.6180339887498948,0.38196601
3598,3141054,1.0,-2.83350077,-0.0,True,24,0.6180339887498948,0.38196601
3599,3141927,1.0,2.41666604,0.0,True,24,0.6180339887498948,0.38196601
3600,3142800,1.0,1.38364754,0.0,True,24,0.6180339887498948,0.38196601
3601,3143673,1.0,0.35062905,0.0,True,24,0.6180339887498948,0.38196601
3602,3144546,1.0,-0.68238945,0.0,True,24,0.6180339887498948,0.38196601
3603,3145419,1.0,-1.71540795,0.0,True,24,0.6180339887498948,0.38196601
3604,3146292,1.0,-2.74842644,0.0,True,24,0.6180339887498948,0.38196601
3605,3147165,1.0,2.50174037,0.0,True,24,0.6180339887498948,0.38196601
3606,3148038,1.0,1.46872187,-0.0,True,24,0.6180339887498948,0.38196601
3607,3148911,1.0,0.43570338,0.0,True,24,0.6180339887498948,0.38196601
3608,3149784,1.0,-0.59731512,0.0,True,24,0.6180339887498948,0.38196601
3609,3150657,1.0,-1.63033362,-0.0,True,24,0.6180339887498948,0.38196601
3610,3151530,1.0,-2.66335211,0.0,True,24,0.6180339887498948,0.38196601
3611,3152403,1.0,2.5868147,0.0,True,24,0.6180339887498948,0.38196601
3612,3153276,1.0,1.5537962,0.0,True,24,0.6180339887498948,0.38196601
3613,3154149,1.0,0.5207777,0.0,True,24,0.6180339887498948,0.38196601
3614,3155022,1.0,-0.51224079,0.0,True,24,0.6180339887498948,0.38196601
3615,3155895,1.0,-1.54525929,0.0,True,24,0.6180339887498948,0.38196601
3616,3156768,1.0,-2.57827778,-0.0,True,24,0.6180339887498948,0.38196601
3617,3157641,1.0,2.67188903,0.0,True,24,0.6180339887498948,0.38196601
3618,3158514,1.0,1.63887053,0.0,True,24,0.6180339887498948,0.38196601
3619,3159387,1.0,0.60585203,0.0,True,24,0.6180339887498948,0.38196601
3620,3160260,1.0,-0.42716646,0.0,True,24,0.6180339887498948,0.38196601
3621,3161133,1.0,-1.46018496,0.0,True,24,0.6180339887498948,0.38196601
3622,3162006,1.0,-2.49320346,0.0,True,24,0.6180339887498948,0.38196601
3623,3162879,1.0,2.75696336,0.0,True,24,0.6180339887498948,0.38196601
3624,3163752,1.0,1.72394486,0.0,True,24,0.6180339887498948,0.38196601
3625,3164625,1.0,0.69092636,0.0,True,24,0.6180339887498948,0.38196601
3626,3165498,1.0,-0.34209213,0.0,True,24,0.6180339887498948,0.38196601
3627,3166371,1.0,-1.37511063,0.0,True,24,0.6180339887498948,0.38196601
3628,3167244,1.0,-2.40812913,-0.0,True,24,0.6180339887498948,0.38196601
3629,3168117,1.0,2.84203768,-0.0,True,24,0.6180339887498948,0.38196601
3630,3168990,1.0,1.80901919,0.0,True,24,0.6180339887498948,0.38196601
3631,3169863,1.0,0.77600069,0.0,True,24,0.6180339887498948,0.38196601
3632,3170736,1.0,-0.2570178,0.0,True,24,0.6180339887498948,0.38196601
3633,3171609,1.0,-1.2900363,0.0,True,24,0.6180339887498948,0.38196601
3634,3172482,1.0,-2.3230548,0.0,True,24,0.6180339887498948,0.38196601
3635,3173355,1.0,2.92711201,0.0,True,24,0.6180339887498948,0.38196601
3636,3174228,1.0,1.89409352,0.0,True,24,0.6180339887498948,0.38196601
3637,3175101,1.0,0.86107502,0.0,True,24,0.6180339887498948,0.38196601
3638,3175974,1.0,-0.17194348,0.0,True,24,0.6180339887498948,0.38196601
3639,3176847,1.0,-1.20496197,0.0,True,24,0.6180339887498948,0.38196601
3640,3177720,1.0,-2.23798047,0.0,True,24,0.6180339887498948,0.38196601
3641,3178593,1.0,3.01218634,-0.0,True,24,0.6180339887498948,0.38196601
3642,3179466,1.0,1.97916785,-0.0,True,24,0.6180339887498948,0.38196601
3643,3180339,1.0,0.94614935,0.0,True,24,0.6180339887498948,0.38196601
3644,3181212,1.0,-0.08686915,-0.0,True,24,0.6180339887498948,0.38196601
3645,3182085,1.0,-1.11988764,0.0,True,24,0.6180339887498948,0.38196601
3646,3182958,1.0,-2.15290614,0.0,True,24,0.6180339887498948,0.38196601
3647,3183831,1.0,3.09726067,0.0,True,24,0.6180339887498948,0.38196601
3648,3184704,1.0,2.06424218,0.0,True,24,0.6180339887498948,0.38196601
3649,3185577,1.0,1.03122368,0.0,True,24,0.6180339887498948,0.38196601
3650,3186450,1.0,-0.00179482,-0.0,True,24,0.6180339887498948,0.38196601
3651,3187323,1.0,-1.03481331,0.0,True,24,0.6180339887498948,0.38196601
3652,3188196,1.0,-2.06783181,0.0,True,24,0.6180339887498948,0.38196601
3653,3189069,1.0,-3.10085031,0.0,True,24,0.6180339887498948,0.38196601
3654,3189942,1.0,2.1493165,0.0,True,24,0.6180339887498948,0.38196601
3655,3190815,1.0,1.11629801,0.0,True,24,0.6180339887498948,0.38196601
3656,3191688,1.0,0.08327951,-0.0,True,24,0.6180339887498948,0.38196601
3657,3192561,1.0,-0.94973898,0.0,True,24,0.6180339887498948,0.38196601
3658,3193434,1.0,-1.98275748,0.0,True,24,0.6180339887498948,0.38196601
3659,3194307,1.0,-3.01577598,0.0,True,24,0.6180339887498948,0.38196601
3660,3195180,1.0,2.23439083,0.0,True,24,0.6180339887498948,0.38196601
3661,3196053,1.0,1.20137234,0.0,True,24,0.6180339887498948,0.38196601
3662,3196926,1.0,0.16835384,-0.0,True,24,0.6180339887498948,0.38196601
3663,3197799,1.0,-0.86466466,0.0,True,24,0.6180339887498948,0.38196601
3664,3198672,1.0,-1.89768315,0.0,True,24,0.6180339887498948,0.38196601
3665,3199545,1.0,-2.93070165,0.0,True,24,0.6180339887498948,0.38196601
3666,3200418,1.0,2.31946516,0.0,True,24,0.6180339887498948,0.38196601
3667,3201291,1.0,1.28644667,0.0,True,24,0.6180339887498948,0.38196601
3668,3202164,1.0,0.25342817,0.0,True,24,0.6180339887498948,0.38196601
3669,3203037,1.0,-0.77959033,0.0,True,24,0.6180339887498948,0.38196601
3670,3203910,1.0,-1.81260882,0.0,True,24,0.6180339887498948,0.38196601
3671,3204783,1.0,-2.84562732,0.0,True,24,0.6180339887498948,0.38196601
3672,3205656,1.0,2.40453949,0.0,True,24,0.6180339887498948,0.38196601
3673,3206529,1.0,1.371521,-0.0,True,24,0.6180339887498948,0.38196601
3674,3207402,1.0,0.3385025,0.0,True,24,0.6180339887498948,0.38196601
3675,3208275,1.0,-0.694516,-0.0,True,24,0.6180339887498948,0.38196601
3676,3209148,1.0,-1.72753449,0.0,True,24,0.6180339887498948,0.38196601
3677,3210021,1.0,-2.76055299,0.0,True,24,0.6180339887498948,0.38196601
3678,3210894,1.0,2.48961382,0.0,True,24,0.6180339887498948,0.38196601
3679,3211767,1.0,1.45659532,0.0,True,24,0.6180339887498948,0.38196601
3680,3212640,1.0,0.42357683,0.0,True,24,0.6180339887498948,0.38196601
3681,3213513,1.0,-0.60944167,0.0,True,24,0.6180339887498948,0.38196601
3682,3214386,1.0,-1.64246016,-0.0,True,24,0.6180339887498948,0.38196601
3683,3215259,1.0,-2.67547866,0.0,True,24,0.6180339887498948,0.38196601
3684,3216132,1.0,2.57468815,0.0,True,24,0.6180339887498948,0.38196601
3685,3217005,1.0,1.54166965,0.0,True,24,0.6180339887498948,0.38196601
3686,3217878,1.0,0.50865116,0.0,True,24,0.6180339887498948,0.38196601
3687,3218751,1.0,-0.52436734,0.0,True,24,0.6180339887498948,0.38196601
3688,3219624,1.0,-1.55738584,-0.0,True,24,0.6180339887498948,0.38196601
3689,3220497,1.0,-2.59040433,0.0,True,24,0.6180339887498948,0.38196601
3690,3221370,1.0,2.65976248,0.0,True,24,0.6180339887498948,0.38196601
3691,3222243,1.0,1.62674398,0.0,True,24,0.6180339887498948,0.38196601
3692,3223116,1.0,0.59372549,0.0,True,24,0.6180339887498948,0.38196601
3693,3223989,1.0,-0.43929301,0.0,True,24,0.6180339887498948,0.38196601
3694,3224862,1.0,-1.47231151,-0.0,True,24,0.6180339887498948,0.38196601
3695,3225735,1.0,-2.50533,0.0,True,24,0.6180339887498948,0.38196601
3696,3226608,1.0,2.74483681,0.0,True,24,0.6180339887498948,0.38196601
3697,3227481,1.0,1.71181831,-0.0,True,24,0.6180339887498948,0.38196601
3698,3228354,1.0,0.67879982,0.0,True,24,0.6180339887498948,0.38196601
3699,3229227,1.0,-0.35421868,0.0,True,24,0.6180339887498948,0.38196601
3700,3230100,1.0,-1.38723718,0.0,True,24,0.6180339887498948,0.38196601
3701,3230973,1.0,-2.42025567,0.0,True,24,0.6180339887498948,0.38196601
3702,3231846,1.0,2.82991114,0.0,True,24,0.6180339887498948,0.38196601
3703,3232719,1.0,1.79689264,0.0,True,24,0.6180339887498948,0.38196601
3704,3233592,1.0,0.76387414,0.0,True,24,0.6180339887498948,0.38196601
3705,3234465,1.0,-0.26914435,0.0,True,24,0.6180339887498948,0.38196601
3706,3235338,1.0,-1.30216285,0.0,True,24,0.6180339887498948,0.38196601
3707,3236211,1.0,-2.33518134,0.0,True,24,0.6180339887498948,0.38196601
3708,3237084,1.0,2.91498547,-0.0,True,24,0.6180339887498948,0.38196601
3709,3237957,1.0,1.88196697,-0.0,True,24,0.6180339887498948,0.38196601
3710,3238830,1.0,0.84894847,0.0,True,24,0.6180339887498948,0.38196601
3711,3239703,1.0,-0.18407002,0.0,True,24,0.6180339887498948,0.38196601
3712,3240576,1.0,-1.21708852,0.0,True,24,0.6180339887498948,0.38196601
3713,3241449,1.0,-2.25010702,0.0,True,24,0.6180339887498948,0.38196601
3714,3242322,1.0,3.0000598,-0.0,True,24,0.6180339887498948,0.38196601
3715,3243195,1.0,1.9670413,0.0,True,24,0.6180339887498948,0.38196601
3716,3244068,1.0,0.9340228,0.0,True,24,0.6180339887498948,0.38196601
3717,3244941,1.0,-0.09899569,0.0,True,24,0.6180339887498948,0.38196601
3718,3245814,1.0,-1.13201419,0.0,True,24,0.6180339887498948,0.38196601
3719,3246687,1.0,-2.16503269,0.0,True,24,0.6180339887498948,0.38196601
3720,3247560,1.0,3.08513412,0.0,True,24,0.6180339887498948,0.38196601
3721,3248433,1.0,2.05211563,0.0,True,24,0.6180339887498948,0.38196601
3722,3249306,1.0,1.01909713,0.0,True,24,0.6180339887498948,0.38196601
3723,3250179,1.0,-0.01392136,0.0,True,24,0.6180339887498948,0.38196601
3724,3251052,1.0,-1.04693986,0.0,True,24,0.6180339887498948,0.38196601
3725,3251925,1.0,-2.07995836,0.0,True,24,0.6180339887498948,0.38196601
3726,3252798,1.0,-3.11297685,0.0,True,24,0.6180339887498948,0.38196601
3727,3253671,1.0,2.13718996,0.0,True,24,0.6180339887498948,0.38196601
3728,3254544,1.0,1.10417146,0.0,True,24,0.6180339887498948,0.38196601
3729,3255417,1.0,0.07115296,0.0,True,24,0.6180339887498948,0.38196601
3730,3256290,1.0,-0.96186553,0.0,True,24,0.6180339887498948,0.38196601
3731,3257163,1.0,-1.99488403,0.0,True,24,0.6180339887498948,0.38196601
3732,3258036,1.0,-3.02790252,0.0,True,24,0.6180339887498948,0.38196601
3733,3258909,1.0,2.22226429,-0.0,True,24,0.6180339887498948,0.38196601
3734,3259782,1.0,1.18924579,0.0,True,24,0.6180339887498948,0.38196601
3735,3260655,1.0,0.15622729,-0.0,True,24,0.6180339887498948,0.38196601
3736,3261528,1.0,-0.8767912,0.0,True,24,0.6180339887498948,0.38196601
3737,3262401,1.0,-1.9098097,0.0,True,24,0.6180339887498948,0.38196601
3738,3263274,1.0,-2.9428282,-0.0,True,24,0.6180339887498948,0.38196601
3739,3264147,1.0,2.30733862,0.0,True,24,0.6180339887498948,0.38196601
3740,3265020,1.0,1.27432012,0.0,True,24,0.6180339887498948,0.38196601
3741,3265893,1.0,0.24130162,0.0,True,24,0.6180339887498948,0.38196601
3742,3266766,1.0,-0.79171687,0.0,True,24,0.6180339887498948,0.38196601
3743,3267639,1.0,-1.82473537,-0.0,True,24,0.6180339887498948,0.38196601
3744,3268512,1.0,-2.85775387,0.0,True,24,0.6180339887498948,0.38196601
3745,3269385,1.0,2.39241294,-0.0,True,24,0.6180339887498948,0.38196601
3746,3270258,1.0,1.35939445,0.0,True,24,0.6180339887498948,0.38196601
3747,3271131,1.0,0.32637595,0.0,True,24,0.6180339887498948,0.38196601
3748,3272004,1.0,-0.70664254,0.0,True,24,0.6180339887498948,0.38196601
3749,3272877,1.0,-1.73966104,0.0,True,24,0.6180339887498948,0.38196601
3750,3273750,1.0,-2.77267954,0.0,True,24,0.6180339887498948,0.38196601
3751,3274623,1.0,2.47748727,0.0,True,24,0.6180339887498948,0.38196601
3752,3275496,1.0,1.44446878,0.0,True,24,0.6180339887498948,0.38196601
3753,3276369,1.0,0.41145028,0.0,True,24,0.6180339887498948,0.38196601
3754,3277242,1.0,-0.62156822,0.0,True,24,0.6180339887498948,0.38196601
3755,3278115,1.0,-1.65458671,0.0,True,24,0.6180339887498948,0.38196601
3756,3278988,1.0,-2.68760521,-0.0,True,24,0.6180339887498948,0.38196601
3757,3279861,1.0,2.5625616,0.0,True,24,0.6180339887498948,0.38196601
3758,3280734,1.0,1.52954311,0.0,True,24,0.6180339887498948,0.38196601
3759,3281607,1.0,0.49652461,0.0,True,24,0.6180339887498948,0.38196601
3760,3282480,1.0,-0.53649389,-0.0,True,24,0.6180339887498948,0.38196601
3761,3283353,1.0,-1.56951238,0.0,True,24,0.6180339887498948,0.38196601
3762,3284226,1.0,-2.60253088,0.0,True,24,0.6180339887498948,0.38196601
3763,3285099,1.0,2.64763593,0.0,True,24,0.6180339887498948,0.38196601
3764,3285972,1.0,1.61461744,0.0,True,24,0.6180339887498948,0.38196601
3765,3286845,1.0,0.58159894,0.0,True,24,0.6180339887498948,0.38196601
3766,3287718,1.0,-0.45141956,0.0,True,24,0.6180339887498948,0.38196601
3767,3288591,1.0,-1.48443805,-0.0,True,24,0.6180339887498948,0.38196601
3768,3289464,1.0,-2.51745655,0.0,True,24,0.6180339887498948,0.38196601
3769,3290337,1.0,2.73271026,0.0,True,24,0.6180339887498948,0.38196601
3770,3291210,1.0,1.69969176,0.0,True,24,0.6180339887498948,0.38196601
3771,3292083,1.0,0.66667327,0.0,True,24,0.6180339887498948,0.38196601
3772,3292956,1.0,-0.36634523,0.0,True,24,0.6180339887498948,0.38196601
3773,3293829,1.0,-1.39936372,0.0,True,24,0.6180339887498948,0.38196601
3774,3294702,1.0,-2.43238222,0.0,True,24,0.6180339887498948,0.38196601
3775,3295575,1.0,2.81778459,0.0,True,24,0.6180339887498948,0.38196601
3776,3296448,1.0,1.78476609,0.0,True,24,0.6180339887498948,0.38196601
3777,3297321,1.0,0.7517476,0.0,True,24,0.6180339887498948,0.38196601
3778,3298194,1.0,-0.2812709,0.0,True,24,0.6180339887498948,0.38196601
3779,3299067,1.0,-1.3142894,0.0,True,24,0.6180339887498948,0.38196601
3780,3299940,1.0,-2.34730789,0.0,True,24,0.6180339887498948,0.38196601
3781,3300813,1.0,2.90285892,0.0,True,24,0.6180339887498948,0.38196601
3782,3301686,1.0,1.86984042,0.0,True,24,0.6180339887498948,0.38196601
3783,3302559,1.0,0.83682193,0.0,True,24,0.6180339887498948,0.38196601
3784,3303432,1.0,-0.19619657,-0.0,True,24,0.6180339887498948,0.38196601
3785,3304305,1.0,-1.22921507,0.0,True,24,0.6180339887498948,0.38196601
3786,3305178,1.0,-2.26223356,0.0,True,24,0.6180339887498948,0.38196601
3787,3306051,1.0,2.98793325,0.0,True,24,0.6180339887498948,0.38196601
3788,3306924,1.0,1.95491475,0.0,True,24,0.6180339887498948,0.38196601
3789,3307797,1.0,0.92189625,0.0,True,24,0.6180339887498948,0.38196601
3790,3308670,1.0,-0.11112224,0.0,True,24,0.6180339887498948,0.38196601
3791,3309543,1.0,-1.14414074,0.0,True,24,0.6180339887498948,0.38196601
3792,3310416,1.0,-2.17715923,0.0,True,24,0.6180339887498948,0.38196601
3793,3311289,1.0,3.07300758,0.0,True,24,0.6180339887498948,0.38196601
3794,3312162,1.0,2.03998908,0.0,True,24,0.6180339887498948,0.38196601
3795,3313035,1.0,1.00697058,0.0,True,24,0.6180339887498948,0.38196601
3796,3313908,1.0,-0.02604791,-0.0,True,24,0.6180339887498948,0.38196601
3797,3314781,1.0,-1.05906641,-0.0,True,24,0.6180339887498948,0.38196601
3798,3315654,1.0,-2.09208491,0.0,True,24,0.6180339887498948,0.38196601
3799,3316527,1.0,-3.1251034,0.0,True,24,0.6180339887498948,0.38196601
3800,3317400,1.0,2.12506341,0.0,True,24,0.6180339887498948,0.38196601
3801,3318273,1.0,1.09204491,0.0,True,24,0.6180339887498948,0.38196601
3802,3319146,1.0,0.05902642,0.0,True,24,0.6180339887498948,0.38196601
3803,3320019,1.0,-0.97399208,0.0,True,24,0.6180339887498948,0.38196601
3804,3320892,1.0,-2.00701058,0.0,True,24,0.6180339887498948,0.38196601
3805,3321765,1.0,-3.04002907,0.0,True,24,0.6180339887498948,0.38196601
3806,3322638,1.0,2.21013774,0.0,True,24,0.6180339887498948,0.38196601
3807,3323511,1.0,1.17711924,0.0,True,24,0.6180339887498948,0.38196601
3808,3324384,1.0,0.14410075,0.0,True,24,0.6180339887498948,0.38196601
3809,3325257,1.0,-0.88891775,-0.0,True,24,0.6180339887498948,0.38196601
3810,3326130,1.0,-1.92193625,0.0,True,24,0.6180339887498948,0.38196601
3811,3327003,1.0,-2.95495474,0.0,True,24,0.6180339887498948,0.38196601
3812,3327876,1.0,2.29521207,0.0,True,24,0.6180339887498948,0.38196601
3813,3328749,1.0,1.26219357,-0.0,True,24,0.6180339887498948,0.38196601
3814,3329622,1.0,0.22917507,0.0,True,24,0.6180339887498948,0.38196601
3815,3330495,1.0,-0.80384342,0.0,True,24,0.6180339887498948,0.38196601
3816,3331368,1.0,-1.83686192,0.0,True,24,0.6180339887498948,0.38196601
3817,3332241,1.0,-2.86988041,-0.0,True,24,0.6180339887498948,0.38196601
3818,3333114,1.0,2.3802864,0.0,True,24,0.6180339887498948,0.38196601
3819,3333987,1.0,1.3472679,0.0,True,24,0.6180339887498948,0.38196601
3820,3334860,1.0,0.3142494,-0.0,True,24,0.6180339887498948,0.38196601
3821,3335733,1.0,-0.71876909,0.0,True,24,0.6180339887498948,0.38196601
3822,3336606,1.0,-1.75178759,0.0,True,24,0.6180339887498948,0.38196601
3823,3337479,1.0,-2.78480609,0.0,True,24,0.6180339887498948,0.38196601
3824,3338352,1.0,2.46536073,0.0,True,24,0.6180339887498948,0.38196601
3825,3339225,1.0,1.43234223,0.0,True,24,0.6180339887498948,0.38196601
3826,3340098,1.0,0.39932373,0.0,True,24,0.6180339887498948,0.38196601
3827,3340971,1.0,-0.63369476,0.0,True,24,0.6180339887498948,0.38196601
3828,3341844,1.0,-1.66671326,0.0,True,24,0.6180339887498948,0.38196601
3829,3342717,1.0,-2.69973176,0.0,True,24,0.6180339887498948,0.38196601
3830,3343590,1.0,2.55043505,0.0,True,24,0.6180339887498948,0.38196601
3831,3344463,1.0,1.51741656,0.0,True,24,0.6180339887498948,0.38196601
3832,3345336,1.0,0.48439806,0.0,True,24,0.6180339887498948,0.38196601
3833,3346209,1.0,-0.54862043,0.0,True,24,0.6180339887498948,0.38196601
3834,3347082,1.0,-1.58163893,0.0,True,24,0.6180339887498948,0.38196601
3835,3347955,1.0,-2.61465743,0.0,True,24,0.6180339887498948,0.38196601
3836,3348828,1.0,2.63550938,0.0,True,24,0.6180339887498948,0.38196601
3837,3349701,1.0,1.60249089,0.0,True,24,0.6180339887498948,0.38196601
3838,3350574,1.0,0.56947239,0.0,True,24,0.6180339887498948,0.38196601
3839,3351447,1.0,-0.46354611,0.0,True,24,0.6180339887498948,0.38196601
3840,3352320,1.0,-1.4965646,0.0,True,24,0.6180339887498948,0.38196601
3841,3353193,1.0,-2.5295831,0.0,True,24,0.6180339887498948,0.38196601
3842,3354066,1.0,2.72058371,0.0,True,24,0.6180339887498948,0.38196601
3843,3354939,1.0,1.68756522,-0.0,True,24,0.6180339887498948,0.38196601
3844,3355812,1.0,0.65454672,-0.0,True,24,0.6180339887498948,0.38196601
3845,3356685,1.0,-0.37847178,0.0,True,24,0.6180339887498948,0.38196601
3846,3357558,1.0,-1.41149027,0.0,True,24,0.6180339887498948,0.38196601
3847,3358431,1.0,-2.44450877,0.0,True,24,0.6180339887498948,0.38196601
3848,3359304,1.0,2.80565804,-0.0,True,24,0.6180339887498948,0.38196601
3849,3360177,1.0,1.77263955,0.0,True,24,0.6180339887498948,0.38196601
3850,3361050,1.0,0.73962105,0.0,True,24,0.6180339887498948,0.38196601
3851,3361923,1.0,-0.29339745,0.0,True,24,0.6180339887498948,0.38196601
3852,3362796,1.0,-1.32641594,0.0,True,24,0.6180339887498948,0.38196601
3853,3363669,1.0,-2.35943444,-0.0,True,24,0.6180339887498948,0.38196601
3854,3364542,1.0,2.89073237,0.0,True,24,0.6180339887498948,0.38196601
3855,3365415,1.0,1.85771387,0.0,True,24,0.6180339887498948,0.38196601
3856,3366288,1.0,0.82469538,0.0,True,24,0.6180339887498948,0.38196601
3857,3367161,1.0,-0.20832312,0.0,True,24,0.6180339887498948,0.38196601
3858,3368034,1.0,-1.24134161,0.0,True,24,0.6180339887498948,0.38196601
3859,3368907,1.0,-2.27436011,0.0,True,24,0.6180339887498948,0.38196601
3860,3369780,1.0,2.9758067,0.0,True,24,0.6180339887498948,0.38196601
3861,3370653,1.0,1.9427882,0.0,True,24,0.6180339887498948,0.38196601
3862,3371526,1.0,0.90976971,-0.0,True,24,0.6180339887498948,0.38196601
3863,3372399,1.0,-0.12324879,0.0,True,24,0.6180339887498948,0.38196601
3864,3373272,1.0,-1.15626729,0.0,True,24,0.6180339887498948,0.38196601
3865,3374145,1.0,-2.18928578,0.0,True,24,0.6180339887498948,0.38196601
3866,3375018,1.0,3.06088103,0.0,True,24,0.6180339887498948,0.38196601
3867,3375891,1.0,2.02786253,-0.0,True,24,0.6180339887498948,0.38196601
3868,3376764,1.0,0.99484404,0.0,True,24,0.6180339887498948,0.38196601
3869,3377637,1.0,-0.03817446,0.0,True,24,0.6180339887498948,0.38196601
3870,3378510,1.0,-1.07119296,0.0,True,24,0.6180339887498948,0.38196601
3871,3379383,1.0,-2.10421145,-0.0,True,24,0.6180339887498948,0.38196601
3872,3380256,1.0,-3.13722995,0.0,True,24,0.6180339887498948,0.38196601
3873,3381129,1.0,2.11293686,0.0,True,24,0.6180339887498948,0.38196601
3874,3382002,1.0,1.07991837,0.0,True,24,0.6180339887498948,0.38196601
3875,3382875,1.0,0.04689987,0.0,True,24,0.6180339887498948,0.38196601
3876,3383748,1.0,-0.98611863,0.0,True,24,0.6180339887498948,0.38196601
3877,3384621,1.0,-2.01913712,0.0,True,24,0.6180339887498948,0.38196601
3878,3385494,1.0,-3.05215562,0.0,True,24,0.6180339887498948,0.38196601
3879,3386367,1.0,2.19801119,0.0,True,24,0.6180339887498948,0.38196601
3880,3387240,1.0,1.16499269,0.0,True,24,0.6180339887498948,0.38196601
3881,3388113,1.0,0.1319742,-0.0,True,24,0.6180339887498948,0.38196601
3882,3388986,1.0,-0.9010443,0.0,True,24,0.6180339887498948,0.38196601
3883,3389859,1.0,-1.93406279,0.0,True,24,0.6180339887498948,0.38196601
3884,3390732,1.0,-2.96708129,-0.0,True,24,0.6180339887498948,0.38196601
3885,3391605,1.0,2.28308552,0.0,True,24,0.6180339887498948,0.38196601
3886,3392478,1.0,1.25006702,0.0,True,24,0.6180339887498948,0.38196601
3887,3393351,1.0,0.21704853,0.0,True,24,0.6180339887498948,0.38196601
3888,3394224,1.0,-0.81596997,0.0,True,24,0.6180339887498948,0.38196601
3889,3395097,1.0,-1.84898847,0.0,True,24,0.6180339887498948,0.38196601
3890,3395970,1.0,-2.88200696,0.0,True,24,0.6180339887498948,0.38196601
3891,3396843,1.0,2.36815985,0.0,True,24,0.6180339887498948,0.38196601
3892,3397716,1.0,1.33514135,0.0,True,24,0.6180339887498948,0.38196601
3893,3398589,1.0,0.30212286,0.0,True,24,0.6180339887498948,0.38196601
3894,3399462,1.0,-0.73089564,0.0,True,24,0.6180339887498948,0.38196601
3895,3400335,1.0,-1.76391414,0.0,True,24,0.6180339887498948,0.38196601
3896,3401208,1.0,-2.79693263,-0.0,True,24,0.6180339887498948,0.38196601
3897,3402081,1.0,2.45323418,0.0,True,24,0.6180339887498948,0.38196601
3898,3402954,1.0,1.42021568,-0.0,True,24,0.6180339887498948,0.38196601
3899,3403827,1.0,0.38719719,0.0,True,24,0.6180339887498948,0.38196601
3900,3404700,1.0,-0.64582131,0.0,True,24,0.6180339887498948,0.38196601
3901,3405573,1.0,-1.67883981,0.0,True,24,0.6180339887498948,0.38196601
3902,3406446,1.0,-2.7118583,0.0,True,24,0.6180339887498948,0.38196601
3903,3407319,1.0,2.53830851,0.0,True,24,0.6180339887498948,0.38196601
3904,3408192,1.0,1.50529001,-0.0,True,24,0.6180339887498948,0.38196601
3905,3409065,1.0,0.47227151,0.0,True,24,0.6180339887498948,0.38196601
3906,3409938,1.0,-0.56074698,0.0,True,24,0.6180339887498948,0.38196601
3907,3410811,1.0,-1.59376548,0.0,True,24,0.6180339887498948,0.38196601
3908,3411684,1.0,-2.62678397,0.0,True,24,0.6180339887498948,0.38196601
3909,3412557,1.0,2.62338284,0.0,True,24,0.6180339887498948,0.38196601
3910,3413430,1.0,1.59036434,0.0,True,24,0.6180339887498948,0.38196601
3911,3414303,1.0,0.55734584,0.0,True,24,0.6180339887498948,0.38196601
3912,3415176,1.0,-0.47567265,-0.0,True,24,0.6180339887498948,0.38196601
3913,3416049,1.0,-1.50869115,0.0,True,24,0.6180339887498948,0.38196601
3914,3416922,1.0,-2.54170965,0.0,True,24,0.6180339887498948,0.38196601
3915,3417795,1.0,2.70845717,0.0,True,24,0.6180339887498948,0.38196601
3916,3418668,1.0,1.67543867,0.0,True,24,0.6180339887498948,0.38196601
3917,3419541,1.0,0.64242017,0.0,True,24,0.6180339887498948,0.38196601
3918,3420414,1.0,-0.39059832,0.0,True,24,0.6180339887498948,0.38196601
3919,3421287,1.0,-1.42361682,0.0,True,24,0.6180339887498948,0.38196601
3920,3422160,1.0,-2.45663532,0.0,True,24,0.6180339887498948,0.38196601
3921,3423033,1.0,2.79353149,0.0,True,24,0.6180339887498948,0.38196601
3922,3423906,1.0,1.760513,0.0,True,24,0.6180339887498948,0.38196601
3923,3424779,1.0,0.7274945,0.0,True,24,0.6180339887498948,0.38196601
3924,3425652,1.0,-0.30552399,0.0,True,24,0.6180339887498948,0.38196601
3925,3426525,1.0,-1.33854249,0.0,True,24,0.6180339887498948,0.38196601
3926,3427398,1.0,-2.37156099,0.0,True,24,0.6180339887498948,0.38196601
3927,3428271,1.0,2.87860582,0.0,True,24,0.6180339887498948,0.38196601
3928,3429144,1.0,1.84558733,0.0,True,24,0.6180339887498948,0.38196601
3929,3430017,1.0,0.81256883,0.0,True,24,0.6180339887498948,0.38196601
3930,3430890,1.0,-0.22044967,0.0,True,24,0.6180339887498948,0.38196601
3931,3431763,1.0,-1.25346816,0.0,True,24,0.6180339887498948,0.38196601
3932,3432636,1.0,-2.28648666,0.0,True,24,0.6180339887498948,0.38196601
3933,3433509,1.0,2.96368015,0.0,True,24,0.6180339887498948,0.38196601
3934,3434382,1.0,1.93066166,0.0,True,24,0.6180339887498948,0.38196601
3935,3435255,1.0,0.89764316,0.0,True,24,0.6180339887498948,0.38196601
3936,3436128,1.0,-0.13537534,0.0,True,24,0.6180339887498948,0.38196601
3937,3437001,1.0,-1.16839383,0.0,True,24,0.6180339887498948,0.38196601
3938,3437874,1.0,-2.20141233,0.0,True,24,0.6180339887498948,0.38196601
3939,3438747,1.0,3.04875448,0.0,True,24,0.6180339887498948,0.38196601
3940,3439620,1.0,2.01573599,0.0,True,24,0.6180339887498948,0.38196601
3941,3440493,1.0,0.98271749,0.0,True,24,0.6180339887498948,0.38196601
3942,3441366,1.0,-0.05030101,0.0,True,24,0.6180339887498948,0.38196601
3943,3442239,1.0,-1.0833195,0.0,True,24,0.6180339887498948,0.38196601
3944,3443112,1.0,-2.116338,0.0,True,24,0.6180339887498948,0.38196601
3945,3443985,1.0,3.13382881,0.0,True,24,0.6180339887498948,0.38196601
3946,3444858,1.0,2.10081031,0.0,True,24,0.6180339887498948,0.38196601
3947,3445731,1.0,1.06779182,0.0,True,24,0.6180339887498948,0.38196601
3948,3446604,1.0,0.03477332,0.0,True,24,0.6180339887498948,0.38196601
3949,3447477,1.0,-0.99824517,0.0,True,24,0.6180339887498948,0.38196601
3950,3448350,1.0,-2.03126367,0.0,True,24,0.6180339887498948,0.38196601
3951,3449223,1.0,-3.06428217,0.0,True,24,0.6180339887498948,0.38196601
3952,3450096,1.0,2.18588464,0.0,True,24,0.6180339887498948,0.38196601
3953,3450969,1.0,1.15286615,0.0,True,24,0.6180339887498948,0.38196601
3954,3451842,1.0,0.11984765,0.0,True,24,0.6180339887498948,0.38196601
3955,3452715,1.0,-0.91317085,0.0,True,24,0.6180339887498948,0.38196601
3956,3453588,1.0,-1.94618934,0.0,True,24,0.6180339887498948,0.38196601
3957,3454461,1.0,-2.97920784,0.0,True,24,0.6180339887498948,0.38196601
3958,3455334,1.0,2.27095897,0.0,True,24,0.6180339887498948,0.38196601
3959,3456207,1.0,1.23794048,0.0,True,24,0.6180339887498948,0.38196601
3960,3457080,1.0,0.20492198,0.0,True,24,0.6180339887498948,0.38196601
3961,3457953,1.0,-0.82809652,0.0,True,24,0.6180339887498948,0.38196601
3962,3458826,1.0,-1.86111501,0.0,True,24,0.6180339887498948,0.38196601
3963,3459699,1.0,-2.89413351,-0.0,True,24,0.6180339887498948,0.38196601
3964,3460572,1.0,2.3560333,0.0,True,24,0.6180339887498948,0.38196601
3965,3461445,1.0,1.3230148,-0.0,True,24,0.6180339887498948,0.38196601
3966,3462318,1.0,0.28999631,0.0,True,24,0.6180339887498948,0.38196601
3967,3463191,1.0,-0.74302219,0.0,True,24,0.6180339887498948,0.38196601
3968,3464064,1.0,-1.77604068,-0.0,True,24,0.6180339887498948,0.38196601
3969,3464937,1.0,-2.80905918,0.0,True,24,0.6180339887498948,0.38196601
3970,3465810,1.0,2.44110763,0.0,True,24,0.6180339887498948,0.38196601
3971,3466683,1.0,1.40808913,0.0,True,24,0.6180339887498948,0.38196601
3972,3467556,1.0,0.37507064,0.0,True,24,0.6180339887498948,0.38196601
3973,3468429,1.0,-0.65794786,0.0,True,24,0.6180339887498948,0.38196601
3974,3469302,1.0,-1.69096636,0.0,True,24,0.6180339887498948,0.38196601
3975,3470175,1.0,-2.72398485,-0.0,True,24,0.6180339887498948,0.38196601
3976,3471048,1.0,2.52618196,0.0,True,24,0.6180339887498948,0.38196601
3977,3471921,1.0,1.49316346,0.0,True,24,0.6180339887498948,0.38196601
3978,3472794,1.0,0.46014497,0.0,True,24,0.6180339887498948,0.38196601
3979,3473667,1.0,-0.57287353,0.0,True,24,0.6180339887498948,0.38196601
3980,3474540,1.0,-1.60589203,0.0,True,24,0.6180339887498948,0.38196601
3981,3475413,1.0,-2.63891052,0.0,True,24,0.6180339887498948,0.38196601
3982,3476286,1.0,2.61125629,0.0,True,24,0.6180339887498948,0.38196601
3983,3477159,1.0,1.57823779,0.0,True,24,0.6180339887498948,0.38196601
3984,3478032,1.0,0.5452193,0.0,True,24,0.6180339887498948,0.38196601
3985,3478905,1.0,-0.4877992,-0.0,True,24,0.6180339887498948,0.38196601
3986,3479778,1.0,-1.5208177,-0.0,True,24,0.6180339887498948,0.38196601
3987,3480651,1.0,-2.55383619,0.0,True,24,0.6180339887498948,0.38196601
3988,3481524,1.0,2.69633062,0.0,True,24,0.6180339887498948,0.38196601
3989,3482397,1.0,1.66331212,0.0,True,24,0.6180339887498948,0.38196601
3990,3483270,1.0,0.63029362,0.0,True,24,0.6180339887498948,0.38196601
3991,3484143,1.0,-0.40272487,0.0,True,24,0.6180339887498948,0.38196601
3992,3485016,1.0,-1.43574337,0.0,True,24,0.6180339887498948,0.38196601
3993,3485889,1.0,-2.46876186,0.0,True,24,0.6180339887498948,0.38196601
3994,3486762,1.0,2.78140495,0.0,True,24,0.6180339887498948,0.38196601
3995,3487635,1.0,1.74838645,-0.0,True,24,0.6180339887498948,0.38196601
3996,3488508,1.0,0.71536795,0.0,True,24,0.6180339887498948,0.38196601
3997,3489381,1.0,-0.31765054,0.0,True,24,0.6180339887498948,0.38196601
3998,3490254,1.0,-1.35066904,-0.0,True,24,0.6180339887498948,0.38196601
3999,3491127,1.0,-2.38368754,0.0,True,24,0.6180339887498948,0.38196601
4000,3492000,1.0,2.86647928,-0.0,True,24,0.6180339887498948,0.38196601
4001,3492873,1.0,1.83346078,0.0,True,24,0.6180339887498948,0.38196601
4002,3493746,1.0,0.80044228,0.0,True,24,0.6180339887498948,0.38196601
4003,3494619,1.0,-0.23257621,-0.0,True,24,0.6180339887498948,0.38196601
4004,3495492,1.0,-1.26559471,-0.0,True,24,0.6180339887498948,0.38196601
4005,3496365,1.0,-2.29861321,0.0,True,24,0.6180339887498948,0.38196601
4006,3497238,1.0,2.9515536,-0.0,True,24,0.6180339887498948,0.38196601
4007,3498111,1.0,1.91853511,0.0,True,24,0.6180339887498948,0.38196601
4008,3498984,1.0,0.88551661,0.0,True,24,0.6180339887498948,0.38196601
4009,3499857,1.0,-0.14750188,-0.0,True,24,0.6180339887498948,0.38196601
4010,3500730,1.0,-1.18052038,0.0,True,24,0.6180339887498948,0.38196601
4011,3501603,1.0,-2.21353888,0.0,True,24,0.6180339887498948,0.38196601
4012,3502476,1.0,3.03662793,0.0,True,24,0.6180339887498948,0.38196601
4013,3503349,1.0,2.00360944,-0.0,True,24,0.6180339887498948,0.38196601
4014,3504222,1.0,0.97059094,0.0,True,24,0.6180339887498948,0.38196601
4015,3505095,1.0,-0.06242756,0.0,True,24,0.6180339887498948,0.38196601
4016,3505968,1.0,-1.09544605,0.0,True,24,0.6180339887498948,0.38196601
4017,3506841,1.0,-2.12846455,0.0,True,24,0.6180339887498948,0.38196601
4018,3507714,1.0,3.12170226,0.0,True,24,0.6180339887498948,0.38196601
4019,3508587,1.0,2.08868377,-0.0,True,24,0.6180339887498948,0.38196601
4020,3509460,1.0,1.05566527,0.0,True,24,0.6180339887498948,0.38196601
4021,3510333,1.0,0.02264677,0.0,True,24,0.6180339887498948,0.38196601
4022,3511206,1.0,-1.01037172,0.0,True,24,0.6180339887498948,0.38196601
4023,3512079,1.0,-2.04339022,0.0,True,24,0.6180339887498948,0.38196601
4024,3512952,1.0,-3.07640872,0.0,True,24,0.6180339887498948,0.38196601
4025,3513825,1.0,2.1737581,0.0,True,24,0.6180339887498948,0.38196601
4026,3514698,1.0,1.1407396,0.0,True,24,0.6180339887498948,0.38196601
4027,3515571,1.0,0.1077211,0.0,True,24,0.6180339887498948,0.38196601
4028,3516444,1.0,-0.92529739,0.0,True,24,0.6180339887498948,0.38196601
4029,3517317,1.0,-1.95831589,0.0,True,24,0.6180339887498948,0.38196601
4030,3518190,1.0,-2.99133439,0.0,True,24,0.6180339887498948,0.38196601
4031,3519063,1.0,2.25883242,0.0,True,24,0.6180339887498948,0.38196601
4032,3519936,1.0,1.22581393,0.0,True,24,0.6180339887498948,0.38196601
4033,3520809,1.0,0.19279543,0.0,True,24,0.6180339887498948,0.38196601
4034,3521682,1.0,-0.84022306,0.0,True,24,0.6180339887498948,0.38196601
4035,3522555,1.0,-1.87324156,-0.0,True,24,0.6180339887498948,0.38196601
4036,3523428,1.0,-2.90626006,0.0,True,24,0.6180339887498948,0.38196601
4037,3524301,1.0,2.34390675,0.0,True,24,0.6180339887498948,0.38196601
4038,3525174,1.0,1.31088826,-0.0,True,24,0.6180339887498948,0.38196601
4039,3526047,1.0,0.27786976,0.0,True,24,0.6180339887498948,0.38196601
4040,3526920,1.0,-0.75514874,0.0,True,24,0.6180339887498948,0.38196601
4041,3527793,1.0,-1.78816723,-0.0,True,24,0.6180339887498948,0.38196601
4042,3528666,1.0,-2.82118573,-0.0,True,24,0.6180339887498948,0.38196601
4043,3529539,1.0,2.42898108,0.0,True,24,0.6180339887498948,0.38196601
4044,3530412,1.0,1.39596259,0.0,True,24,0.6180339887498948,0.38196601
4045,3531285,1.0,0.36294409,0.0,True,24,0.6180339887498948,0.38196601
4046,3532158,1.0,-0.67007441,0.0,True,24,0.6180339887498948,0.38196601
4047,3533031,1.0,-1.7030929,0.0,True,24,0.6180339887498948,0.38196601
4048,3533904,1.0,-2.7361114,0.0,True,24,0.6180339887498948,0.38196601
4049,3534777,1.0,2.51405541,0.0,True,24,0.6180339887498948,0.38196601
4050,3535650,1.0,1.48103692,0.0,True,24,0.6180339887498948,0.38196601
4051,3536523,1.0,0.44801842,0.0,True,24,0.6180339887498948,0.38196601
4052,3537396,1.0,-0.58500008,0.0,True,24,0.6180339887498948,0.38196601
4053,3538269,1.0,-1.61801857,0.0,True,24,0.6180339887498948,0.38196601
4054,3539142,1.0,-2.65103707,0.0,True,24,0.6180339887498948,0.38196601
4055,3540015,1.0,2.59912974,0.0,True,24,0.6180339887498948,0.38196601
4056,3540888,1.0,1.56611124,-0.0,True,24,0.6180339887498948,0.38196601
4057,3541761,1.0,0.53309275,0.0,True,24,0.6180339887498948,0.38196601
4058,3542634,1.0,-0.49992575,0.0,True,24,0.6180339887498948,0.38196601
4059,3543507,1.0,-1.53294424,0.0,True,24,0.6180339887498948,0.38196601
4060,3544380,1.0,-2.56596274,0.0,True,24,0.6180339887498948,0.38196601
4061,3545253,1.0,2.68420407,0.0,True,24,0.6180339887498948,0.38196601
4062,3546126,1.0,1.65118557,0.0,True,24,0.6180339887498948,0.38196601
4063,3546999,1.0,0.61816708,0.0,True,24,0.6180339887498948,0.38196601
4064,3547872,1.0,-0.41485142,0.0,True,24,0.6180339887498948,0.38196601
4065,3548745,1.0,-1.44786992,0.0,True,24,0.6180339887498948,0.38196601
4066,3549618,1.0,-2.48088841,-0.0,True,24,0.6180339887498948,0.38196601
4067,3550491,1.0,2.7692784,0.0,True,24,0.6180339887498948,0.38196601
4068,3551364,1.0,1.7362599,0.0,True,24,0.6180339887498948,0.38196601
4069,3552237,1.0,0.70324141,-0.0,True,24,0.6180339887498948,0.38196601
4070,3553110,1.0,-0.32977709,0.0,True,24,0.6180339887498948,0.38196601
4071,3553983,1.0,-1.36279559,0.0,True,24,0.6180339887498948,0.38196601
4072,3554856,1.0,-2.39581408,0.0,True,24,0.6180339887498948,0.38196601
4073,3555729,1.0,2.85435273,0.0,True,24,0.6180339887498948,0.38196601
4074,3556602,1.0,1.82133423,0.0,True,24,0.6180339887498948,0.38196601
4075,3557475,1.0,0.78831574,0.0,True,24,0.6180339887498948,0.38196601
4076,3558348,1.0,-0.24470276,0.0,True,24,0.6180339887498948,0.38196601
4077,3559221,1.0,-1.27772126,0.0,True,24,0.6180339887498948,0.38196601
4078,3560094,1.0,-2.31073975,0.0,True,24,0.6180339887498948,0.38196601
4079,3560967,1.0,2.93942706,0.0,True,24,0.6180339887498948,0.38196601
4080,3561840,1.0,1.90640856,0.0,True,24,0.6180339887498948,0.38196601
4081,3562713,1.0,0.87339006,0.0,True,24,0.6180339887498948,0.38196601
4082,3563586,1.0,-0.15962843,0.0,True,24,0.6180339887498948,0.38196601
4083,3564459,1.0,-1.19264693,0.0,True,24,0.6180339887498948,0.38196601
4084,3565332,1.0,-2.22566542,0.0,True,24,0.6180339887498948,0.38196601
4085,3566205,1.0,3.02450139,0.0,True,24,0.6180339887498948,0.38196601
4086,3567078,1.0,1.99148289,0.0,True,24,0.6180339887498948,0.38196601
4087,3567951,1.0,0.95846439,0.0,True,24,0.6180339887498948,0.38196601
4088,3568824,1.0,-0.0745541,0.0,True,24,0.6180339887498948,0.38196601
4089,3569697,1.0,-1.1075726,0.0,True,24,0.6180339887498948,0.38196601
4090,3570570,1.0,-2.1405911,0.0,True,24,0.6180339887498948,0.38196601
4091,3571443,1.0,3.10957572,0.0,True,24,0.6180339887498948,0.38196601
4092,3572316,1.0,2.07655722,0.0,True,24,0.6180339887498948,0.38196601
4093,3573189,1.0,1.04353872,0.0,True,24,0.6180339887498948,0.38196601
4094,3574062,1.0,0.01052023,0.0,True,24,0.6180339887498948,0.38196601
4095,3574935,1.0,-1.02249827,0.0,True,24,0.6180339887498948,0.38196601
4096,3575808,1.0,-2.05551677,0.0,True,24,0.6180339887498948,0.38196601
4097,3576681,1.0,-3.08853526,0.0,True,24,0.6180339887498948,0.38196601
4098,3577554,1.0,2.16163155,-0.0,True,24,0.6180339887498948,0.38196601
4099,3578427,1.0,1.12861305,-0.0,True,24,0.6180339887498948,0.38196601
4100,3579300,1.0,0.09559456,0.0,True,24,0.6180339887498948,0.38196601
4101,3580173,1.0,-0.93742394,0.0,True,24,0.6180339887498948,0.38196601
4102,3581046,1.0,-1.97044244,0.0,True,24,0.6180339887498948,0.38196601
4103,3581919,1.0,-3.00346093,-0.0,True,24,0.6180339887498948,0.38196601
4104,3582792,1.0,2.24670588,0.0,True,24,0.6180339887498948,0.38196601
4105,3583665,1.0,1.21368738,-0.0,True,24,0.6180339887498948,0.38196601
4106,3584538,1.0,0.18066888,0.0,True,24,0.6180339887498948,0.38196601
4107,3585411,1.0,-0.85234961,0.0,True,24,0.6180339887498948,0.38196601
4108,3586284,1.0,-1.88536811,0.0,True,24,0.6180339887498948,0.38196601
4109,3587157,1.0,-2.9183866,-0.0,True,24,0.6180339887498948,0.38196601
4110,3588030,1.0,2.33178021,0.0,True,24,0.6180339887498948,0.38196601
4111,3588903,1.0,1.29876171,-0.0,True,24,0.6180339887498948,0.38196601
4112,3589776,1.0,0.26574321,0.0,True,24,0.6180339887498948,0.38196601
4113,3590649,1.0,-0.76727528,0.0,True,24,0.6180339887498948,0.38196601
4114,3591522,1.0,-1.80029378,0.0,True,24,0.6180339887498948,0.38196601
4115,3592395,1.0,-2.83331228,0.0,True,24,0.6180339887498948,0.38196601
4116,3593268,1.0,2.41685454,0.0,True,24,0.6180339887498948,0.38196601
4117,3594141,1.0,1.38383604,0.0,True,24,0.6180339887498948,0.38196601
4118,3595014,1.0,0.35081754,-0.0,True,24,0.6180339887498948,0.38196601
4119,3595887,1.0,-0.68220095,0.0,True,24,0.6180339887498948,0.38196601
4120,3596760,1.0,-1.71521945,0.0,True,24,0.6180339887498948,0.38196601
4121,3597633,1.0,-2.74823795,0.0,True,24,0.6180339887498948,0.38196601
4122,3598506,1.0,2.50192886,0.0,True,24,0.6180339887498948,0.38196601
4123,3599379,1.0,1.46891037,0.0,True,24,0.6180339887498948,0.38196601
4124,3600252,1.0,0.43589187,0.0,True,24,0.6180339887498948,0.38196601
4125,3601125,1.0,-0.59712662,0.0,True,24,0.6180339887498948,0.38196601
4126,3601998,1.0,-1.63014512,-0.0,True,24,0.6180339887498948,0.38196601
4127,3602871,1.0,-2.66316362,0.0,True,24,0.6180339887498948,0.38196601
4128,3603744,1.0,2.58700319,0.0,True,24,0.6180339887498948,0.38196601
4129,3604617,1.0,1.5539847,-0.0,True,24,0.6180339887498948,0.38196601
4130,3605490,1.0,0.5209662,0.0,True,24,0.6180339887498948,0.38196601
4131,3606363,1.0,-0.5120523,0.0,True,24,0.6180339887498948,0.38196601
4132,3607236,1.0,-1.54507079,-0.0,True,24,0.6180339887498948,0.38196601
4133,3608109,1.0,-2.57808929,0.0,True,24,0.6180339887498948,0.38196601
4134,3608982,1.0,2.67207752,0.0,True,24,0.6180339887498948,0.38196601
4135,3609855,1.0,1.63905903,0.0,True,24,0.6180339887498948,0.38196601
4136,3610728,1.0,0.60604053,0.0,True,24,0.6180339887498948,0.38196601
4137,3611601,1.0,-0.42697797,0.0,True,24,0.6180339887498948,0.38196601
4138,3612474,1.0,-1.45999646,-0.0,True,24,0.6180339887498948,0.38196601
4139,3613347,1.0,-2.49301496,0.0,True,24,0.6180339887498948,0.38196601
4140,3614220,1.0,2.75715185,0.0,True,24,0.6180339887498948,0.38196601
4141,3615093,1.0,1.72413336,0.0,True,24,0.6180339887498948,0.38196601
4142,3615966,1.0,0.69111486,0.0,True,24,0.6180339887498948,0.38196601
4143,3616839,1.0,-0.34190364,0.0,True,24,0.6180339887498948,0.38196601
4144,3617712,1.0,-1.37492213,0.0,True,24,0.6180339887498948,0.38196601
4145,3618585,1.0,-2.40794063,0.0,True,24,0.6180339887498948,0.38196601
4146,3619458,1.0,2.84222618,0.0,True,24,0.6180339887498948,0.38196601
4147,3620331,1.0,1.80920768,-0.0,True,24,0.6180339887498948,0.38196601
4148,3621204,1.0,0.77618919,0.0,True,24,0.6180339887498948,0.38196601
4149,3622077,1.0,-0.25682931,0.0,True,24,0.6180339887498948,0.38196601
4150,3622950,1.0,-1.2898478,0.0,True,24,0.6180339887498948,0.38196601
4151,3623823,1.0,-2.3228663,0.0,True,24,0.6180339887498948,0.38196601
4152,3624696,1.0,2.92730051,0.0,True,24,0.6180339887498948,0.38196601
4153,3625569,1.0,1.89428201,0.0,True,24,0.6180339887498948,0.38196601
4154,3626442,1.0,0.86126352,0.0,True,24,0.6180339887498948,0.38196601
4155,3627315,1.0,-0.17175498,0.0,True,24,0.6180339887498948,0.38196601
4156,3628188,1.0,-1.20477348,0.0,True,24,0.6180339887498948,0.38196601
4157,3629061,1.0,-2.23779197,0.0,True,24,0.6180339887498948,0.38196601
4158,3629934,1.0,3.01237484,0.0,True,24,0.6180339887498948,0.38196601
4159,3630807,1.0,1.97935634,0.0,True,24,0.6180339887498948,0.38196601
4160,3631680,1.0,0.94633785,0.0,True,24,0.6180339887498948,0.38196601
4161,3632553,1.0,-0.08668065,0.0,True,24,0.6180339887498948,0.38196601
4162,3633426,1.0,-1.11969915,0.0,True,24,0.6180339887498948,0.38196601
4163,3634299,1.0,-2.15271764,0.0,True,24,0.6180339887498948,0.38196601
4164,3635172,1.0,3.09744917,0.0,True,24,0.6180339887498948,0.38196601
4165,3636045,1.0,2.06443067,0.0,True,24,0.6180339887498948,0.38196601
4166,3636918,1.0,1.03141217,0.0,True,24,0.6180339887498948,0.38196601
4167,3637791,1.0,-0.00160632,0.0,True,24,0.6180339887498948,0.38196601
4168,3638664,1.0,-1.03462482,-0.0,True,24,0.6180339887498948,0.38196601
4169,3639537,1.0,-2.06764331,0.0,True,24,0.6180339887498948,0.38196601
4170,3640410,1.0,-3.10066181,-0.0,True,24,0.6180339887498948,0.38196601
4171,3641283,1.0,2.149505,0.0,True,24,0.6180339887498948,0.38196601
4172,3642156,1.0,1.1164865,0.0,True,24,0.6180339887498948,0.38196601
4173,3643029,1.0,0.08346801,-0.0,True,24,0.6180339887498948,0.38196601
4174,3643902,1.0,-0.94955049,0.0,True,24,0.6180339887498948,0.38196601
4175,3644775,1.0,-1.98256899,0.0,True,24,0.6180339887498948,0.38196601
4176,3645648,1.0,-3.01558748,-0.0,True,24,0.6180339887498948,0.38196601
4177,3646521,1.0,2.23457933,0.0,True,24,0.6180339887498948,0.38196601
4178,3647394,1.0,1.20156083,0.0,True,24,0.6180339887498948,0.38196601
4179,3648267,1.0,0.16854234,0.0,True,24,0.6180339887498948,0.38196601
4180,3649140,1.0,-0.86447616,0.0,True,24,0.6180339887498948,0.38196601
4181,3650013,1.0,-1.89749466,0.0,True,24,0.6180339887498948,0.38196601
4182,3650886,1.0,-2.93051315,-0.0,True,24,0.6180339887498948,0.38196601
4183,3651759,1.0,2.31965366,0.0,True,24,0.6180339887498948,0.38196601
4184,3652632,1.0,1.28663516,0.0,True,24,0.6180339887498948,0.38196601
4185,3653505,1.0,0.25361667,0.0,True,24,0.6180339887498948,0.38196601
4186,3654378,1.0,-0.77940183,0.0,True,24,0.6180339887498948,0.38196601
4187,3655251,1.0,-1.81242033,0.0,True,24,0.6180339887498948,0.38196601
4188,3656124,1.0,-2.84543882,0.0,True,24,0.6180339887498948,0.38196601
4189,3656997,1.0,2.40472799,0.0,True,24,0.6180339887498948,0.38196601
4190,3657870,1.0,1.37170949,0.0,True,24,0.6180339887498948,0.38196601
4191,3658743,1.0,0.33869099,0.0,True,24,0.6180339887498948,0.38196601
4192,3659616,1.0,-0.6943275,0.0,True,24,0.6180339887498948,0.38196601
4193,3660489,1.0,-1.727346,0.0,True,24,0.6180339887498948,0.38196601
4194,3661362,1.0,-2.76036449,0.0,True,24,0.6180339887498948,0.38196601
4195,3662235,1.0,2.48980232,-0.0,True,24,0.6180339887498948,0.38196601
4196,3663108,1.0,1.45678382,0.0,True,24,0.6180339887498948,0.38196601
4197,3663981,1.0,0.42376532,-0.0,True,24,0.6180339887498948,0.38196601
4198,3664854,1.0,-0.60925317,0.0,True,24,0.6180339887498948,0.38196601
4199,3665727,1.0,-1.64227167,0.0,True,24,0.6180339887498948,0.38196601
4200,3666600,1.0,-2.67529017,0.0,True,24,0.6180339887498948,0.38196601
4201,3667473,1.0,2.57487665,0.0,True,24,0.6180339887498948,0.38196601
4202,3668346,1.0,1.54185815,0.0,True,24,0.6180339887498948,0.38196601
4203,3669219,1.0,0.50883965,0.0,True,24,0.6180339887498948,0.38196601
4204,3670092,1.0,-0.52417884,0.0,True,24,0.6180339887498948,0.38196601
4205,3670965,1.0,-1.55719734,0.0,True,24,0.6180339887498948,0.38196601
4206,3671838,1.0,-2.59021584,0.0,True,24,0.6180339887498948,0.38196601
4207,3672711,1.0,2.65995097,0.0,True,24,0.6180339887498948,0.38196601
4208,3673584,1.0,1.62693248,0.0,True,24,0.6180339887498948,0.38196601
4209,3674457,1.0,0.59391398,0.0,True,24,0.6180339887498948,0.38196601
4210,3675330,1.0,-0.43910451,0.0,True,24,0.6180339887498948,0.38196601
4211,3676203,1.0,-1.47212301,-0.0,True,24,0.6180339887498948,0.38196601
4212,3677076,1.0,-2.50514151,0.0,True,24,0.6180339887498948,0.38196601
4213,3677949,1.0,2.7450253,0.0,True,24,0.6180339887498948,0.38196601
4214,3678822,1.0,1.71200681,0.0,True,24,0.6180339887498948,0.38196601
4215,3679695,1.0,0.67898831,0.0,True,24,0.6180339887498948,0.38196601
4216,3680568,1.0,-0.35403019,-0.0,True,24,0.6180339887498948,0.38196601
4217,3681441,1.0,-1.38704868,0.0,True,24,0.6180339887498948,0.38196601
4218,3682314,1.0,-2.42006718,0.0,True,24,0.6180339887498948,0.38196601
4219,3683187,1.0,2.83009963,0.0,True,24,0.6180339887498948,0.38196601
4220,3684060,1.0,1.79708114,0.0,True,24,0.6180339887498948,0.38196601
4221,3684933,1.0,0.76406264,0.0,True,24,0.6180339887498948,0.38196601
4222,3685806,1.0,-0.26895586,-0.0,True,24,0.6180339887498948,0.38196601
4223,3686679,1.0,-1.30197435,0.0,True,24,0.6180339887498948,0.38196601
4224,3687552,1.0,-2.33499285,0.0,True,24,0.6180339887498948,0.38196601
4225,3688425,1.0,2.91517396,-0.0,True,24,0.6180339887498948,0.38196601
4226,3689298,1.0,1.88215547,0.0,True,24,0.6180339887498948,0.38196601
4227,3690171,1.0,0.84913697,0.0,True,24,0.6180339887498948,0.38196601
4228,3691044,1.0,-0.18388153,0.0,True,24,0.6180339887498948,0.38196601
4229,3691917,1.0,-1.21690002,0.0,True,24,0.6180339887498948,0.38196601
4230,3692790,1.0,-2.24991852,-0.0,True,24,0.6180339887498948,0.38196601
4231,3693663,1.0,3.00024829,-0.0,True,24,0.6180339887498948,0.38196601
4232,3694536,1.0,1.96722979,0.0,True,24,0.6180339887498948,0.38196601
4233,3695409,1.0,0.9342113,0.0,True,24,0.6180339887498948,0.38196601
4234,3696282,1.0,-0.0988072,-0.0,True,24,0.6180339887498948,0.38196601
4235,3697155,1.0,-1.13182569,0.0,True,24,0.6180339887498948,0.38196601
4236,3698028,1.0,-2.16484419,0.0,True,24,0.6180339887498948,0.38196601
4237,3698901,1.0,3.08532262,0.0,True,24,0.6180339887498948,0.38196601
4238,3699774,1.0,2.05230412,0.0,True,24,0.6180339887498948,0.38196601
4239,3700647,1.0,1.01928563,0.0,True,24,0.6180339887498948,0.38196601
4240,3701520,1.0,-0.01373287,0.0,True,24,0.6180339887498948,0.38196601
4241,3702393,1.0,-1.04675137,0.0,True,24,0.6180339887498948,0.38196601
4242,3703266,1.0,-2.07976986,0.0,True,24,0.6180339887498948,0.38196601
4243,3704139,1.0,-3.11278836,-0.0,True,24,0.6180339887498948,0.38196601
4244,3705012,1.0,2.13737845,0.0,True,24,0.6180339887498948,0.38196601
4245,3705885,1.0,1.10435996,-0.0,True,24,0.6180339887498948,0.38196601
4246,3706758,1.0,0.07134146,0.0,True,24,0.6180339887498948,0.38196601
4247,3707631,1.0,-0.96167704,0.0,True,24,0.6180339887498948,0.38196601
4248,3708504,1.0,-1.99469553,0.0,True,24,0.6180339887498948,0.38196601
4249,3709377,1.0,-3.02771403,0.0,True,24,0.6180339887498948,0.38196601
4250,3710250,1.0,2.22245278,0.0,True,24,0.6180339887498948,0.38196601
4251,3711123,1.0,1.18943429,0.0,True,24,0.6180339887498948,0.38196601
4252,3711996,1.0,0.15641579,0.0,True,24,0.6180339887498948,0.38196601
4253,3712869,1.0,-0.87660271,0.0,True,24,0.6180339887498948,0.38196601
4254,3713742,1.0,-1.9096212,-0.0,True,24,0.6180339887498948,0.38196601
4255,3714615,1.0,-2.9426397,0.0,True,24,0.6180339887498948,0.38196601
4256,3715488,1.0,2.30752711,0.0,True,24,0.6180339887498948,0.38196601
4257,3716361,1.0,1.27450861,0.0,True,24,0.6180339887498948,0.38196601
4258,3717234,1.0,0.24149012,-0.0,True,24,0.6180339887498948,0.38196601
4259,3718107,1.0,-0.79152838,0.0,True,24,0.6180339887498948,0.38196601
4260,3718980,1.0,-1.82454687,0.0,True,24,0.6180339887498948,0.38196601
4261,3719853,1.0,-2.85756537,0.0,True,24,0.6180339887498948,0.38196601
4262,3720726,1.0,2.39260144,0.0,True,24,0.6180339887498948,0.38196601
4263,3721599,1.0,1.35958294,0.0,True,24,0.6180339887498948,0.38196601
4264,3722472,1.0,0.32656445,0.0,True,24,0.6180339887498948,0.38196601
4265,3723345,1.0,-0.70645405,0.0,True,24,0.6180339887498948,0.38196601
4266,3724218,1.0,-1.73947255,0.0,True,24,0.6180339887498948,0.38196601
4267,3725091,1.0,-2.77249104,0.0,True,24,0.6180339887498948,0.38196601
4268,3725964,1.0,2.47767577,0.0,True,24,0.6180339887498948,0.38196601
4269,3726837,1.0,1.44465727,0.0,True,24,0.6180339887498948,0.38196601
4270,3727710,1.0,0.41163878,-0.0,True,24,0.6180339887498948,0.38196601
4271,3728583,1.0,-0.62137972,0.0,True,24,0.6180339887498948,0.38196601
4272,3729456,1.0,-1.65439822,0.0,True,24,0.6180339887498948,0.38196601
4273,3730329,1.0,-2.68741671,0.0,True,24,0.6180339887498948,0.38196601
4274,3731202,1.0,2.5627501,0.0,True,24,0.6180339887498948,0.38196601
4275,3732075,1.0,1.5297316,-0.0,True,24,0.6180339887498948,0.38196601
4276,3732948,1.0,0.49671311,0.0,True,24,0.6180339887498948,0.38196601
4277,3733821,1.0,-0.53630539,0.0,True,24,0.6180339887498948,0.38196601
4278,3734694,1.0,-1.56932389,-0.0,True,24,0.6180339887498948,0.38196601
4279,3735567,1.0,-2.60234238,0.0,True,24,0.6180339887498948,0.38196601
4280,3736440,1.0,2.64782443,0.0,True,24,0.6180339887498948,0.38196601
4281,3737313,1.0,1.61480593,-0.0,True,24,0.6180339887498948,0.38196601
4282,3738186,1.0,0.58178743,0.0,True,24,0.6180339887498948,0.38196601
4283,3739059,1.0,-0.45123106,0.0,True,24,0.6180339887498948,0.38196601
4284,3739932,1.0,-1.48424956,0.0,True,24,0.6180339887498948,0.38196601
4285,3740805,1.0,-2.51726805,0.0,True,24,0.6180339887498948,0.38196601
4286,3741678,1.0,2.73289876,0.0,True,24,0.6180339887498948,0.38196601
4287,3742551,1.0,1.69988026,0.0,True,24,0.6180339887498948,0.38196601
4288,3743424,1.0,0.66686176,0.0,True,24,0.6180339887498948,0.38196601
4289,3744297,1.0,-0.36615673,-0.0,True,24,0.6180339887498948,0.38196601
4290,3745170,1.0,-1.39917523,0.0,True,24,0.6180339887498948,0.38196601
4291,3746043,1.0,-2.43219373,0.0,True,24,0.6180339887498948,0.38196601
4292,3746916,1.0,2.81797309,-0.0,True,24,0.6180339887498948,0.38196601
4293,3747789,1.0,1.78495459,0.0,True,24,0.6180339887498948,0.38196601
4294,3748662,1.0,0.75193609,0.0,True,24,0.6180339887498948,0.38196601
4295,3749535,1.0,-0.2810824,-0.0,True,24,0.6180339887498948,0.38196601
4296,3750408,1.0,-1.3141009,0.0,True,24,0.6180339887498948,0.38196601
4297,3751281,1.0,-2.3471194,0.0,True,24,0.6180339887498948,0.38196601
4298,3752154,1.0,2.90304741,0.0,True,24,0.6180339887498948,0.38196601
4299,3753027,1.0,1.87002892,0.0,True,24,0.6180339887498948,0.38196601
4300,3753900,1.0,0.83701042,0.0,True,24,0.6180339887498948,0.38196601
4301,3754773,1.0,-0.19600807,0.0,True,24,0.6180339887498948,0.38196601
4302,3755646,1.0,-1.22902657,0.0,True,24,0.6180339887498948,0.38196601
4303,3756519,1.0,-2.26204507,0.0,True,24,0.6180339887498948,0.38196601
4304,3757392,1.0,2.98812174,-0.0,True,24,0.6180339887498948,0.38196601
4305,3758265,1.0,1.95510325,0.0,True,24,0.6180339887498948,0.38196601
4306,3759138,1.0,0.92208475,-0.0,True,24,0.6180339887498948,0.38196601
4307,3760011,1.0,-0.11093375,0.0,True,24,0.6180339887498948,0.38196601
4308,3760884,1.0,-1.14395224,0.0,True,24,0.6180339887498948,0.38196601
4309,3761757,1.0,-2.17697074,0.0,True,24,0.6180339887498948,0.38196601
4310,3762630,1.0,3.07319607,0.0,True,24,0.6180339887498948,0.38196601
4311,3763503,1.0,2.04017758,0.0,True,24,0.6180339887498948,0.38196601
4312,3764376,1.0,1.00715908,0.0,True,24,0.6180339887498948,0.38196601
4313,3765249,1.0,-0.02585942,-0.0,True,24,0.6180339887498948,0.38196601
4314,3766122,1.0,-1.05887791,-0.0,True,24,0.6180339887498948,0.38196601
4315,3766995,1.0,-2.09189641,0.0,True,24,0.6180339887498948,0.38196601
4316,3767868,1.0,-3.12491491,0.0,True,24,0.6180339887498948,0.38196601
4317,3768741,1.0,2.12525191,0.0,True,24,0.6180339887498948,0.38196601
4318,3769614,1.0,1.09223341,0.0,True,24,0.6180339887498948,0.38196601
4319,3770487,1.0,0.05921491,0.0,True,24,0.6180339887498948,0.38196601
4320,3771360,1.0,-0.97380358,0.0,True,24,0.6180339887498948,0.38196601
4321,3772233,1.0,-2.00682208,0.0,True,24,0.6180339887498948,0.38196601
4322,3773106,1.0,-3.03984058,0.0,True,24,0.6180339887498948,0.38196601
4323,3773979,1.0,2.21032623,0.0,True,24,0.6180339887498948,0.38196601
4324,3774852,1.0,1.17730774,0.0,True,24,0.6180339887498948,0.38196601
4325,3775725,1.0,0.14428924,0.0,True,24,0.6180339887498948,0.38196601
4326,3776598,1.0,-0.88872925,0.0,True,24,0.6180339887498948,0.38196601
4327,3777471,1.0,-1.92174775,0.0,True,24,0.6180339887498948,0.38196601
4328,3778344,1.0,-2.95476625,0.0,True,24,0.6180339887498948,0.38196601
4329,3779217,1.0,2.29540056,0.0,True,24,0.6180339887498948,0.38196601
4330,3780090,1.0,1.26238207,-0.0,True,24,0.6180339887498948,0.38196601
4331,3780963,1.0,0.22936357,-0.0,True,24,0.6180339887498948,0.38196601
4332,3781836,1.0,-0.80365493,0.0,True,24,0.6180339887498948,0.38196601
4333,3782709,1.0,-1.83667342,0.0,True,24,0.6180339887498948,0.38196601
4334,3783582,1.0,-2.86969192,0.0,True,24,0.6180339887498948,0.38196601
4335,3784455,1.0,2.38047489,0.0,True,24,0.6180339887498948,0.38196601
4336,3785328,1.0,1.3474564,0.0,True,24,0.6180339887498948,0.38196601
4337,3786201,1.0,0.3144379,0.0,True,24,0.6180339887498948,0.38196601
4338,3787074,1.0,-0.7185806,0.0,True,24,0.6180339887498948,0.38196601
4339,3787947,1.0,-1.75159909,-0.0,True,24,0.6180339887498948,0.38196601
4340,3788820,1.0,-2.78461759,0.0,True,24,0.6180339887498948,0.38196601
4341,3789693,1.0,2.46554922,0.0,True,24,0.6180339887498948,0.38196601
4342,3790566,1.0,1.43253072,0.0,True,24,0.6180339887498948,0.38196601
4343,3791439,1.0,0.39951223,0.0,True,24,0.6180339887498948,0.38196601
4344,3792312,1.0,-0.63350627,0.0,True,24,0.6180339887498948,0.38196601
4345,3793185,1.0,-1.66652476,-0.0,True,24,0.6180339887498948,0.38196601
4346,3794058,1.0,-2.69954326,0.0,True,24,0.6180339887498948,0.38196601
4347,3794931,1.0,2.55062355,0.0,True,24,0.6180339887498948,0.38196601
4348,3795804,1.0,1.51760505,0.0,True,24,0.6180339887498948,0.38196601
4349,3796677,1.0,0.48458656,0.0,True,24,0.6180339887498948,0.38196601
4350,3797550,1.0,-0.54843194,0.0,True,24,0.6180339887498948,0.38196601
4351,3798423,1.0,-1.58145044,0.0,True,24,0.6180339887498948,0.38196601
4352,3799296,1.0,-2.61446893,0.0,True,24,0.6180339887498948,0.38196601
4353,3800169,1.0,2.63569788,0.0,True,24,0.6180339887498948,0.38196601
4354,3801042,1.0,1.60267938,0.0,True,24,0.6180339887498948,0.38196601
4355,3801915,1.0,0.56966089,0.0,True,24,0.6180339887498948,0.38196601
4356,3802788,1.0,-0.46335761,0.0,True,24,0.6180339887498948,0.38196601
4357,3803661,1.0,-1.49637611,0.0,True,24,0.6180339887498948,0.38196601
4358,3804534,1.0,-2.5293946,0.0,True,24,0.6180339887498948,0.38196601
4359,3805407,1.0,2.72077221,0.0,True,24,0.6180339887498948,0.38196601
4360,3806280,1.0,1.68775371,0.0,True,24,0.6180339887498948,0.38196601
4361,3807153,1.0,0.65473522,0.0,True,24,0.6180339887498948,0.38196601
4362,3808026,1.0,-0.37828328,0.0,True,24,0.6180339887498948,0.38196601
4363,3808899,1.0,-1.41130178,0.0,True,24,0.6180339887498948,0.38196601
4364,3809772,1.0,-2.44432027,0.0,True,24,0.6180339887498948,0.38196601
4365,3810645,1.0,2.80584654,0.0,True,24,0.6180339887498948,0.38196601
4366,3811518,1.0,1.77282804,0.0,True,24,0.6180339887498948,0.38196601
4367,3812391,1.0,0.73980954,0.0,True,24,0.6180339887498948,0.38196601
4368,3813264,1.0,-0.29320895,0.0,True,24,0.6180339887498948,0.38196601
4369,3814137,1.0,-1.32622745,0.0,True,24,0.6180339887498948,0.38196601
4370,3815010,1.0,-2.35924594,0.0,True,24,0.6180339887498948,0.38196601
4371,3815883,1.0,2.89092087,0.0,True,24,0.6180339887498948,0.38196601
4372,3816756,1.0,1.85790237,-0.0,True,24,0.6180339887498948,0.38196601
4373,3817629,1.0,0.82488387,0.0,True,24,0.6180339887498948,0.38196601
4374,3818502,1.0,-0.20813462,0.0,True,24,0.6180339887498948,0.38196601
4375,3819375,1.0,-1.24115312,0.0,True,24,0.6180339887498948,0.38196601
4376,3820248,1.0,-2.27417162,0.0,True,24,0.6180339887498948,0.38196601
4377,3821121,1.0,2.9759952,0.0,True,24,0.6180339887498948,0.38196601
4378,3821994,1.0,1.9429767,0.0,True,24,0.6180339887498948,0.38196601
4379,3822867,1.0,0.9099582,0.0,True,24,0.6180339887498948,0.38196601
4380,3823740,1.0,-0.12306029,0.0,True,24,0.6180339887498948,0.38196601
4381,3824613,1.0,-1.15607879,-0.0,True,24,0.6180339887498948,0.38196601
4382,3825486,1.0,-2.18909729,-0.0,True,24,0.6180339887498948,0.38196601
4383,3826359,1.0,3.06106952,-0.0,True,24,0.6180339887498948,0.38196601
4384,3827232,1.0,2.02805103,0.0,True,24,0.6180339887498948,0.38196601
4385,3828105,1.0,0.99503253,-0.0,True,24,0.6180339887498948,0.38196601
4386,3828978,1.0,-0.03798596,-0.0,True,24,0.6180339887498948,0.38196601
4387,3829851,1.0,-1.07100446,-0.0,True,24,0.6180339887498948,0.38196601
4388,3830724,1.0,-2.10402296,0.0,True,24,0.6180339887498948,0.38196601
4389,3831597,1.0,-3.13704145,0.0,True,24,0.6180339887498948,0.38196601
4390,3832470,1.0,2.11312536,0.0,True,24,0.6180339887498948,0.38196601
4391,3833343,1.0,1.08010686,0.0,True,24,0.6180339887498948,0.38196601
4392,3834216,1.0,0.04708836,0.0,True,24,0.6180339887498948,0.38196601
4393,3835089,1.0,-0.98593013,0.0,True,24,0.6180339887498948,0.38196601
4394,3835962,1.0,-2.01894863,0.0,True,24,0.6180339887498948,0.38196601
4395,3836835,1.0,-3.05196712,0.0,True,24,0.6180339887498948,0.38196601
4396,3837708,1.0,2.19819969,0.0,True,24,0.6180339887498948,0.38196601
4397,3838581,1.0,1.16518119,0.0,True,24,0.6180339887498948,0.38196601
4398,3839454,1.0,0.13216269,0.0,True,24,0.6180339887498948,0.38196601
4399,3840327,1.0,-0.9008558,-0.0,True,24,0.6180339887498948,0.38196601
4400,3841200,1.0,-1.9338743,0.0,True,24,0.6180339887498948,0.38196601
4401,3842073,1.0,-2.9668928,0.0,True,24,0.6180339887498948,0.38196601
4402,3842946,1.0,2.28327402,0.0,True,24,0.6180339887498948,0.38196601
4403,3843819,1.0,1.25025552,0.0,True,24,0.6180339887498948,0.38196601
4404,3844692,1.0,0.21723702,0.0,True,24,0.6180339887498948,0.38196601
4405,3845565,1.0,-0.81578147,0.0,True,24,0.6180339887498948,0.38196601
4406,3846438,1.0,-1.84879997,0.0,True,24,0.6180339887498948,0.38196601
4407,3847311,1.0,-2.88181847,0.0,True,24,0.6180339887498948,0.38196601
4408,3848184,1.0,2.36834834,0.0,True,24,0.6180339887498948,0.38196601
4409,3849057,1.0,1.33532985,0.0,True,24,0.6180339887498948,0.38196601
4410,3849930,1.0,0.30231135,0.0,True,24,0.6180339887498948,0.38196601
4411,3850803,1.0,-0.73070714,0.0,True,24,0.6180339887498948,0.38196601
4412,3851676,1.0,-1.76372564,0.0,True,24,0.6180339887498948,0.38196601
4413,3852549,1.0,-2.79674414,0.0,True,24,0.6180339887498948,0.38196601
4414,3853422,1.0,2.45342267,0.0,True,24,0.6180339887498948,0.38196601
4415,3854295,1.0,1.42040418,0.0,True,24,0.6180339887498948,0.38196601
4416,3855168,1.0,0.38738568,0.0,True,24,0.6180339887498948,0.38196601
4417,3856041,1.0,-0.64563282,0.0,True,24,0.6180339887498948,0.38196601
4418,3856914,1.0,-1.67865131,0.0,True,24,0.6180339887498948,0.38196601
4419,3857787,1.0,-2.71166981,0.0,True,24,0.6180339887498948,0.38196601
4420,3858660,1.0,2.538497,0.0,True,24,0.6180339887498948,0.38196601
4421,3859533,1.0,1.50547851,0.0,True,24,0.6180339887498948,0.38196601
4422,3860406,1.0,0.47246001,0.0,True,24,0.6180339887498948,0.38196601
4423,3861279,1.0,-0.56055849,0.0,True,24,0.6180339887498948,0.38196601
4424,3862152,1.0,-1.59357698,-0.0,True,24,0.6180339887498948,0.38196601
4425,3863025,1.0,-2.62659548,0.0,True,24,0.6180339887498948,0.38196601
4426,3863898,1.0,2.62357133,0.0,True,24,0.6180339887498948,0.38196601
4427,3864771,1.0,1.59055284,0.0,True,24,0.6180339887498948,0.38196601
4428,3865644,1.0,0.55753434,0.0,True,24,0.6180339887498948,0.38196601
4429,3866517,1.0,-0.47548416,0.0,True,24,0.6180339887498948,0.38196601
4430,3867390,1.0,-1.50850265,-0.0,True,24,0.6180339887498948,0.38196601
4431,3868263,1.0,-2.54152115,0.0,True,24,0.6180339887498948,0.38196601
4432,3869136,1.0,2.70864566,0.0,True,24,0.6180339887498948,0.38196601
4433,3870009,1.0,1.67562716,-0.0,True,24,0.6180339887498948,0.38196601
4434,3870882,1.0,0.64260867,0.0,True,24,0.6180339887498948,0.38196601
4435,3871755,1.0,-0.39040983,0.0,True,24,0.6180339887498948,0.38196601
4436,3872628,1.0,-1.42342832,0.0,True,24,0.6180339887498948,0.38196601
4437,3873501,1.0,-2.45644682,0.0,True,24,0.6180339887498948,0.38196601
4438,3874374,1.0,2.79371999,0.0,True,24,0.6180339887498948,0.38196601
4439,3875247,1.0,1.76070149,0.0,True,24,0.6180339887498948,0.38196601
4440,3876120,1.0,0.727683,0.0,True,24,0.6180339887498948,0.38196601
4441,3876993,1.0,-0.3053355,0.0,True,24,0.6180339887498948,0.38196601
4442,3877866,1.0,-1.338354,0.0,True,24,0.6180339887498948,0.38196601
4443,3878739,1.0,-2.37137249,0.0,True,24,0.6180339887498948,0.38196601
4444,3879612,1.0,2.87879432,-0.0,True,24,0.6180339887498948,0.38196601
4445,3880485,1.0,1.84577582,0.0,True,24,0.6180339887498948,0.38196601
4446,3881358,1.0,0.81275733,0.0,True,24,0.6180339887498948,0.38196601
4447,3882231,1.0,-0.22026117,0.0,True,24,0.6180339887498948,0.38196601
4448,3883104,1.0,-1.25327967,0.0,True,24,0.6180339887498948,0.38196601
4449,3883977,1.0,-2.28629816,-0.0,True,24,0.6180339887498948,0.38196601
4450,3884850,1.0,2.96386865,-0.0,True,24,0.6180339887498948,0.38196601
4451,3885723,1.0,1.93085015,-0.0,True,24,0.6180339887498948,0.38196601
4452,3886596,1.0,0.89783166,-0.0,True,24,0.6180339887498948,0.38196601
4453,3887469,1.0,-0.13518684,0.0,True,24,0.6180339887498948,0.38196601
4454,3888342,1.0,-1.16820534,0.0,True,24,0.6180339887498948,0.38196601
4455,3889215,1.0,-2.20122383,0.0,True,24,0.6180339887498948,0.38196601
4456,3890088,1.0,3.04894298,0.0,True,24,0.6180339887498948,0.38196601
4457,3890961,1.0,2.01592448,0.0,True,24,0.6180339887498948,0.38196601
4458,3891834,1.0,0.98290598,0.0,True,24,0.6180339887498948,0.38196601
4459,3892707,1.0,-0.05011251,0.0,True,24,0.6180339887498948,0.38196601
4460,3893580,1.0,-1.08313101,0.0,True,24,0.6180339887498948,0.38196601
4461,3894453,1.0,-2.1161495,0.0,True,24,0.6180339887498948,0.38196601
4462,3895326,1.0,3.13401731,0.0,True,24,0.6180339887498948,0.38196601
4463,3896199,1.0,2.10099881,0.0,True,24,0.6180339887498948,0.38196601
4464,3897072,1.0,1.06798031,0.0,True,24,0.6180339887498948,0.38196601
4465,3897945,1.0,0.03496182,0.0,True,24,0.6180339887498948,0.38196601
4466,3898818,1.0,-0.99805668,0.0,True,24,0.6180339887498948,0.38196601
4467,3899691,1.0,-2.03107518,0.0,True,24,0.6180339887498948,0.38196601
4468,3900564,1.0,-3.06409367,0.0,True,24,0.6180339887498948,0.38196601
4469,3901437,1.0,2.18607314,0.0,True,24,0.6180339887498948,0.38196601
4470,3902310,1.0,1.15305464,0.0,True,24,0.6180339887498948,0.38196601
4471,3903183,1.0,0.12003615,-0.0,True,24,0.6180339887498948,0.38196601
4472,3904056,1.0,-0.91298235,0.0,True,24,0.6180339887498948,0.38196601
4473,3904929,1.0,-1.94600085,0.0,True,24,0.6180339887498948,0.38196601
4474,3905802,1.0,-2.97901934,0.0,True,24,0.6180339887498948,0.38196601
4475,3906675,1.0,2.27114747,0.0,True,24,0.6180339887498948,0.38196601
4476,3907548,1.0,1.23812897,0.0,True,24,0.6180339887498948,0.38196601
4477,3908421,1.0,0.20511048,0.0,True,24,0.6180339887498948,0.38196601
4478,3909294,1.0,-0.82790802,0.0,True,24,0.6180339887498948,0.38196601
4479,3910167,1.0,-1.86092652,-0.0,True,24,0.6180339887498948,0.38196601
4480,3911040,1.0,-2.89394501,0.0,True,24,0.6180339887498948,0.38196601
4481,3911913,1.0,2.3562218,0.0,True,24,0.6180339887498948,0.38196601
4482,3912786,1.0,1.3232033,0.0,True,24,0.6180339887498948,0.38196601
4483,3913659,1.0,0.2901848,-0.0,True,24,0.6180339887498948,0.38196601
4484,3914532,1.0,-0.74283369,0.0,True,24,0.6180339887498948,0.38196601
4485,3915405,1.0,-1.77585219,0.0,True,24,0.6180339887498948,0.38196601
4486,3916278,1.0,-2.80887068,0.0,True,24,0.6180339887498948,0.38196601
4487,3917151,1.0,2.44129613,0.0,True,24,0.6180339887498948,0.38196601
4488,3918024,1.0,1.40827763,0.0,True,24,0.6180339887498948,0.38196601
4489,3918897,1.0,0.37525913,0.0,True,24,0.6180339887498948,0.38196601
4490,3919770,1.0,-0.65775936,0.0,True,24,0.6180339887498948,0.38196601
4491,3920643,1.0,-1.69077786,0.0,True,24,0.6180339887498948,0.38196601
4492,3921516,1.0,-2.72379636,0.0,True,24,0.6180339887498948,0.38196601
4493,3922389,1.0,2.52637046,0.0,True,24,0.6180339887498948,0.38196601
4494,3923262,1.0,1.49335196,-0.0,True,24,0.6180339887498948,0.38196601
4495,3924135,1.0,0.46033346,0.0,True,24,0.6180339887498948,0.38196601
4496,3925008,1.0,-0.57268503,0.0,True,24,0.6180339887498948,0.38196601
4497,3925881,1.0,-1.60570353,0.0,True,24,0.6180339887498948,0.38196601
4498,3926754,1.0,-2.63872203,0.0,True,24,0.6180339887498948,0.38196601
4499,3927627,1.0,2.61144478,0.0,True,24,0.6180339887498948,0.38196601
4500,3928500,1.0,1.57842629,0.0,True,24,0.6180339887498948,0.38196601
4501,3929373,1.0,0.54540779,0.0,True,24,0.6180339887498948,0.38196601
4502,3930246,1.0,-0.4876107,0.0,True,24,0.6180339887498948,0.38196601
4503,3931119,1.0,-1.5206292,0.0,True,24,0.6180339887498948,0.38196601
4504,3931992,1.0,-2.5536477,0.0,True,24,0.6180339887498948,0.38196601
4505,3932865,1.0,2.69651911,0.0,True,24,0.6180339887498948,0.38196601
4506,3933738,1.0,1.66350062,-0.0,True,24,0.6180339887498948,0.38196601
4507,3934611,1.0,0.63048212,0.0,True,24,0.6180339887498948,0.38196601
4508,3935484,1.0,-0.40253638,0.0,True,24,0.6180339887498948,0.38196601
4509,3936357,1.0,-1.43555487,0.0,True,24,0.6180339887498948,0.38196601
4510,3937230,1.0,-2.46857337,-0.0,True,24,0.6180339887498948,0.38196601
4511,3938103,1.0,2.78159344,0.0,True,24,0.6180339887498948,0.38196601
4512,3938976,1.0,1.74857495,-0.0,True,24,0.6180339887498948,0.38196601
4513,3939849,1.0,0.71555645,0.0,True,24,0.6180339887498948,0.38196601
4514,3940722,1.0,-0.31746205,-0.0,True,24,0.6180339887498948,0.38196601
4515,3941595,1.0,-1.35048054,0.0,True,24,0.6180339887498948,0.38196601
4516,3942468,1.0,-2.38349904,0.0,True,24,0.6180339887498948,0.38196601
4517,3943341,1.0,2.86666777,0.0,True,24,0.6180339887498948,0.38196601
4518,3944214,1.0,1.83364927,-0.0,True,24,0.6180339887498948,0.38196601
4519,3945087,1.0,0.80063078,0.0,True,24,0.6180339887498948,0.38196601
4520,3945960,1.0,-0.23238772,0.0,True,24,0.6180339887498948,0.38196601
4521,3946833,1.0,-1.26540621,0.0,True,24,0.6180339887498948,0.38196601
4522,3947706,1.0,-2.29842471,0.0,True,24,0.6180339887498948,0.38196601
4523,3948579,1.0,2.9517421,0.0,True,24,0.6180339887498948,0.38196601
4524,3949452,1.0,1.9187236,0.0,True,24,0.6180339887498948,0.38196601
4525,3950325,1.0,0.88570511,0.0,True,24,0.6180339887498948,0.38196601
4526,3951198,1.0,-0.14731339,0.0,True,24,0.6180339887498948,0.38196601
4527,3952071,1.0,-1.18033189,0.0,True,24,0.6180339887498948,0.38196601
4528,3952944,1.0,-2.21335038,0.0,True,24,0.6180339887498948,0.38196601
4529,3953817,1.0,3.03681643,0.0,True,24,0.6180339887498948,0.38196601
4530,3954690,1.0,2.00379793,-0.0,True,24,0.6180339887498948,0.38196601
4531,3955563,1.0,0.97077944,0.0,True,24,0.6180339887498948,0.38196601
4532,3956436,1.0,-0.06223906,-0.0,True,24,0.6180339887498948,0.38196601
4533,3957309,1.0,-1.09525756,0.0,True,24,0.6180339887498948,0.38196601
4534,3958182,1.0,-2.12827605,0.0,True,24,0.6180339887498948,0.38196601
4535,3959055,1.0,3.12189076,-0.0,True,24,0.6180339887498948,0.38196601
4536,3959928,1.0,2.08887226,0.0,True,24,0.6180339887498948,0.38196601
4537,3960801,1.0,1.05585377,0.0,True,24,0.6180339887498948,0.38196601
4538,3961674,1.0,0.02283527,0.0,True,24,0.6180339887498948,0.38196601
4539,3962547,1.0,-1.01018323,0.0,True,24,0.6180339887498948,0.38196601
4540,3963420,1.0,-2.04320172,0.0,True,24,0.6180339887498948,0.38196601
4541,3964293,1.0,-3.07622022,0.0,True,24,0.6180339887498948,0.38196601
4542,3965166,1.0,2.17394659,0.0,True,24,0.6180339887498948,0.38196601
4543,3966039,1.0,1.14092809,0.0,True,24,0.6180339887498948,0.38196601
4544,3966912,1.0,0.1079096,0.0,True,24,0.6180339887498948,0.38196601
4545,3967785,1.0,-0.9251089,0.0,True,24,0.6180339887498948,0.38196601
4546,3968658,1.0,-1.95812739,-0.0,True,24,0.6180339887498948,0.38196601
4547,3969531,1.0,-2.99114589,0.0,True,24,0.6180339887498948,0.38196601
4548,3970404,1.0,2.25902092,0.0,True,24,0.6180339887498948,0.38196601
4549,3971277,1.0,1.22600242,-0.0,True,24,0.6180339887498948,0.38196601
4550,3972150,1.0,0.19298393,0.0,True,24,0.6180339887498948,0.38196601
4551,3973023,1.0,-0.84003457,0.0,True,24,0.6180339887498948,0.38196601
4552,3973896,1.0,-1.87305307,0.0,True,24,0.6180339887498948,0.38196601
4553,3974769,1.0,-2.90607156,0.0,True,24,0.6180339887498948,0.38196601
4554,3975642,1.0,2.34409525,0.0,True,24,0.6180339887498948,0.38196601
4555,3976515,1.0,1.31107675,0.0,True,24,0.6180339887498948,0.38196601
4556,3977388,1.0,0.27805826,0.0,True,24,0.6180339887498948,0.38196601
4557,3978261,1.0,-0.75496024,0.0,True,24,0.6180339887498948,0.38196601
4558,3979134,1.0,-1.78797874,0.0,True,24,0.6180339887498948,0.38196601
4559,3980007,1.0,-2.82099723,0.0,True,24,0.6180339887498948,0.38196601
4560,3980880,1.0,2.42916958,0.0,True,24,0.6180339887498948,0.38196601
4561,3981753,1.0,1.39615108,0.0,True,24,0.6180339887498948,0.38196601
4562,3982626,1.0,0.36313259,0.0,True,24,0.6180339887498948,0.38196601
4563,3983499,1.0,-0.66988591,0.0,True,24,0.6180339887498948,0.38196601
4564,3984372,1.0,-1.70290441,0.0,True,24,0.6180339887498948,0.38196601
4565,3985245,1.0,-2.7359229,-0.0,True,24,0.6180339887498948,0.38196601
4566,3986118,1.0,2.51424391,0.0,True,24,0.6180339887498948,0.38196601
4567,3986991,1.0,1.48122541,0.0,True,24,0.6180339887498948,0.38196601
4568,3987864,1.0,0.44820691,0.0,True,24,0.6180339887498948,0.38196601
4569,3988737,1.0,-0.58481158,0.0,True,24,0.6180339887498948,0.38196601
4570,3989610,1.0,-1.61783008,0.0,True,24,0.6180339887498948,0.38196601
4571,3990483,1.0,-2.65084857,0.0,True,24,0.6180339887498948,0.38196601
4572,3991356,1.0,2.59931824,0.0,True,24,0.6180339887498948,0.38196601
4573,3992229,1.0,1.56629974,0.0,True,24,0.6180339887498948,0.38196601
4574,3993102,1.0,0.53328124,0.0,True,24,0.6180339887498948,0.38196601
4575,3993975,1.0,-0.49973725,0.0,True,24,0.6180339887498948,0.38196601
4576,3994848,1.0,-1.53275575,0.0,True,24,0.6180339887498948,0.38196601
4577,3995721,1.0,-2.56577425,0.0,True,24,0.6180339887498948,0.38196601
4578,3996594,1.0,2.68439257,0.0,True,24,0.6180339887498948,0.38196601
4579,3997467,1.0,1.65137407,0.0,True,24,0.6180339887498948,0.38196601
4580,3998340,1.0,0.61835557,0.0,True,24,0.6180339887498948,0.38196601
4581,3999213,1.0,-0.41466292,0.0,True,24,0.6180339887498948,0.38196601
4582,4000086,1.0,-1.44768142,0.0,True,24,0.6180339887498948,0.38196601
4583,4000959,1.0,-2.48069992,0.0,True,24,0.6180339887498948,0.38196601
4584,4001832,1.0,2.76946689,0.0,True,24,0.6180339887498948,0.38196601
4585,4002705,1.0,1.7364484,0.0,True,24,0.6180339887498948,0.38196601
4586,4003578,1.0,0.7034299,0.0,True,24,0.6180339887498948,0.38196601
4587,4004451,1.0,-0.32958859,0.0,True,24,0.6180339887498948,0.38196601
4588,4005324,1.0,-1.36260709,0.0,True,24,0.6180339887498948,0.38196601
4589,4006197,1.0,-2.39562559,0.0,True,24,0.6180339887498948,0.38196601
4590,4007070,1.0,2.85454122,0.0,True,24,0.6180339887498948,0.38196601
4591,4007943,1.0,1.82152273,-0.0,True,24,0.6180339887498948,0.38196601
4592,4008816,1.0,0.78850423,0.0,True,24,0.6180339887498948,0.38196601
4593,4009689,1.0,-0.24451427,-0.0,True,24,0.6180339887498948,0.38196601
4594,4010562,1.0,-1.27753276,0.0,True,24,0.6180339887498948,0.38196601
4595,4011435,1.0,-2.31055126,0.0,True,24,0.6180339887498948,0.38196601
4596,4012308,1.0,2.93961555,0.0,True,24,0.6180339887498948,0.38196601
4597,4013181,1.0,1.90659706,0.0,True,24,0.6180339887498948,0.38196601
4598,4014054,1.0,0.87357856,0.0,True,24,0.6180339887498948,0.38196601
4599,4014927,1.0,-0.15943994,0.0,True,24,0.6180339887498948,0.38196601
4600,4015800,1.0,-1.19245843,0.0,True,24,0.6180339887498948,0.38196601
4601,4016673,1.0,-2.22547693,0.0,True,24,0.6180339887498948,0.38196601
4602,4017546,1.0,3.02468988,-0.0,True,24,0.6180339887498948,0.38196601
4603,4018419,1.0,1.99167139,0.0,True,24,0.6180339887498948,0.38196601
4604,4019292,1.0,0.95865289,0.0,True,24,0.6180339887498948,0.38196601
4605,4020165,1.0,-0.07436561,0.0,True,24,0.6180339887498948,0.38196601
4606,4021038,1.0,-1.1073841,0.0,True,24,0.6180339887498948,0.38196601
4607,4021911,1.0,-2.1404026,0.0,True,24,0.6180339887498948,0.38196601
4608,4022784,1.0,3.10976421,0.0,True,24,0.6180339887498948,0.38196601
4609,4023657,1.0,2.07674571,0.0,True,24,0.6180339887498948,0.38196601
4610,4024530,1.0,1.04372722,0.0,True,24,0.6180339887498948,0.38196601
4611,4025403,1.0,0.01070872,0.0,True,24,0.6180339887498948,0.38196601
4612,4026276,1.0,-1.02230977,0.0,True,24,0.6180339887498948,0.38196601
4613,4027149,1.0,-2.05532827,0.0,True,24,0.6180339887498948,0.38196601
4614,4028022,1.0,-3.08834677,-0.0,True,24,0.6180339887498948,0.38196601
4615,4028895,1.0,2.16182004,0.0,True,24,0.6180339887498948,0.38196601
4616,4029768,1.0,1.12880155,0.0,True,24,0.6180339887498948,0.38196601
4617,4030641,1.0,0.09578305,0.0,True,24,0.6180339887498948,0.38196601
4618,4031514,1.0,-0.93723545,0.0,True,24,0.6180339887498948,0.38196601
4619,4032387,1.0,-1.97025394,0.0,True,24,0.6180339887498948,0.38196601
4620,4033260,1.0,-3.00327244,0.0,True,24,0.6180339887498948,0.38196601
4621,4034133,1.0,2.24689437,-0.0,True,24,0.6180339887498948,0.38196601
4622,4035006,1.0,1.21387588,-0.0,True,24,0.6180339887498948,0.38196601
4623,4035879,1.0,0.18085738,0.0,True,24,0.6180339887498948,0.38196601
4624,4036752,1.0,-0.85216112,0.0,True,24,0.6180339887498948,0.38196601
4625,4037625,1.0,-1.88517961,-0.0,True,24,0.6180339887498948,0.38196601
4626,4038498,1.0,-2.91819811,0.0,True,24,0.6180339887498948,0.38196601
4627,4039371,1.0,2.3319687,0.0,True,24,0.6180339887498948,0.38196601
4628,4040244,1.0,1.29895021,0.0,True,24,0.6180339887498948,0.38196601
4629,4041117,1.0,0.26593171,0.0,True,24,0.6180339887498948,0.38196601
4630,4041990,1.0,-0.76708679,0.0,True,24,0.6180339887498948,0.38196601
4631,4042863,1.0,-1.80010528,0.0,True,24,0.6180339887498948,0.38196601
4632,4043736,1.0,-2.83312378,-0.0,True,24,0.6180339887498948,0.38196601
4633,4044609,1.0,2.41704303,0.0,True,24,0.6180339887498948,0.38196601
4634,4045482,1.0,1.38402453,0.0,True,24,0.6180339887498948,0.38196601
4635,4046355,1.0,0.35100604,0.0,True,24,0.6180339887498948,0.38196601
4636,4047228,1.0,-0.68201246,0.0,True,24,0.6180339887498948,0.38196601
4637,4048101,1.0,-1.71503095,0.0,True,24,0.6180339887498948,0.38196601
4638,4048974,1.0,-2.74804945,0.0,True,24,0.6180339887498948,0.38196601
4639,4049847,1.0,2.50211736,0.0,True,24,0.6180339887498948,0.38196601
4640,4050720,1.0,1.46909886,0.0,True,24,0.6180339887498948,0.38196601
4641,4051593,1.0,0.43608037,0.0,True,24,0.6180339887498948,0.38196601
4642,4052466,1.0,-0.59693813,0.0,True,24,0.6180339887498948,0.38196601
4643,4053339,1.0,-1.62995663,-0.0,True,24,0.6180339887498948,0.38196601
4644,4054212,1.0,-2.66297512,0.0,True,24,0.6180339887498948,0.38196601
4645,4055085,1.0,2.58719169,0.0,True,24,0.6180339887498948,0.38196601
4646,4055958,1.0,1.55417319,0.0,True,24,0.6180339887498948,0.38196601
4647,4056831,1.0,0.5211547,0.0,True,24,0.6180339887498948,0.38196601
4648,4057704,1.0,-0.5118638,0.0,True,24,0.6180339887498948,0.38196601
4649,4058577,1.0,-1.5448823,0.0,True,24,0.6180339887498948,0.38196601
4650,4059450,1.0,-2.57790079,0.0,True,24,0.6180339887498948,0.38196601
4651,4060323,1.0,2.67226602,0.0,True,24,0.6180339887498948,0.38196601
4652,4061196,1.0,1.63924752,0.0,True,24,0.6180339887498948,0.38196601
4653,4062069,1.0,0.60622903,0.0,True,24,0.6180339887498948,0.38196601
4654,4062942,1.0,-0.42678947,0.0,True,24,0.6180339887498948,0.38196601
4655,4063815,1.0,-1.45980797,-0.0,True,24,0.6180339887498948,0.38196601
4656,4064688,1.0,-2.49282646,-0.0,True,24,0.6180339887498948,0.38196601
4657,4065561,1.0,2.75734035,0.0,True,24,0.6180339887498948,0.38196601
4658,4066434,1.0,1.72432185,0.0,True,24,0.6180339887498948,0.38196601
4659,4067307,1.0,0.69130335,0.0,True,24,0.6180339887498948,0.38196601
4660,4068180,1.0,-0.34171514,0.0,True,24,0.6180339887498948,0.38196601
4661,4069053,1.0,-1.37473364,0.0,True,24,0.6180339887498948,0.38196601
4662,4069926,1.0,-2.40775213,0.0,True,24,0.6180339887498948,0.38196601
4663,4070799,1.0,2.84241468,0.0,True,24,0.6180339887498948,0.38196601
4664,4071672,1.0,1.80939618,0.0,True,24,0.6180339887498948,0.38196601
4665,4072545,1.0,0.77637768,0.0,True,24,0.6180339887498948,0.38196601
4666,4073418,1.0,-0.25664081,0.0,True,24,0.6180339887498948,0.38196601
4667,4074291,1.0,-1.28965931,0.0,True,24,0.6180339887498948,0.38196601
4668,4075164,1.0,-2.32267781,0.0,True,24,0.6180339887498948,0.38196601
4669,4076037,1.0,2.92748901,0.0,True,24,0.6180339887498948,0.38196601
4670,4076910,1.0,1.89447051,-0.0,True,24,0.6180339887498948,0.38196601
4671,4077783,1.0,0.86145201,0.0,True,24,0.6180339887498948,0.38196601
4672,4078656,1.0,-0.17156648,0.0,True,24,0.6180339887498948,0.38196601
4673,4079529,1.0,-1.20458498,0.0,True,24,0.6180339887498948,0.38196601
4674,4080402,1.0,-2.23760348,0.0,True,24,0.6180339887498948,0.38196601
4675,4081275,1.0,3.01256333,0.0,True,24,0.6180339887498948,0.38196601
4676,4082148,1.0,1.97954484,0.0,True,24,0.6180339887498948,0.38196601
4677,4083021,1.0,0.94652634,0.0,True,24,0.6180339887498948,0.38196601
4678,4083894,1.0,-0.08649215,0.0,True,24,0.6180339887498948,0.38196601
4679,4084767,1.0,-1.11951065,0.0,True,24,0.6180339887498948,0.38196601
4680,4085640,1.0,-2.15252915,0.0,True,24,0.6180339887498948,0.38196601
4681,4086513,1.0,3.09763766,-0.0,True,24,0.6180339887498948,0.38196601
4682,4087386,1.0,2.06461917,0.0,True,24,0.6180339887498948,0.38196601
4683,4088259,1.0,1.03160067,0.0,True,24,0.6180339887498948,0.38196601
4684,4089132,1.0,-0.00141783,0.0,True,24,0.6180339887498948,0.38196601
4685,4090005,1.0,-1.03443632,0.0,True,24,0.6180339887498948,0.38196601
4686,4090878,1.0,-2.06745482,0.0,True,24,0.6180339887498948,0.38196601
4687,4091751,1.0,-3.10047331,-0.0,True,24,0.6180339887498948,0.38196601
4688,4092624,1.0,2.1496935,0.0,True,24,0.6180339887498948,0.38196601
4689,4093497,1.0,1.116675,0.0,True,24,0.6180339887498948,0.38196601
4690,4094370,1.0,0.0836565,0.0,True,24,0.6180339887498948,0.38196601
4691,4095243,1.0,-0.94936199,0.0,True,24,0.6180339887498948,0.38196601
4692,4096116,1.0,-1.98238049,0.0,True,24,0.6180339887498948,0.38196601
4693,4096989,1.0,-3.01539899,0.0,True,24,0.6180339887498948,0.38196601
4694,4097862,1.0,2.23476782,0.0,True,24,0.6180339887498948,0.38196601
4695,4098735,1.0,1.20174933,0.0,True,24,0.6180339887498948,0.38196601
4696,4099608,1.0,0.16873083,0.0,True,24,0.6180339887498948,0.38196601
4697,4100481,1.0,-0.86428766,-0.0,True,24,0.6180339887498948,0.38196601
4698,4101354,1.0,-1.89730616,-0.0,True,24,0.6180339887498948,0.38196601
4699,4102227,1.0,-2.93032466,0.0,True,24,0.6180339887498948,0.38196601
4700,4103100,1.0,2.31984215,0.0,True,24,0.6180339887498948,0.38196601
4701,4103973,1.0,1.28682366,-0.0,True,24,0.6180339887498948,0.38196601
4702,4104846,1.0,0.25380516,0.0,True,24,0.6180339887498948,0.38196601
4703,4105719,1.0,-0.77921334,0.0,True,24,0.6180339887498948,0.38196601
4704,4106592,1.0,-1.81223183,0.0,True,24,0.6180339887498948,0.38196601
4705,4107465,1.0,-2.84525033,0.0,True,24,0.6180339887498948,0.38196601
4706,4108338,1.0,2.40491648,0.0,True,24,0.6180339887498948,0.38196601
4707,4109211,1.0,1.37189799,0.0,True,24,0.6180339887498948,0.38196601
4708,4110084,1.0,0.33887949,0.0,True,24,0.6180339887498948,0.38196601
4709,4110957,1.0,-0.69413901,0.0,True,24,0.6180339887498948,0.38196601
4710,4111830,1.0,-1.7271575,-0.0,True,24,0.6180339887498948,0.38196601
4711,4112703,1.0,-2.760176,-0.0,True,24,0.6180339887498948,0.38196601
4712,4113576,1.0,2.48999081,0.0,True,24,0.6180339887498948,0.38196601
4713,4114449,1.0,1.45697232,-0.0,True,24,0.6180339887498948,0.38196601
4714,4115322,1.0,0.42395382,0.0,True,24,0.6180339887498948,0.38196601
4715,4116195,1.0,-0.60906468,0.0,True,24,0.6180339887498948,0.38196601
4716,4117068,1.0,-1.64208317,0.0,True,24,0.6180339887498948,0.38196601
4717,4117941,1.0,-2.67510167,0.0,True,24,0.6180339887498948,0.38196601
4718,4118814,1.0,2.57506514,0.0,True,24,0.6180339887498948,0.38196601
4719,4119687,1.0,1.54204664,0.0,True,24,0.6180339887498948,0.38196601
4720,4120560,1.0,0.50902815,0.0,True,24,0.6180339887498948,0.38196601
4721,4121433,1.0,-0.52399035,0.0,True,24,0.6180339887498948,0.38196601
4722,4122306,1.0,-1.55700884,0.0,True,24,0.6180339887498948,0.38196601
4723,4123179,1.0,-2.59002734,0.0,True,24,0.6180339887498948,0.38196601
4724,4124052,1.0,2.66013947,0.0,True,24,0.6180339887498948,0.38196601
4725,4124925,1.0,1.62712097,0.0,True,24,0.6180339887498948,0.38196601
4726,4125798,1.0,0.59410248,0.0,True,24,0.6180339887498948,0.38196601
4727,4126671,1.0,-0.43891602,0.0,True,24,0.6180339887498948,0.38196601
4728,4127544,1.0,-1.47193452,-0.0,True,24,0.6180339887498948,0.38196601
4729,4128417,1.0,-2.50495301,0.0,True,24,0.6180339887498948,0.38196601
4730,4129290,1.0,2.7452138,0.0,True,24,0.6180339887498948,0.38196601
4731,4130163,1.0,1.7121953,0.0,True,24,0.6180339887498948,0.38196601
4732,4131036,1.0,0.67917681,0.0,True,24,0.6180339887498948,0.38196601
4733,4131909,1.0,-0.35384169,-0.0,True,24,0.6180339887498948,0.38196601
4734,4132782,1.0,-1.38686019,0.0,True,24,0.6180339887498948,0.38196601
4735,4133655,1.0,-2.41987868,0.0,True,24,0.6180339887498948,0.38196601
4736,4134528,1.0,2.83028813,0.0,True,24,0.6180339887498948,0.38196601
4737,4135401,1.0,1.79726963,0.0,True,24,0.6180339887498948,0.38196601
4738,4136274,1.0,0.76425114,0.0,True,24,0.6180339887498948,0.38196601
4739,4137147,1.0,-0.26876736,0.0,True,24,0.6180339887498948,0.38196601
4740,4138020,1.0,-1.30178586,-0.0,True,24,0.6180339887498948,0.38196601
4741,4138893,1.0,-2.33480435,0.0,True,24,0.6180339887498948,0.38196601
4742,4139766,1.0,2.91536246,0.0,True,24,0.6180339887498948,0.38196601
4743,4140639,1.0,1.88234396,0.0,True,24,0.6180339887498948,0.38196601
4744,4141512,1.0,0.84932546,0.0,True,24,0.6180339887498948,0.38196601
4745,4142385,1.0,-0.18369303,0.0,True,24,0.6180339887498948,0.38196601
4746,4143258,1.0,-1.21671153,0.0,True,24,0.6180339887498948,0.38196601
4747,4144131,1.0,-2.24973002,0.0,True,24,0.6180339887498948,0.38196601
4748,4145004,1.0,3.00043679,0.0,True,24,0.6180339887498948,0.38196601
4749,4145877,1.0,1.96741829,0.0,True,24,0.6180339887498948,0.38196601
4750,4146750,1.0,0.93439979,0.0,True,24,0.6180339887498948,0.38196601
4751,4147623,1.0,-0.0986187,0.0,True,24,0.6180339887498948,0.38196601
4752,4148496,1.0,-1.1316372,0.0,True,24,0.6180339887498948,0.38196601
4753,4149369,1.0,-2.1646557,0.0,True,24,0.6180339887498948,0.38196601
4754,4150242,1.0,3.08551112,0.0,True,24,0.6180339887498948,0.38196601
4755,4151115,1.0,2.05249262,0.0,True,24,0.6180339887498948,0.38196601
4756,4151988,1.0,1.01947412,-0.0,True,24,0.6180339887498948,0.38196601
4757,4152861,1.0,-0.01354437,0.0,True,24,0.6180339887498948,0.38196601
4758,4153734,1.0,-1.04656287,0.0,True,24,0.6180339887498948,0.38196601
4759,4154607,1.0,-2.07958137,-0.0,True,24,0.6180339887498948,0.38196601
4760,4155480,1.0,-3.11259986,0.0,True,24,0.6180339887498948,0.38196601
4761,4156353,1.0,2.13756695,-0.0,True,24,0.6180339887498948,0.38196601
4762,4157226,1.0,1.10454845,0.0,True,24,0.6180339887498948,0.38196601
4763,4158099,1.0,0.07152996,0.0,True,24,0.6180339887498948,0.38196601
4764,4158972,1.0,-0.96148854,0.0,True,24,0.6180339887498948,0.38196601
4765,4159845,1.0,-1.99450704,0.0,True,24,0.6180339887498948,0.38196601
4766,4160718,1.0,-3.02752553,0.0,True,24,0.6180339887498948,0.38196601
4767,4161591,1.0,2.22264128,0.0,True,24,0.6180339887498948,0.38196601
4768,4162464,1.0,1.18962278,0.0,True,24,0.6180339887498948,0.38196601
4769,4163337,1.0,0.15660428,0.0,True,24,0.6180339887498948,0.38196601
4770,4164210,1.0,-0.87641421,0.0,True,24,0.6180339887498948,0.38196601
4771,4165083,1.0,-1.90943271,0.0,True,24,0.6180339887498948,0.38196601
4772,4165956,1.0,-2.9424512,0.0,True,24,0.6180339887498948,0.38196601
4773,4166829,1.0,2.30771561,0.0,True,24,0.6180339887498948,0.38196601
4774,4167702,1.0,1.27469711,-0.0,True,24,0.6180339887498948,0.38196601
4775,4168575,1.0,0.24167861,0.0,True,24,0.6180339887498948,0.38196601
4776,4169448,1.0,-0.79133988,0.0,True,24,0.6180339887498948,0.38196601
4777,4170321,1.0,-1.82435838,0.0,True,24,0.6180339887498948,0.38196601
4778,4171194,1.0,-2.85737688,0.0,True,24,0.6180339887498948,0.38196601
4779,4172067,1.0,2.39278994,0.0,True,24,0.6180339887498948,0.38196601
4780,4172940,1.0,1.35977144,0.0,True,24,0.6180339887498948,0.38196601
4781,4173813,1.0,0.32675294,0.0,True,24,0.6180339887498948,0.38196601
4782,4174686,1.0,-0.70626555,0.0,True,24,0.6180339887498948,0.38196601
4783,4175559,1.0,-1.73928405,0.0,True,24,0.6180339887498948,0.38196601
4784,4176432,1.0,-2.77230255,-0.0,True,24,0.6180339887498948,0.38196601
4785,4177305,1.0,2.47786426,0.0,True,24,0.6180339887498948,0.38196601
4786,4178178,1.0,1.44484577,0.0,True,24,0.6180339887498948,0.38196601
4787,4179051,1.0,0.41182727,0.0,True,24,0.6180339887498948,0.38196601
4788,4179924,1.0,-0.62119122,0.0,True,24,0.6180339887498948,0.38196601
4789,4180797,1.0,-1.65420972,0.0,True,24,0.6180339887498948,0.38196601
4790,4181670,1.0,-2.68722822,0.0,True,24,0.6180339887498948,0.38196601
4791,4182543,1.0,2.56293859,0.0,True,24,0.6180339887498948,0.38196601
4792,4183416,1.0,1.5299201,0.0,True,24,0.6180339887498948,0.38196601
4793,4184289,1.0,0.4969016,0.0,True,24,0.6180339887498948,0.38196601
4794,4185162,1.0,-0.5361169,0.0,True,24,0.6180339887498948,0.38196601
4795,4186035,1.0,-1.56913539,-0.0,True,24,0.6180339887498948,0.38196601
4796,4186908,1.0,-2.60215389,0.0,True,24,0.6180339887498948,0.38196601
4797,4187781,1.0,2.64801292,0.0,True,24,0.6180339887498948,0.38196601
4798,4188654,1.0,1.61499443,0.0,True,24,0.6180339887498948,0.38196601
4799,4189527,1.0,0.58197593,0.0,True,24,0.6180339887498948,0.38196601
4800,4190400,1.0,-0.45104257,0.0,True,24,0.6180339887498948,0.38196601
4801,4191273,1.0,-1.48406106,0.0,True,24,0.6180339887498948,0.38196601
4802,4192146,1.0,-2.51707956,-0.0,True,24,0.6180339887498948,0.38196601
4803,4193019,1.0,2.73308725,-0.0,True,24,0.6180339887498948,0.38196601
4804,4193892,1.0,1.70006876,0.0,True,24,0.6180339887498948,0.38196601
4805,4194765,1.0,0.66705026,0.0,True,24,0.6180339887498948,0.38196601
4806,4195638,1.0,-0.36596824,0.0,True,24,0.6180339887498948,0.38196601
4807,4196511,1.0,-1.39898673,-0.0,True,24,0.6180339887498948,0.38196601
4808,4197384,1.0,-2.43200523,0.0,True,24,0.6180339887498948,0.38196601
4809,4198257,1.0,2.81816158,0.0,True,24,0.6180339887498948,0.38196601
4810,4199130,1.0,1.78514308,0.0,True,24,0.6180339887498948,0.38196601
4811,4200003,1.0,0.75212459,0.0,True,24,0.6180339887498948,0.38196601
4812,4200876,1.0,-0.28089391,0.0,True,24,0.6180339887498948,0.38196601
4813,4201749,1.0,-1.3139124,0.0,True,24,0.6180339887498948,0.38196601
4814,4202622,1.0,-2.3469309,0.0,True,24,0.6180339887498948,0.38196601
4815,4203495,1.0,2.90323591,0.0,True,24,0.6180339887498948,0.38196601
4816,4204368,1.0,1.87021741,0.0,True,24,0.6180339887498948,0.38196601
4817,4205241,1.0,0.83719892,0.0,True,24,0.6180339887498948,0.38196601
4818,4206114,1.0,-0.19581958,0.0,True,24,0.6180339887498948,0.38196601
4819,4206987,1.0,-1.22883808,0.0,True,24,0.6180339887498948,0.38196601
4820,4207860,1.0,-2.26185657,0.0,True,24,0.6180339887498948,0.38196601
4821,4208733,1.0,2.98831024,0.0,True,24,0.6180339887498948,0.38196601
4822,4209606,1.0,1.95529174,0.0,True,24,0.6180339887498948,0.38196601
4823,4210479,1.0,0.92227325,0.0,True,24,0.6180339887498948,0.38196601
4824,4211352,1.0,-0.11074525,0.0,True,24,0.6180339887498948,0.38196601
4825,4212225,1.0,-1.14376375,-0.0,True,24,0.6180339887498948,0.38196601
4826,4213098,1.0,-2.17678224,-0.0,True,24,0.6180339887498948,0.38196601
4827,4213971,1.0,3.07338457,-0.0,True,24,0.6180339887498948,0.38196601
4828,4214844,1.0,2.04036607,0.0,True,24,0.6180339887498948,0.38196601
4829,4215717,1.0,1.00734758,0.0,True,24,0.6180339887498948,0.38196601
4830,4216590,1.0,-0.02567092,0.0,True,24,0.6180339887498948,0.38196601
4831,4217463,1.0,-1.05868942,0.0,True,24,0.6180339887498948,0.38196601
4832,4218336,1.0,-2.09170791,0.0,True,24,0.6180339887498948,0.38196601
4833,4219209,1.0,-3.12472641,0.0,True,24,0.6180339887498948,0.38196601
4834,4220082,1.0,2.1254404,0.0,True,24,0.6180339887498948,0.38196601
4835,4220955,1.0,1.0924219,0.0,True,24,0.6180339887498948,0.38196601
4836,4221828,1.0,0.05940341,0.0,True,24,0.6180339887498948,0.38196601
4837,4222701,1.0,-0.97361509,0.0,True,24,0.6180339887498948,0.38196601
4838,4223574,1.0,-2.00663358,0.0,True,24,0.6180339887498948,0.38196601
4839,4224447,1.0,-3.03965208,0.0,True,24,0.6180339887498948,0.38196601
4840,4225320,1.0,2.21051473,0.0,True,24,0.6180339887498948,0.38196601
4841,4226193,1.0,1.17749623,0.0,True,24,0.6180339887498948,0.38196601
4842,4227066,1.0,0.14447774,-0.0,True,24,0.6180339887498948,0.38196601
4843,4227939,1.0,-0.88854076,0.0,True,24,0.6180339887498948,0.38196601
4844,4228812,1.0,-1.92155926,-0.0,True,24,0.6180339887498948,0.38196601
4845,4229685,1.0,-2.95457775,-0.0,True,24,0.6180339887498948,0.38196601
4846,4230558,1.0,2.29558906,0.0,True,24,0.6180339887498948,0.38196601
4847,4231431,1.0,1.26257056,0.0,True,24,0.6180339887498948,0.38196601
4848,4232304,1.0,0.22955207,-0.0,True,24,0.6180339887498948,0.38196601
4849,4233177,1.0,-0.80346643,0.0,True,24,0.6180339887498948,0.38196601
4850,4234050,1.0,-1.83648493,0.0,True,24,0.6180339887498948,0.38196601
4851,4234923,1.0,-2.86950342,0.0,True,24,0.6180339887498948,0.38196601
4852,4235796,1.0,2.38066339,0.0,True,24,0.6180339887498948,0.38196601
4853,4236669,1.0,1.34764489,0.0,True,24,0.6180339887498948,0.38196601
4854,4237542,1.0,0.3146264,0.0,True,24,0.6180339887498948,0.38196601
4855,4238415,1.0,-0.7183921,0.0,True,24,0.6180339887498948,0.38196601
4856,4239288,1.0,-1.7514106,0.0,True,24,0.6180339887498948,0.38196601
4857,4240161,1.0,-2.78442909,0.0,True,24,0.6180339887498948,0.38196601
4858,4241034,1.0,2.46573772,0.0,True,24,0.6180339887498948,0.38196601
4859,4241907,1.0,1.43271922,0.0,True,24,0.6180339887498948,0.38196601
4860,4242780,1.0,0.39970072,-0.0,True,24,0.6180339887498948,0.38196601
4861,4243653,1.0,-0.63331777,0.0,True,24,0.6180339887498948,0.38196601
4862,4244526,1.0,-1.66633627,0.0,True,24,0.6180339887498948,0.38196601
4863,4245399,1.0,-2.69935476,0.0,True,24,0.6180339887498948,0.38196601
4864,4246272,1.0,2.55081205,0.0,True,24,0.6180339887498948,0.38196601
4865,4247145,1.0,1.51779355,0.0,True,24,0.6180339887498948,0.38196601
4866,4248018,1.0,0.48477505,0.0,True,24,0.6180339887498948,0.38196601
4867,4248891,1.0,-0.54824344,0.0,True,24,0.6180339887498948,0.38196601
4868,4249764,1.0,-1.58126194,-0.0,True,24,0.6180339887498948,0.38196601
4869,4250637,1.0,-2.61428044,0.0,True,24,0.6180339887498948,0.38196601
4870,4251510,1.0,2.63588637,0.0,True,24,0.6180339887498948,0.38196601
4871,4252383,1.0,1.60286788,-0.0,True,24,0.6180339887498948,0.38196601
4872,4253256,1.0,0.56984938,0.0,True,24,0.6180339887498948,0.38196601
4873,4254129,1.0,-0.46316911,0.0,True,24,0.6180339887498948,0.38196601
4874,4255002,1.0,-1.49618761,0.0,True,24,0.6180339887498948,0.38196601
4875,4255875,1.0,-2.52920611,0.0,True,24,0.6180339887498948,0.38196601
4876,4256748,1.0,2.7209607,0.0,True,24,0.6180339887498948,0.38196601
4877,4257621,1.0,1.68794221,0.0,True,24,0.6180339887498948,0.38196601
4878,4258494,1.0,0.65492371,-0.0,True,24,0.6180339887498948,0.38196601
4879,4259367,1.0,-0.37809479,0.0,True,24,0.6180339887498948,0.38196601
4880,4260240,1.0,-1.41111328,0.0,True,24,0.6180339887498948,0.38196601
4881,4261113,1.0,-2.44413178,0.0,True,24,0.6180339887498948,0.38196601
4882,4261986,1.0,2.80603503,0.0,True,24,0.6180339887498948,0.38196601
4883,4262859,1.0,1.77301654,0.0,True,24,0.6180339887498948,0.38196601
4884,4263732,1.0,0.73999804,0.0,True,24,0.6180339887498948,0.38196601
4885,4264605,1.0,-0.29302046,0.0,True,24,0.6180339887498948,0.38196601
4886,4265478,1.0,-1.32603895,-0.0,True,24,0.6180339887498948,0.38196601
4887,4266351,1.0,-2.35905745,0.0,True,24,0.6180339887498948,0.38196601
4888,4267224,1.0,2.89110936,0.0,True,24,0.6180339887498948,0.38196601
4889,4268097,1.0,1.85809087,0.0,True,24,0.6180339887498948,0.38196601
4890,4268970,1.0,0.82507237,0.0,True,24,0.6180339887498948,0.38196601
4891,4269843,1.0,-0.20794613,0.0,True,24,0.6180339887498948,0.38196601
4892,4270716,1.0,-1.24096462,0.0,True,24,0.6180339887498948,0.38196601
4893,4271589,1.0,-2.27398312,0.0,True,24,0.6180339887498948,0.38196601
4894,4272462,1.0,2.97618369,-0.0,True,24,0.6180339887498948,0.38196601
4895,4273335,1.0,1.94316519,0.0,True,24,0.6180339887498948,0.38196601
4896,4274208,1.0,0.9101467,0.0,True,24,0.6180339887498948,0.38196601
4897,4275081,1.0,-0.1228718,-0.0,True,24,0.6180339887498948,0.38196601
4898,4275954,1.0,-1.15589029,0.0,True,24,0.6180339887498948,0.38196601
4899,4276827,1.0,-2.18890879,0.0,True,24,0.6180339887498948,0.38196601
4900,4277700,1.0,3.06125802,0.0,True,24,0.6180339887498948,0.38196601
4901,4278573,1.0,2.02823952,0.0,True,24,0.6180339887498948,0.38196601
4902,4279446,1.0,0.99522103,0.0,True,24,0.6180339887498948,0.38196601
4903,4280319,1.0,-0.03779747,0.0,True,24,0.6180339887498948,0.38196601
4904,4281192,1.0,-1.07081597,0.0,True,24,0.6180339887498948,0.38196601
4905,4282065,1.0,-2.10383446,0.0,True,24,0.6180339887498948,0.38196601
4906,4282938,1.0,-3.13685296,0.0,True,24,0.6180339887498948,0.38196601
4907,4283811,1.0,2.11331385,0.0,True,24,0.6180339887498948,0.38196601
4908,4284684,1.0,1.08029536,0.0,True,24,0.6180339887498948,0.38196601
4909,4285557,1.0,0.04727686,-0.0,True,24,0.6180339887498948,0.38196601
4910,4286430,1.0,-0.98574164,0.0,True,24,0.6180339887498948,0.38196601
4911,4287303,1.0,-2.01876013,0.0,True,24,0.6180339887498948,0.38196601
4912,4288176,1.0,-3.05177863,-0.0,True,24,0.6180339887498948,0.38196601
4913,4289049,1.0,2.19838818,0.0,True,24,0.6180339887498948,0.38196601
4914,4289922,1.0,1.16536969,0.0,True,24,0.6180339887498948,0.38196601
4915,4290795,1.0,0.13235119,0.0,True,24,0.6180339887498948,0.38196601
4916,4291668,1.0,-0.90066731,0.0,True,24,0.6180339887498948,0.38196601
4917,4292541,1.0,-1.9336858,0.0,True,24,0.6180339887498948,0.38196601
4918,4293414,1.0,-2.9667043,0.0,True,24,0.6180339887498948,0.38196601
4919,4294287,1.0,2.28346251,0.0,True,24,0.6180339887498948,0.38196601
4920,4295160,1.0,1.25044401,0.0,True,24,0.6180339887498948,0.38196601
4921,4296033,1.0,0.21742552,0.0,True,24,0.6180339887498948,0.38196601
4922,4296906,1.0,-0.81559298,0.0,True,24,0.6180339887498948,0.38196601
4923,4297779,1.0,-1.84861147,0.0,True,24,0.6180339887498948,0.38196601
4924,4298652,1.0,-2.88162997,0.0,True,24,0.6180339887498948,0.38196601
4925,4299525,1.0,2.36853684,0.0,True,24,0.6180339887498948,0.38196601
4926,4300398,1.0,1.33551834,0.0,True,24,0.6180339887498948,0.38196601
4927,4301271,1.0,0.30249985,-0.0,True,24,0.6180339887498948,0.38196601
4928,4302144,1.0,-0.73051865,0.0,True,24,0.6180339887498948,0.38196601
4929,4303017,1.0,-1.76353715,0.0,True,24,0.6180339887498948,0.38196601
4930,4303890,1.0,-2.79655564,-0.0,True,24,0.6180339887498948,0.38196601
4931,4304763,1.0,2.45361117,0.0,True,24,0.6180339887498948,0.38196601
4932,4305636,1.0,1.42059267,0.0,True,24,0.6180339887498948,0.38196601
4933,4306509,1.0,0.38757418,0.0,True,24,0.6180339887498948,0.38196601
4934,4307382,1.0,-0.64544432,0.0,True,24,0.6180339887498948,0.38196601
4935,4308255,1.0,-1.67846282,-0.0,True,24,0.6180339887498948,0.38196601
4936,4309128,1.0,-2.71148131,0.0,True,24,0.6180339887498948,0.38196601
4937,4310001,1.0,2.5386855,0.0,True,24,0.6180339887498948,0.38196601
4938,4310874,1.0,1.505667,0.0,True,24,0.6180339887498948,0.38196601
4939,4311747,1.0,0.47264851,0.0,True,24,0.6180339887498948,0.38196601
4940,4312620,1.0,-0.56036999,0.0,True,24,0.6180339887498948,0.38196601
4941,4313493,1.0,-1.59338849,0.0,True,24,0.6180339887498948,0.38196601
4942,4314366,1.0,-2.62640698,0.0,True,24,0.6180339887498948,0.38196601
4943,4315239,1.0,2.62375983,0.0,True,24,0.6180339887498948,0.38196601
4944,4316112,1.0,1.59074133,0.0,True,24,0.6180339887498948,0.38196601
4945,4316985,1.0,0.55772283,0.0,True,24,0.6180339887498948,0.38196601
4946,4317858,1.0,-0.47529566,0.0,True,24,0.6180339887498948,0.38196601
4947,4318731,1.0,-1.50831416,-0.0,True,24,0.6180339887498948,0.38196601
4948,4319604,1.0,-2.54133265,0.0,True,24,0.6180339887498948,0.38196601
4949,4320477,1.0,2.70883416,0.0,True,24,0.6180339887498948,0.38196601
4950,4321350,1.0,1.67581566,0.0,True,24,0.6180339887498948,0.38196601
4951,4322223,1.0,0.64279716,0.0,True,24,0.6180339887498948,0.38196601
4952,4323096,1.0,-0.39022133,0.0,True,24,0.6180339887498948,0.38196601
4953,4323969,1.0,-1.42323983,0.0,True,24,0.6180339887498948,0.38196601
4954,4324842,1.0,-2.45625833,0.0,True,24,0.6180339887498948,0.38196601
4955,4325715,1.0,2.79390849,0.0,True,24,0.6180339887498948,0.38196601
4956,4326588,1.0,1.76088999,0.0,True,24,0.6180339887498948,0.38196601
4957,4327461,1.0,0.72787149,0.0,True,24,0.6180339887498948,0.38196601
4958,4328334,1.0,-0.305147,0.0,True,24,0.6180339887498948,0.38196601
4959,4329207,1.0,-1.3381655,-0.0,True,24,0.6180339887498948,0.38196601
4960,4330080,1.0,-2.371184,0.0,True,24,0.6180339887498948,0.38196601
4961,4330953,1.0,2.87898281,0.0,True,24,0.6180339887498948,0.38196601
4962,4331826,1.0,1.84596432,0.0,True,24,0.6180339887498948,0.38196601
4963,4332699,1.0,0.81294582,0.0,True,24,0.6180339887498948,0.38196601
4964,4333572,1.0,-0.22007267,0.0,True,24,0.6180339887498948,0.38196601
4965,4334445,1.0,-1.25309117,0.0,True,24,0.6180339887498948,0.38196601
4966,4335318,1.0,-2.28610967,0.0,True,24,0.6180339887498948,0.38196601
4967,4336191,1.0,2.96405714,0.0,True,24,0.6180339887498948,0.38196601
4968,4337064,1.0,1.93103865,0.0,True,24,0.6180339887498948,0.38196601
4969,4337937,1.0,0.89802015,0.0,True,24,0.6180339887498948,0.38196601
4970,4338810,1.0,-0.13499835,0.0,True,24,0.6180339887498948,0.38196601
4971,4339683,1.0,-1.16801684,0.0,True,24,0.6180339887498948,0.38196601
4972,4340556,1.0,-2.20103534,0.0,True,24,0.6180339887498948,0.38196601
4973,4341429,1.0,3.04913147,0.0,True,24,0.6180339887498948,0.38196601
4974,4342302,1.0,2.01611298,0.0,True,24,0.6180339887498948,0.38196601
4975,4343175,1.0,0.98309448,0.0,True,24,0.6180339887498948,0.38196601
4976,4344048,1.0,-0.04992402,0.0,True,24,0.6180339887498948,0.38196601
4977,4344921,1.0,-1.08294251,0.0,True,24,0.6180339887498948,0.38196601
4978,4345794,1.0,-2.11596101,-0.0,True,24,0.6180339887498948,0.38196601
4979,4346667,1.0,3.1342058,0.0,True,24,0.6180339887498948,0.38196601
4980,4347540,1.0,2.10118731,0.0,True,24,0.6180339887498948,0.38196601
4981,4348413,1.0,1.06816881,0.0,True,24,0.6180339887498948,0.38196601
4982,4349286,1.0,0.03515031,0.0,True,24,0.6180339887498948,0.38196601
4983,4350159,1.0,-0.99786818,0.0,True,24,0.6180339887498948,0.38196601
4984,4351032,1.0,-2.03088668,0.0,True,24,0.6180339887498948,0.38196601
4985,4351905,1.0,-3.06390518,0.0,True,24,0.6180339887498948,0.38196601
4986,4352778,1.0,2.18626163,0.0,True,24,0.6180339887498948,0.38196601
4987,4353651,1.0,1.15324314,-0.0,True,24,0.6180339887498948,0.38196601
4988,4354524,1.0,0.12022464,-0.0,True,24,0.6180339887498948,0.38196601
4989,4355397,1.0,-0.91279385,0.0,True,24,0.6180339887498948,0.38196601
4990,4356270,1.0,-1.94581235,0.0,True,24,0.6180339887498948,0.38196601
4991,4357143,1.0,-2.97883085,-0.0,True,24,0.6180339887498948,0.38196601
4992,4358016,1.0,2.27133596,-0.0,True,24,0.6180339887498948,0.38196601
4993,4358889,1.0,1.23831747,0.0,True,24,0.6180339887498948,0.38196601
4994,4359762,1.0,0.20529897,0.0,True,24,0.6180339887498948,0.38196601
4995,4360635,1.0,-0.82771953,0.0,True,24,0.6180339887498948,0.38196601
4996,4361508,1.0,-1.86073802,0.0,True,24,0.6180339887498948,0.38196601
4997,4362381,1.0,-2.89375652,0.0,True,24,0.6180339887498948,0.38196601
4998,4363254,1.0,2.35641029,0.0,True,24,0.6180339887498948,0.38196601
4999,4364127,1.0,1.3233918,0.0,True,24,0.6180339887498948,0.38196601
