epoch,engine_id,engine_name,engine_index,entanglement_strength,entanglement_alive,throughput_ops_per_beat,latency_ms,success_rate,coherence_contribution,hebbian_reward_eligible,phi_alignment
1,engine-cognitio-000,COGNITIO,0,0.649426,True,3,203.22,0.991613,0.64398,True,0.031392
1,engine-intelligentia-001,INTELLIGENTIA,1,0.579006,True,5,449.94,0.780047,0.451652,True,0.039028
1,engine-quantumia-002,QUANTUMIA,2,0.672549,True,8,19.3,0.753555,0.506803,True,0.054515
1,engine-resonantia-003,RESONANTIA,3,0.492162,True,2,497.21,0.954113,0.469578,True,0.125872
1,engine-harmonia-004,HARMONIA,4,0.552517,True,6,510.27,0.898225,0.496284,True,0.065517
1,engine-velocitas-005,VELOCITAS,5,0.648851,True,16,491.81,0.700593,0.45458,True,0.030817
1,engine-prudentia-006,PRUDENTIA,6,0.766349,True,2,501.09,0.850433,0.651728,True,0.148315
1,engine-fortitudo-007,FORTITUDO,7,0.470275,True,35,398.82,0.742971,0.349401,True,0.147759
1,engine-temperantia-008,TEMPERANTIA,8,0.576931,True,52,633.77,0.714353,0.412132,True,0.041103
1,engine-iustitia-009,IUSTITIA,9,0.818447,True,180,531.86,0.926891,0.758612,True,0.200414
1,engine-sapientia-010,SAPIENTIA,10,0.549628,True,235,375.71,0.855108,0.469991,True,0.068406
1,engine-memoria-011,MEMORIA,11,0.654287,True,53,174.44,0.926862,0.606433,True,0.036253
1,engine-imaginatio-012,IMAGINATIO,12,0.481849,True,821,282.24,0.709524,0.341883,True,0.136185
1,engine-veritas-013,VERITAS,13,0.710546,True,265,660.72,0.934986,0.664351,True,0.092512
1,engine-libertas-014,LIBERTAS,14,0.542737,True,350,588.99,0.719308,0.390395,True,0.075297
1,engine-dignitas-015,DIGNITAS,15,0.46817,True,417,415.22,0.903884,0.423171,True,0.149864
1,engine-concordia-016,CONCORDIA,16,0.737144,True,298,283.69,0.914704,0.674269,True,0.11911
1,engine-aeternitas-017,AETERNITAS,17,0.527841,True,925,230.97,0.722865,0.381558,True,0.090193
1,engine-providentia-018,PROVIDENTIA,18,0.568278,True,93,14.44,0.910149,0.517218,True,0.049756
1,engine-scientia-019,SCIENTIA,19,0.617075,True,447,228.95,0.98994,0.610867,True,0.000959
1,engine-mathematica-020,MATHEMATICA,20,0.736251,True,244,415.18,0.989828,0.728762,True,0.118217
1,engine-cryptographia-021,CRYPTOGRAPHIA,21,0.594182,True,483,318.59,0.964018,0.572802,True,0.023852
1,engine-logica-022,LOGICA,22,0.585007,True,50,378.99,0.955643,0.559057,True,0.033027
1,engine-natura-023,NATURA,23,0.538856,True,280,621.84,0.966449,0.520777,True,0.079178
2,engine-cognitio-000,COGNITIO,0,0.51449,True,3,644.94,0.90297,0.464569,True,0.103544
2,engine-intelligentia-001,INTELLIGENTIA,1,0.549823,True,4,459.61,0.721954,0.396947,True,0.068211
2,engine-quantumia-002,QUANTUMIA,2,0.494267,True,1,57.18,0.746084,0.368765,True,0.123767
2,engine-resonantia-003,RESONANTIA,3,0.549661,True,6,598.3,0.927887,0.510023,True,0.068373
2,engine-harmonia-004,HARMONIA,4,0.510232,True,5,618.11,0.959393,0.489513,True,0.107802
2,engine-velocitas-005,VELOCITAS,5,0.741368,True,5,569.37,0.746959,0.553772,True,0.123334
2,engine-prudentia-006,PRUDENTIA,6,0.581693,True,17,537.21,0.951161,0.553284,True,0.036341
2,engine-fortitudo-007,FORTITUDO,7,0.466637,True,67,105.84,0.972874,0.453979,True,0.151397
2,engine-temperantia-008,TEMPERANTIA,8,0.385553,True,31,598.39,0.722782,0.278671,True,0.232481
2,engine-iustitia-009,IUSTITIA,9,0.695745,True,145,292.82,0.955033,0.66446,True,0.077711
2,engine-sapientia-010,SAPIENTIA,10,0.631411,True,368,114.22,0.740218,0.467382,True,0.013377
2,engine-memoria-011,MEMORIA,11,0.562013,True,409,115.33,0.880515,0.494861,True,0.056021
2,engine-imaginatio-012,IMAGINATIO,12,0.772719,True,488,556.33,0.714029,0.551744,True,0.154685
2,engine-veritas-013,VERITAS,13,0.516643,True,49,394.46,0.99702,0.515103,True,0.101391
2,engine-libertas-014,LIBERTAS,14,0.810924,True,316,672.29,0.897729,0.72799,True,0.19289
2,engine-dignitas-015,DIGNITAS,15,0.828618,True,399,176.19,0.887185,0.735138,True,0.210584
2,engine-concordia-016,CONCORDIA,16,0.581178,True,170,601.58,0.75646,0.439638,True,0.036856
2,engine-aeternitas-017,AETERNITAS,17,0.577444,True,198,206.76,0.727075,0.419845,True,0.04059
2,engine-providentia-018,PROVIDENTIA,18,0.641481,True,198,584.05,0.84898,0.544604,True,0.023447
2,engine-scientia-019,SCIENTIA,19,0.773129,True,870,174.92,0.879882,0.680262,True,0.155095
2,engine-mathematica-020,MATHEMATICA,20,0.585465,True,983,228.13,0.840804,0.492261,True,0.032569
2,engine-cryptographia-021,CRYPTOGRAPHIA,21,0.590146,True,575,334.62,0.73765,0.435321,True,0.027888
2,engine-logica-022,LOGICA,22,0.636234,True,964,371.63,0.843849,0.536885,True,0.0182
2,engine-natura-023,NATURA,23,0.545838,True,800,453.28,0.87765,0.479055,True,0.072196
3,engine-cognitio-000,COGNITIO,0,0.715162,True,2,128.6,0.874038,0.625079,True,0.097128
3,engine-intelligentia-001,INTELLIGENTIA,1,0.587354,True,5,392.68,0.998745,0.586617,True,0.03068
3,engine-quantumia-002,QUANTUMIA,2,0.98219,True,1,634.45,0.708454,0.695836,True,0.364156
3,engine-resonantia-003,RESONANTIA,3,0.580256,True,7,64.2,0.73506,0.426523,True,0.037778
3,engine-harmonia-004,HARMONIA,4,0.557426,True,21,155.29,0.809292,0.45112,True,0.060608
3,engine-velocitas-005,VELOCITAS,5,0.467876,True,16,35.2,0.916899,0.428995,True,0.150158
3,engine-prudentia-006,PRUDENTIA,6,0.677259,True,20,544.82,0.7018,0.4753,True,0.059225
3,engine-fortitudo-007,FORTITUDO,7,0.524661,True,81,137.93,0.730714,0.383377,True,0.093373
3,engine-temperantia-008,TEMPERANTIA,8,0.655857,True,40,593.6,0.92364,0.605775,True,0.037823
3,engine-iustitia-009,IUSTITIA,9,0.595639,True,93,166.13,0.808549,0.481603,True,0.022395
3,engine-sapientia-010,SAPIENTIA,10,0.601516,True,346,678.18,0.841161,0.505972,True,0.016518
3,engine-memoria-011,MEMORIA,11,0.699356,True,278,56.05,0.818499,0.572422,True,0.081322
3,engine-imaginatio-012,IMAGINATIO,12,0.520431,True,774,266.69,0.705886,0.367365,True,0.097603
3,engine-veritas-013,VERITAS,13,0.529899,True,310,312.37,0.792896,0.420155,True,0.088135
3,engine-libertas-014,LIBERTAS,14,0.644576,True,819,513.99,0.964356,0.621601,True,0.026542
3,engine-dignitas-015,DIGNITAS,15,0.670971,True,850,300.83,0.982703,0.659365,True,0.052937
3,engine-concordia-016,CONCORDIA,16,0.551551,True,785,444.64,0.990617,0.546376,True,0.066483
3,engine-aeternitas-017,AETERNITAS,17,0.579865,True,572,20.37,0.829854,0.481203,True,0.038169
3,engine-providentia-018,PROVIDENTIA,18,0.756076,True,529,331.06,0.961477,0.726949,True,0.138042
3,engine-scientia-019,SCIENTIA,19,0.609005,True,786,640.0,0.784386,0.477695,True,0.009029
3,engine-mathematica-020,MATHEMATICA,20,0.427021,True,257,233.87,0.752855,0.321485,True,0.191013
3,engine-cryptographia-021,CRYPTOGRAPHIA,21,0.745692,True,122,109.61,0.807184,0.601911,True,0.127658
3,engine-logica-022,LOGICA,22,0.467081,True,417,461.46,0.755634,0.352943,True,0.150953
3,engine-natura-023,NATURA,23,0.609389,True,599,498.97,0.98999,0.603289,True,0.008645
4,engine-cognitio-000,COGNITIO,0,0.685353,True,3,364.84,0.807208,0.553223,True,0.067319
4,engine-intelligentia-001,INTELLIGENTIA,1,0.679519,True,2,529.46,0.922455,0.626826,True,0.061485
4,engine-quantumia-002,QUANTUMIA,2,0.56685,True,7,270.4,0.775399,0.439535,True,0.051184
4,engine-resonantia-003,RESONANTIA,3,0.675493,True,2,401.34,0.835646,0.564473,True,0.057459
4,engine-harmonia-004,HARMONIA,4,0.487172,True,9,650.1,0.86504,0.421423,True,0.130862
4,engine-velocitas-005,VELOCITAS,5,0.512644,True,30,36.0,0.917546,0.470375,True,0.10539
4,engine-prudentia-006,PRUDENTIA,6,0.469705,True,12,674.43,0.957653,0.449814,True,0.148329
4,engine-fortitudo-007,FORTITUDO,7,0.708661,True,55,641.78,0.731861,0.518641,True,0.090627
4,engine-temperantia-008,TEMPERANTIA,8,0.500229,True,4,191.36,0.842569,0.421477,True,0.117805
4,engine-iustitia-009,IUSTITIA,9,0.749507,True,99,154.16,0.874473,0.655424,True,0.131473
4,engine-sapientia-010,SAPIENTIA,10,0.695442,True,127,62.47,0.812496,0.565044,True,0.077408
4,engine-memoria-011,MEMORIA,11,0.546041,True,184,191.08,0.802871,0.438401,True,0.071993
4,engine-imaginatio-012,IMAGINATIO,12,0.562076,True,679,393.04,0.702749,0.394998,True,0.055958
4,engine-veritas-013,VERITAS,13,0.579452,True,715,278.9,0.822811,0.47678,True,0.038582
4,engine-libertas-014,LIBERTAS,14,0.527253,True,927,498.99,0.882217,0.465152,True,0.090781
4,engine-dignitas-015,DIGNITAS,15,0.620307,True,812,489.01,0.734536,0.455638,True,0.002273
4,engine-concordia-016,CONCORDIA,16,0.595112,True,879,55.85,0.710562,0.422864,True,0.022922
4,engine-aeternitas-017,AETERNITAS,17,0.491293,True,543,203.3,0.76925,0.377927,True,0.126741
4,engine-providentia-018,PROVIDENTIA,18,0.663233,True,308,299.15,0.99371,0.659061,True,0.045199
4,engine-scientia-019,SCIENTIA,19,0.61564,True,122,472.46,0.960094,0.591072,True,0.002394
4,engine-mathematica-020,MATHEMATICA,20,0.678646,True,817,38.93,0.791414,0.53709,True,0.060612
4,engine-cryptographia-021,CRYPTOGRAPHIA,21,0.435816,True,368,240.99,0.759381,0.33095,True,0.182218
4,engine-logica-022,LOGICA,22,0.395954,True,645,435.66,0.844903,0.334543,True,0.22208
4,engine-natura-023,NATURA,23,0.661513,True,349,600.21,0.802236,0.530689,True,0.043479
5,engine-cognitio-000,COGNITIO,0,0.714058,True,3,496.29,0.872859,0.623272,True,0.096024
5,engine-intelligentia-001,INTELLIGENTIA,1,0.763511,True,4,14.25,0.979256,0.747673,True,0.145477
5,engine-quantumia-002,QUANTUMIA,2,0.635732,True,5,278.37,0.727218,0.462316,True,0.017698
5,engine-resonantia-003,RESONANTIA,3,0.532087,True,10,172.39,0.800847,0.426121,True,0.085947
5,engine-harmonia-004,HARMONIA,4,0.577812,True,8,691.28,0.783989,0.452998,True,0.040222
5,engine-velocitas-005,VELOCITAS,5,0.814154,True,1,297.89,0.70585,0.57467,True,0.19612
5,engine-prudentia-006,PRUDENTIA,6,0.636877,True,34,111.43,0.77836,0.49572,True,0.018843
5,engine-fortitudo-007,FORTITUDO,7,0.43006,True,66,274.75,0.930749,0.400278,True,0.187974
5,engine-temperantia-008,TEMPERANTIA,8,0.590694,True,141,585.21,0.97709,0.577161,True,0.02734
5,engine-iustitia-009,IUSTITIA,9,0.67252,True,74,231.25,0.707255,0.475643,True,0.054486
5,engine-sapientia-010,SAPIENTIA,10,0.647478,True,208,226.44,0.735069,0.475941,True,0.029444
5,engine-memoria-011,MEMORIA,11,0.711689,True,24,464.9,0.831418,0.591711,True,0.093655
5,engine-imaginatio-012,IMAGINATIO,12,0.717454,True,706,322.69,0.868814,0.623334,True,0.09942
5,engine-veritas-013,VERITAS,13,0.712253,True,593,166.85,0.80731,0.575009,True,0.094219
5,engine-libertas-014,LIBERTAS,14,0.678963,True,478,30.64,0.714302,0.484985,True,0.060929
5,engine-dignitas-015,DIGNITAS,15,0.423427,True,585,597.84,0.758475,0.321159,True,0.194607
5,engine-concordia-016,CONCORDIA,16,0.643385,True,827,134.42,0.760804,0.48949,True,0.025351
5,engine-aeternitas-017,AETERNITAS,17,0.685156,True,214,587.68,0.911879,0.62478,True,0.067122
5,engine-providentia-018,PROVIDENTIA,18,0.653664,True,960,378.67,0.749956,0.490219,True,0.03563
5,engine-scientia-019,SCIENTIA,19,0.46123,True,51,124.37,0.808431,0.372872,True,0.156804
5,engine-mathematica-020,MATHEMATICA,20,0.488454,True,388,326.43,0.920713,0.449726,True,0.12958
5,engine-cryptographia-021,CRYPTOGRAPHIA,21,0.697397,True,513,151.38,0.897459,0.625885,True,0.079363
5,engine-logica-022,LOGICA,22,0.65436,True,62,360.14,0.739699,0.48403,True,0.036326
5,engine-natura-023,NATURA,23,0.504346,True,819,377.44,0.837862,0.422572,True,0.113688
6,engine-cognitio-000,COGNITIO,0,0.584076,True,3,148.09,0.92304,0.539125,True,0.033958
6,engine-intelligentia-001,INTELLIGENTIA,1,0.776848,True,2,354.48,0.715715,0.556002,True,0.158814
6,engine-quantumia-002,QUANTUMIA,2,0.734853,True,1,284.28,0.763732,0.561231,True,0.116819
6,engine-resonantia-003,RESONANTIA,3,0.619746,True,8,40.11,0.762886,0.472795,True,0.001712
6,engine-harmonia-004,HARMONIA,4,0.606035,True,17,284.33,0.932946,0.565398,True,0.011999
6,engine-velocitas-005,VELOCITAS,5,0.679874,True,24,104.87,0.962221,0.654189,True,0.06184
6,engine-prudentia-006,PRUDENTIA,6,0.647817,True,11,37.63,0.771751,0.499953,True,0.029783
6,engine-fortitudo-007,FORTITUDO,7,0.663712,True,41,79.68,0.973067,0.645836,True,0.045678
6,engine-temperantia-008,TEMPERANTIA,8,0.608863,True,71,91.24,0.789165,0.480493,True,0.009171
6,engine-iustitia-009,IUSTITIA,9,0.658679,True,102,121.45,0.771362,0.50808,True,0.040645
6,engine-sapientia-010,SAPIENTIA,10,0.69217,True,72,115.75,0.910936,0.630522,True,0.074136
6,engine-memoria-011,MEMORIA,11,0.646152,True,32,266.69,0.872869,0.564006,True,0.028118
6,engine-imaginatio-012,IMAGINATIO,12,0.477414,True,389,514.73,0.995192,0.475119,True,0.14062
6,engine-veritas-013,VERITAS,13,0.840721,True,592,183.42,0.965352,0.811592,True,0.222687
6,engine-libertas-014,LIBERTAS,14,0.596336,True,72,188.88,0.949722,0.566353,True,0.021698
6,engine-dignitas-015,DIGNITAS,15,0.704641,True,81,17.04,0.820614,0.578238,True,0.086607
6,engine-concordia-016,CONCORDIA,16,0.736963,True,837,16.64,0.770187,0.567599,True,0.118929
6,engine-aeternitas-017,AETERNITAS,17,0.677668,True,558,299.74,0.906161,0.614076,True,0.059634
6,engine-providentia-018,PROVIDENTIA,18,0.609466,True,810,304.28,0.852679,0.519678,True,0.008568
6,engine-scientia-019,SCIENTIA,19,0.640916,True,707,423.98,0.884769,0.567062,True,0.022882
6,engine-mathematica-020,MATHEMATICA,20,0.523798,True,345,696.67,0.96878,0.507445,True,0.094236
6,engine-cryptographia-021,CRYPTOGRAPHIA,21,0.495338,True,727,539.49,0.82428,0.408298,True,0.122696
6,engine-logica-022,LOGICA,22,0.53078,True,489,571.56,0.911657,0.483889,True,0.087254
6,engine-natura-023,NATURA,23,0.691913,True,331,44.66,0.717791,0.496649,True,0.073879
7,engine-cognitio-000,COGNITIO,0,0.7041,True,1,41.65,0.775036,0.545703,True,0.086066
7,engine-intelligentia-001,INTELLIGENTIA,1,0.490417,True,5,661.38,0.742486,0.364128,True,0.127617
7,engine-quantumia-002,QUANTUMIA,2,0.816368,True,1,337.83,0.81901,0.668613,True,0.198334
7,engine-resonantia-003,RESONANTIA,3,0.54336,True,2,697.43,0.807704,0.438874,True,0.074674
7,engine-harmonia-004,HARMONIA,4,0.390884,True,5,25.45,0.701537,0.274219,True,0.22715
7,engine-velocitas-005,VELOCITAS,5,0.628067,True,17,421.99,0.764735,0.480305,True,0.010033
7,engine-prudentia-006,PRUDENTIA,6,0.549893,True,54,112.78,0.843932,0.464073,True,0.068141
7,engine-fortitudo-007,FORTITUDO,7,0.571833,True,47,502.03,0.784437,0.448567,True,0.046201
7,engine-temperantia-008,TEMPERANTIA,8,0.651394,True,67,344.14,0.990728,0.645354,True,0.03336
7,engine-iustitia-009,IUSTITIA,9,0.495915,True,85,662.6,0.821614,0.407451,True,0.122119
7,engine-sapientia-010,SAPIENTIA,10,0.676561,True,290,270.58,0.965477,0.653204,True,0.058527
7,engine-memoria-011,MEMORIA,11,0.713345,True,156,299.27,0.815181,0.581505,True,0.095311
7,engine-imaginatio-012,IMAGINATIO,12,0.460536,True,435,258.33,0.908809,0.418539,True,0.157498
7,engine-veritas-013,VERITAS,13,0.652176,True,849,427.52,0.843269,0.54996,True,0.034142
7,engine-libertas-014,LIBERTAS,14,0.516622,True,653,380.6,0.719285,0.371598,True,0.101412
7,engine-dignitas-015,DIGNITAS,15,0.674024,True,951,155.55,0.955421,0.643976,True,0.05599
7,engine-concordia-016,CONCORDIA,16,0.552309,True,973,248.79,0.785797,0.434003,True,0.065725
7,engine-aeternitas-017,AETERNITAS,17,0.492076,True,868,682.79,0.934957,0.46007,True,0.125958
7,engine-providentia-018,PROVIDENTIA,18,0.455922,True,384,213.13,0.867377,0.395456,True,0.162112
7,engine-scientia-019,SCIENTIA,19,0.563767,True,795,465.51,0.723519,0.407896,True,0.054267
7,engine-mathematica-020,MATHEMATICA,20,0.690064,True,849,230.76,0.746924,0.515426,True,0.07203
7,engine-cryptographia-021,CRYPTOGRAPHIA,21,0.548415,True,350,583.28,0.731837,0.401351,True,0.069619
7,engine-logica-022,LOGICA,22,0.649336,True,337,210.52,0.965776,0.627114,True,0.031302
7,engine-natura-023,NATURA,23,0.646243,True,485,423.51,0.816676,0.527771,True,0.028209
8,engine-cognitio-000,COGNITIO,0,0.789106,True,3,207.75,0.964882,0.761394,True,0.171072
8,engine-intelligentia-001,INTELLIGENTIA,1,0.496066,True,4,134.15,0.848784,0.421053,True,0.121968
8,engine-quantumia-002,QUANTUMIA,2,0.588408,True,4,313.58,0.985365,0.579797,True,0.029626
8,engine-resonantia-003,RESONANTIA,3,0.60563,True,2,118.15,0.893149,0.540918,True,0.012404
8,engine-harmonia-004,HARMONIA,4,0.708992,True,20,66.98,0.801576,0.568311,True,0.090958
8,engine-velocitas-005,VELOCITAS,5,0.790955,True,4,158.98,0.720403,0.569806,True,0.172921
8,engine-prudentia-006,PRUDENTIA,6,0.574344,True,21,664.53,0.805712,0.462756,True,0.04369
8,engine-fortitudo-007,FORTITUDO,7,0.759916,True,13,479.56,0.88808,0.674866,True,0.141882
8,engine-temperantia-008,TEMPERANTIA,8,0.683552,True,18,689.28,0.981154,0.67067,True,0.065518
8,engine-iustitia-009,IUSTITIA,9,0.569295,True,178,92.51,0.926547,0.527479,True,0.048739
8,engine-sapientia-010,SAPIENTIA,10,0.593192,True,306,390.37,0.711394,0.421993,True,0.024842
8,engine-memoria-011,MEMORIA,11,0.651495,True,455,414.72,0.821549,0.535235,True,0.033461
8,engine-imaginatio-012,IMAGINATIO,12,0.460117,True,791,380.15,0.818637,0.376668,True,0.157917
8,engine-veritas-013,VERITAS,13,0.48005,True,975,70.68,0.74962,0.359855,True,0.137984
8,engine-libertas-014,LIBERTAS,14,0.609928,True,156,85.71,0.882143,0.538043,True,0.008106
8,engine-dignitas-015,DIGNITAS,15,0.618296,True,762,460.63,0.840186,0.519484,True,0.000262
8,engine-concordia-016,CONCORDIA,16,0.613013,True,806,184.47,0.864993,0.530252,True,0.005021
8,engine-aeternitas-017,AETERNITAS,17,0.576915,True,653,66.5,0.860147,0.496232,True,0.041118
8,engine-providentia-018,PROVIDENTIA,18,0.54702,True,790,446.77,0.925944,0.50651,True,0.071014
8,engine-scientia-019,SCIENTIA,19,0.566964,True,516,180.81,0.986393,0.55925,True,0.05107
8,engine-mathematica-020,MATHEMATICA,20,0.514273,True,382,175.62,0.707651,0.363926,True,0.103761
8,engine-cryptographia-021,CRYPTOGRAPHIA,21,0.668818,True,936,74.14,0.732291,0.48977,True,0.050784
8,engine-logica-022,LOGICA,22,0.629457,True,140,185.87,0.961149,0.605002,True,0.011423
8,engine-natura-023,NATURA,23,0.586285,True,848,638.43,0.705209,0.413454,True,0.031749
9,engine-cognitio-000,COGNITIO,0,0.575154,True,1,477.95,0.759947,0.437087,True,0.04288
9,engine-intelligentia-001,INTELLIGENTIA,1,0.594599,True,4,532.77,0.761599,0.452846,True,0.023435
9,engine-quantumia-002,QUANTUMIA,2,0.472469,True,4,584.24,0.945897,0.446907,True,0.145565
9,engine-resonantia-003,RESONANTIA,3,0.61163,True,4,536.16,0.839176,0.513265,True,0.006404
9,engine-harmonia-004,HARMONIA,4,0.393656,True,12,570.93,0.998798,0.393183,True,0.224378
9,engine-velocitas-005,VELOCITAS,5,0.667031,True,24,413.06,0.795747,0.530788,True,0.048997
9,engine-prudentia-006,PRUDENTIA,6,0.648466,True,21,409.7,0.925159,0.599934,True,0.030432
9,engine-fortitudo-007,FORTITUDO,7,0.639741,True,78,27.96,0.818701,0.523757,True,0.021707
9,engine-temperantia-008,TEMPERANTIA,8,0.740023,True,104,338.73,0.780129,0.577313,True,0.121989
9,engine-iustitia-009,IUSTITIA,9,0.695768,True,55,543.48,0.917559,0.638408,True,0.077734
9,engine-sapientia-010,SAPIENTIA,10,0.527496,True,300,341.54,0.846412,0.446479,True,0.090538
9,engine-memoria-011,MEMORIA,11,0.750094,True,221,589.22,0.793912,0.595508,True,0.13206
9,engine-imaginatio-012,IMAGINATIO,12,0.617805,True,708,439.58,0.977776,0.604075,True,0.000229
9,engine-veritas-013,VERITAS,13,0.471994,True,498,471.87,0.98943,0.467005,True,0.14604
9,engine-libertas-014,LIBERTAS,14,0.646702,True,85,244.44,0.775956,0.501812,True,0.028668
9,engine-dignitas-015,DIGNITAS,15,0.654957,True,277,442.94,0.813979,0.533122,True,0.036923
9,engine-concordia-016,CONCORDIA,16,0.581983,True,634,458.44,0.980686,0.570743,True,0.036051
9,engine-aeternitas-017,AETERNITAS,17,0.543375,True,1,677.16,0.971906,0.52811,True,0.074659
9,engine-providentia-018,PROVIDENTIA,18,0.588094,True,299,89.76,0.853734,0.502076,True,0.02994
9,engine-scientia-019,SCIENTIA,19,0.70567,True,443,667.3,0.997827,0.704136,True,0.087636
9,engine-mathematica-020,MATHEMATICA,20,0.502182,True,403,388.78,0.856832,0.430286,True,0.115852
9,engine-cryptographia-021,CRYPTOGRAPHIA,21,0.603456,True,380,515.34,0.732949,0.442303,True,0.014578
9,engine-logica-022,LOGICA,22,0.576517,True,554,669.3,0.911794,0.525664,True,0.041517
9,engine-natura-023,NATURA,23,0.484244,True,253,560.35,0.708867,0.343265,True,0.13379
10,engine-cognitio-000,COGNITIO,0,0.871574,True,3,406.96,0.961444,0.83797,True,0.25354
10,engine-intelligentia-001,INTELLIGENTIA,1,0.477312,True,5,417.3,0.990154,0.472612,True,0.140722
10,engine-quantumia-002,QUANTUMIA,2,0.574811,True,5,580.57,0.785658,0.451605,True,0.043223
10,engine-resonantia-003,RESONANTIA,3,0.673307,True,8,515.94,0.788265,0.530745,True,0.055273
10,engine-harmonia-004,HARMONIA,4,0.620872,True,13,318.1,0.722446,0.448547,True,0.002838
10,engine-velocitas-005,VELOCITAS,5,0.59242,True,9,691.01,0.862874,0.511184,True,0.025614
10,engine-prudentia-006,PRUDENTIA,6,0.673046,True,22,422.19,0.987869,0.664881,True,0.055012
10,engine-fortitudo-007,FORTITUDO,7,0.472646,True,48,184.57,0.91138,0.43076,True,0.145388
10,engine-temperantia-008,TEMPERANTIA,8,0.686679,True,139,214.41,0.856794,0.588342,True,0.068645
10,engine-iustitia-009,IUSTITIA,9,0.651794,True,191,447.35,0.797975,0.520116,True,0.03376
10,engine-sapientia-010,SAPIENTIA,10,0.61318,True,36,301.53,0.851022,0.52183,True,0.004854
10,engine-memoria-011,MEMORIA,11,0.690218,True,243,122.81,0.974398,0.672547,True,0.072184
10,engine-imaginatio-012,IMAGINATIO,12,0.697425,True,199,58.09,0.775896,0.541129,True,0.079391
10,engine-veritas-013,VERITAS,13,0.533771,True,38,164.91,0.938722,0.501063,True,0.084263
10,engine-libertas-014,LIBERTAS,14,0.536276,True,829,539.99,0.783649,0.420252,True,0.081758
10,engine-dignitas-015,DIGNITAS,15,0.680566,True,249,252.78,0.709918,0.483146,True,0.062532
10,engine-concordia-016,CONCORDIA,16,0.716486,True,31,51.03,0.995533,0.713285,True,0.098452
10,engine-aeternitas-017,AETERNITAS,17,0.577511,True,388,529.68,0.886106,0.511736,True,0.040523
10,engine-providentia-018,PROVIDENTIA,18,0.772958,True,700,195.87,0.772293,0.59695,True,0.154924
10,engine-scientia-019,SCIENTIA,19,0.772707,True,288,496.08,0.996586,0.770069,True,0.154673
10,engine-mathematica-020,MATHEMATICA,20,0.538895,True,975,172.48,0.85598,0.461283,True,0.079139
10,engine-cryptographia-021,CRYPTOGRAPHIA,21,0.580959,True,557,320.17,0.948369,0.550964,True,0.037075
10,engine-logica-022,LOGICA,22,0.607538,True,441,14.67,0.835071,0.507337,True,0.010496
10,engine-natura-023,NATURA,23,0.53219,True,502,587.36,0.894775,0.47619,True,0.085844
11,engine-cognitio-000,COGNITIO,0,0.518447,True,3,363.9,0.873621,0.452926,True,0.099587
11,engine-intelligentia-001,INTELLIGENTIA,1,0.549918,True,5,630.95,0.998671,0.549187,True,0.068116
11,engine-quantumia-002,QUANTUMIA,2,0.411992,True,6,404.39,0.836284,0.344542,True,0.206042
11,engine-resonantia-003,RESONANTIA,3,0.517952,True,9,628.91,0.998068,0.516951,True,0.100082
11,engine-harmonia-004,HARMONIA,4,0.582316,True,5,26.09,0.733006,0.426841,True,0.035718
11,engine-velocitas-005,VELOCITAS,5,0.642609,True,10,162.03,0.720448,0.462967,True,0.024575
11,engine-prudentia-006,PRUDENTIA,6,0.5284,True,2,679.21,0.863167,0.456097,True,0.089634
11,engine-fortitudo-007,FORTITUDO,7,0.701407,True,64,383.6,0.873408,0.612614,True,0.083373
11,engine-temperantia-008,TEMPERANTIA,8,0.757059,True,142,175.86,0.777891,0.588909,True,0.139025
11,engine-iustitia-009,IUSTITIA,9,0.728197,True,2,443.36,0.81286,0.591923,True,0.110163
11,engine-sapientia-010,SAPIENTIA,10,0.552047,True,70,249.06,0.709666,0.391769,True,0.065987
11,engine-memoria-011,MEMORIA,11,0.564443,True,116,423.22,0.757379,0.427497,True,0.053591
11,engine-imaginatio-012,IMAGINATIO,12,0.611019,True,876,131.24,0.806281,0.492653,True,0.007015
11,engine-veritas-013,VERITAS,13,0.650354,True,770,395.66,0.720145,0.468349,True,0.03232
11,engine-libertas-014,LIBERTAS,14,0.6982,True,599,134.04,0.923401,0.644718,True,0.080166
11,engine-dignitas-015,DIGNITAS,15,0.693344,True,772,23.16,0.874324,0.606207,True,0.07531
11,engine-concordia-016,CONCORDIA,16,0.520611,True,79,535.27,0.810811,0.422117,True,0.097423
11,engine-aeternitas-017,AETERNITAS,17,0.738672,True,375,276.51,0.835123,0.616882,True,0.120638
11,engine-providentia-018,PROVIDENTIA,18,0.579347,True,709,356.79,0.954333,0.55289,True,0.038687
11,engine-scientia-019,SCIENTIA,19,0.69831,True,951,433.9,0.833041,0.581721,True,0.080276
11,engine-mathematica-020,MATHEMATICA,20,0.607864,True,493,411.3,0.77115,0.468754,True,0.01017
11,engine-cryptographia-021,CRYPTOGRAPHIA,21,0.635522,True,208,409.11,0.87478,0.555942,True,0.017488
11,engine-logica-022,LOGICA,22,0.543384,True,911,648.83,0.929104,0.50486,True,0.07465
11,engine-natura-023,NATURA,23,0.551923,True,573,599.29,0.777026,0.428858,True,0.066111
12,engine-cognitio-000,COGNITIO,0,0.731605,True,3,103.79,0.954406,0.698248,True,0.113571
12,engine-intelligentia-001,INTELLIGENTIA,1,0.582705,True,2,18.41,0.828979,0.48305,True,0.035329
12,engine-quantumia-002,QUANTUMIA,2,0.685893,True,5,323.18,0.788528,0.540846,True,0.067859
12,engine-resonantia-003,RESONANTIA,3,0.539398,True,11,644.79,0.747059,0.402962,True,0.078636
12,engine-harmonia-004,HARMONIA,4,0.625141,True,3,641.41,0.995813,0.622524,True,0.007107
12,engine-velocitas-005,VELOCITAS,5,0.535287,True,5,557.01,0.908258,0.486179,True,0.082747
12,engine-prudentia-006,PRUDENTIA,6,0.67655,True,16,67.99,0.902001,0.610249,True,0.058516
12,engine-fortitudo-007,FORTITUDO,7,0.77016,True,18,110.13,0.912436,0.702722,True,0.152126
12,engine-temperantia-008,TEMPERANTIA,8,0.676391,True,36,315.67,0.739524,0.500207,True,0.058357
12,engine-iustitia-009,IUSTITIA,9,0.600399,True,104,286.24,0.928126,0.557246,True,0.017635
12,engine-sapientia-010,SAPIENTIA,10,0.622305,True,182,120.81,0.750407,0.466982,True,0.004271
12,engine-memoria-011,MEMORIA,11,0.687781,True,582,571.58,0.925476,0.636525,True,0.069747
12,engine-imaginatio-012,IMAGINATIO,12,0.652132,True,827,426.12,0.816574,0.532514,True,0.034098
12,engine-veritas-013,VERITAS,13,0.751933,True,635,584.09,0.956723,0.719392,True,0.133899
12,engine-libertas-014,LIBERTAS,14,0.508271,True,890,110.0,0.731565,0.371833,True,0.109763
12,engine-dignitas-015,DIGNITAS,15,0.532386,True,286,498.57,0.867749,0.461977,True,0.085648
12,engine-concordia-016,CONCORDIA,16,0.676773,True,825,162.91,0.894895,0.605641,True,0.058739
12,engine-aeternitas-017,AETERNITAS,17,0.753835,True,818,487.95,0.822646,0.620139,True,0.135801
12,engine-providentia-018,PROVIDENTIA,18,0.646966,True,538,77.25,0.779316,0.504191,True,0.028932
12,engine-scientia-019,SCIENTIA,19,0.490323,True,14,339.59,0.964264,0.472801,True,0.127711
12,engine-mathematica-020,MATHEMATICA,20,0.609311,True,344,491.14,0.850002,0.517915,True,0.008723
12,engine-cryptographia-021,CRYPTOGRAPHIA,21,0.540429,True,771,189.62,0.958462,0.517981,True,0.077605
12,engine-logica-022,LOGICA,22,0.547899,True,315,452.27,0.971578,0.532327,True,0.070135
12,engine-natura-023,NATURA,23,0.616212,True,670,220.83,0.858323,0.528909,True,0.001822
13,engine-cognitio-000,COGNITIO,0,0.65934,True,2,373.89,0.788171,0.519672,True,0.041306
13,engine-intelligentia-001,INTELLIGENTIA,1,0.619299,True,4,573.06,0.775836,0.480475,True,0.001265
13,engine-quantumia-002,QUANTUMIA,2,0.713635,True,3,261.01,0.718354,0.512643,True,0.095601
13,engine-resonantia-003,RESONANTIA,3,0.452789,True,8,425.08,0.856586,0.387852,True,0.165245
13,engine-harmonia-004,HARMONIA,4,0.628802,True,21,581.71,0.985767,0.619852,True,0.010768
13,engine-velocitas-005,VELOCITAS,5,0.619566,True,23,35.33,0.877245,0.543511,True,0.001532
13,engine-prudentia-006,PRUDENTIA,6,0.570993,True,16,161.79,0.895355,0.511242,True,0.047041
13,engine-fortitudo-007,FORTITUDO,7,0.569908,True,78,256.21,0.936964,0.533984,True,0.048126
13,engine-temperantia-008,TEMPERANTIA,8,0.65778,True,32,530.28,0.904238,0.594789,True,0.039746
13,engine-iustitia-009,IUSTITIA,9,0.615088,True,221,234.75,0.950719,0.584775,True,0.002946
13,engine-sapientia-010,SAPIENTIA,10,0.584012,True,284,491.83,0.800447,0.467471,True,0.034022
13,engine-memoria-011,MEMORIA,11,0.633342,True,185,234.07,0.715231,0.452986,True,0.015308
13,engine-imaginatio-012,IMAGINATIO,12,0.68147,True,416,672.23,0.809338,0.55154,True,0.063436
13,engine-veritas-013,VERITAS,13,0.568329,True,708,119.41,0.785707,0.44654,True,0.049705
13,engine-libertas-014,LIBERTAS,14,0.630258,True,890,641.28,0.746576,0.470535,True,0.012224
13,engine-dignitas-015,DIGNITAS,15,0.596769,True,402,259.97,0.76204,0.454762,True,0.021265
13,engine-concordia-016,CONCORDIA,16,0.532438,True,16,193.38,0.938753,0.499827,True,0.085596
13,engine-aeternitas-017,AETERNITAS,17,0.582299,True,376,162.64,0.702633,0.409143,True,0.035735
13,engine-providentia-018,PROVIDENTIA,18,0.427914,True,255,79.22,0.720992,0.308522,True,0.19012
13,engine-scientia-019,SCIENTIA,19,0.77223,True,778,427.0,0.760795,0.587509,True,0.154196
13,engine-mathematica-020,MATHEMATICA,20,0.635367,True,827,271.93,0.852277,0.541508,True,0.017333
13,engine-cryptographia-021,CRYPTOGRAPHIA,21,0.588774,True,460,137.41,0.815995,0.480437,True,0.02926
13,engine-logica-022,LOGICA,22,0.5559,True,762,108.6,0.906487,0.503916,True,0.062134
13,engine-natura-023,NATURA,23,0.698028,True,278,454.49,0.720325,0.502807,True,0.079994
14,engine-cognitio-000,COGNITIO,0,0.69277,True,2,264.78,0.702499,0.48667,True,0.074736
14,engine-intelligentia-001,INTELLIGENTIA,1,0.634572,True,1,447.56,0.812275,0.515447,True,0.016538
14,engine-quantumia-002,QUANTUMIA,2,0.545353,True,3,326.66,0.844897,0.460767,True,0.072681
14,engine-resonantia-003,RESONANTIA,3,0.473364,True,1,610.21,0.903962,0.427903,True,0.14467
14,engine-harmonia-004,HARMONIA,4,0.542244,True,16,342.57,0.97223,0.527186,True,0.07579
14,engine-velocitas-005,VELOCITAS,5,0.657846,True,27,629.5,0.706409,0.464708,True,0.039812
14,engine-prudentia-006,PRUDENTIA,6,0.586608,True,50,612.71,0.783901,0.459843,True,0.031426
14,engine-fortitudo-007,FORTITUDO,7,0.45391,True,21,269.35,0.907439,0.411896,True,0.164124
14,engine-temperantia-008,TEMPERANTIA,8,0.626324,True,19,52.03,0.721913,0.452152,True,0.00829
14,engine-iustitia-009,IUSTITIA,9,0.502282,True,42,653.16,0.85664,0.430275,True,0.115752
14,engine-sapientia-010,SAPIENTIA,10,0.608548,True,129,608.97,0.777613,0.473215,True,0.009486
14,engine-memoria-011,MEMORIA,11,0.609946,True,205,379.72,0.854664,0.521299,True,0.008088
14,engine-imaginatio-012,IMAGINATIO,12,0.508509,True,356,328.13,0.919372,0.467509,True,0.109525
14,engine-veritas-013,VERITAS,13,0.471033,True,542,579.29,0.734507,0.345977,True,0.147001
14,engine-libertas-014,LIBERTAS,14,0.618012,True,878,447.43,0.752198,0.464868,True,2.2e-05
14,engine-dignitas-015,DIGNITAS,15,0.540452,True,840,238.26,0.760719,0.411132,True,0.077582
14,engine-concordia-016,CONCORDIA,16,0.54632,True,56,677.42,0.848571,0.463592,True,0.071714
14,engine-aeternitas-017,AETERNITAS,17,0.45214,True,773,619.87,0.879628,0.397715,True,0.165894
14,engine-providentia-018,PROVIDENTIA,18,0.557594,True,397,576.98,0.987023,0.550358,True,0.06044
14,engine-scientia-019,SCIENTIA,19,0.598044,True,956,331.25,0.706174,0.422323,True,0.01999
14,engine-mathematica-020,MATHEMATICA,20,0.606973,True,899,45.92,0.715092,0.434041,True,0.011061
14,engine-cryptographia-021,CRYPTOGRAPHIA,21,0.542936,True,107,264.17,0.812451,0.441109,True,0.075098
14,engine-logica-022,LOGICA,22,0.540544,True,190,299.76,0.863541,0.466782,True,0.07749
14,engine-natura-023,NATURA,23,0.511483,True,541,635.65,0.818997,0.418903,True,0.106551
15,engine-cognitio-000,COGNITIO,0,0.777772,True,3,125.74,0.713225,0.554726,True,0.159738
15,engine-intelligentia-001,INTELLIGENTIA,1,0.455777,True,1,373.93,0.730303,0.332855,True,0.162257
15,engine-quantumia-002,QUANTUMIA,2,0.712532,True,4,417.81,0.984183,0.701262,True,0.094498
15,engine-resonantia-003,RESONANTIA,3,0.732402,True,2,613.05,0.995788,0.729317,True,0.114368
15,engine-harmonia-004,HARMONIA,4,0.609982,True,9,500.47,0.872343,0.532114,True,0.008052
15,engine-velocitas-005,VELOCITAS,5,0.562541,True,24,514.18,0.785159,0.441684,True,0.055493
15,engine-prudentia-006,PRUDENTIA,6,0.550915,True,54,52.16,0.782503,0.431092,True,0.067119
15,engine-fortitudo-007,FORTITUDO,7,0.435063,True,25,17.6,0.86766,0.377487,True,0.182971
15,engine-temperantia-008,TEMPERANTIA,8,0.390487,True,89,542.9,0.72017,0.281217,True,0.227547
15,engine-iustitia-009,IUSTITIA,9,0.551663,True,47,458.76,0.981219,0.541302,True,0.066371
15,engine-sapientia-010,SAPIENTIA,10,0.544409,True,118,164.75,0.782014,0.425736,True,0.073624
15,engine-memoria-011,MEMORIA,11,0.671117,True,510,440.85,0.814567,0.546669,True,0.053083
15,engine-imaginatio-012,IMAGINATIO,12,0.544764,True,591,441.46,0.941025,0.512636,True,0.07327
15,engine-veritas-013,VERITAS,13,0.619705,True,939,303.42,0.94187,0.583682,True,0.001671
15,engine-libertas-014,LIBERTAS,14,0.623578,True,232,571.02,0.797826,0.497507,True,0.005544
15,engine-dignitas-015,DIGNITAS,15,0.592155,True,670,63.43,0.942733,0.558244,True,0.025879
15,engine-concordia-016,CONCORDIA,16,0.782193,True,213,686.51,0.820688,0.641936,True,0.164159
15,engine-aeternitas-017,AETERNITAS,17,0.599556,True,497,145.5,0.905978,0.543185,True,0.018478
15,engine-providentia-018,PROVIDENTIA,18,0.801189,True,427,47.6,0.819269,0.656389,True,0.183155
15,engine-scientia-019,SCIENTIA,19,0.633126,True,181,335.45,0.949797,0.601342,True,0.015092
15,engine-mathematica-020,MATHEMATICA,20,0.779394,True,619,249.79,0.869911,0.678003,True,0.16136
15,engine-cryptographia-021,CRYPTOGRAPHIA,21,0.556878,True,857,683.08,0.955655,0.532184,True,0.061156
15,engine-logica-022,LOGICA,22,0.702309,True,779,107.68,0.947957,0.665759,True,0.084275
15,engine-natura-023,NATURA,23,0.708459,True,460,406.25,0.765474,0.542307,True,0.090425
16,engine-cognitio-000,COGNITIO,0,0.676247,True,2,41.49,0.838688,0.567161,True,0.058213
16,engine-intelligentia-001,INTELLIGENTIA,1,0.426227,True,1,164.84,0.889966,0.379327,True,0.191807
16,engine-quantumia-002,QUANTUMIA,2,0.620275,True,7,541.61,0.877111,0.54405,True,0.002241
16,engine-resonantia-003,RESONANTIA,3,0.765154,True,8,43.56,0.980678,0.750369,True,0.14712
16,engine-harmonia-004,HARMONIA,4,0.668864,True,4,668.71,0.907268,0.606839,True,0.05083
16,engine-velocitas-005,VELOCITAS,5,0.668301,True,17,289.55,0.792896,0.529893,True,0.050267
16,engine-prudentia-006,PRUDENTIA,6,0.845401,True,14,693.55,0.82462,0.697135,True,0.227367
16,engine-fortitudo-007,FORTITUDO,7,0.582211,True,84,54.04,0.883135,0.514171,True,0.035823
16,engine-temperantia-008,TEMPERANTIA,8,0.732156,True,128,488.75,0.725887,0.531463,True,0.114122
16,engine-iustitia-009,IUSTITIA,9,0.742632,True,172,422.08,0.866316,0.643354,True,0.124598
16,engine-sapientia-010,SAPIENTIA,10,0.502518,True,140,546.8,0.982545,0.493747,True,0.115516
16,engine-memoria-011,MEMORIA,11,0.7297,True,603,216.29,0.77629,0.566459,True,0.111666
16,engine-imaginatio-012,IMAGINATIO,12,0.388418,True,518,159.35,0.967106,0.375641,True,0.229616
16,engine-veritas-013,VERITAS,13,0.613648,True,790,540.39,0.898615,0.551433,True,0.004386
16,engine-libertas-014,LIBERTAS,14,0.602445,True,450,665.37,0.90711,0.546484,True,0.015589
16,engine-dignitas-015,DIGNITAS,15,0.605479,True,260,438.8,0.919761,0.556896,True,0.012555
16,engine-concordia-016,CONCORDIA,16,0.654326,True,294,44.15,0.960917,0.628753,True,0.036292
16,engine-aeternitas-017,AETERNITAS,17,0.677064,True,408,171.58,0.861557,0.583329,True,0.05903
16,engine-providentia-018,PROVIDENTIA,18,0.628434,True,261,569.62,0.95024,0.597164,True,0.0104
16,engine-scientia-019,SCIENTIA,19,0.657474,True,511,558.83,0.787232,0.517585,True,0.03944
16,engine-mathematica-020,MATHEMATICA,20,0.554853,True,834,370.65,0.87639,0.486267,True,0.063181
16,engine-cryptographia-021,CRYPTOGRAPHIA,21,0.892311,True,259,494.42,0.836066,0.746031,True,0.274277
16,engine-logica-022,LOGICA,22,0.655328,True,291,447.08,0.771696,0.505714,True,0.037294
16,engine-natura-023,NATURA,23,0.665195,True,649,482.81,0.973066,0.647279,True,0.047161
17,engine-cognitio-000,COGNITIO,0,0.616442,True,1,200.0,0.897493,0.553253,True,0.001592
17,engine-intelligentia-001,INTELLIGENTIA,1,0.440613,True,2,488.04,0.960719,0.423306,True,0.177421
17,engine-quantumia-002,QUANTUMIA,2,0.842096,True,4,515.56,0.754401,0.635278,True,0.224062
17,engine-resonantia-003,RESONANTIA,3,0.687991,True,4,198.05,0.983243,0.676463,True,0.069957
17,engine-harmonia-004,HARMONIA,4,0.614231,True,12,118.52,0.7855,0.482479,True,0.003803
17,engine-velocitas-005,VELOCITAS,5,0.476207,True,28,568.78,0.830146,0.395321,True,0.141827
17,engine-prudentia-006,PRUDENTIA,6,0.573251,True,6,587.65,0.960857,0.550812,True,0.044783
17,engine-fortitudo-007,FORTITUDO,7,0.726564,True,51,399.49,0.795745,0.57816,True,0.10853
17,engine-temperantia-008,TEMPERANTIA,8,0.705145,True,18,590.75,0.833395,0.587664,True,0.087111
17,engine-iustitia-009,IUSTITIA,9,0.758041,True,228,340.97,0.742737,0.563025,True,0.140007
17,engine-sapientia-010,SAPIENTIA,10,0.700022,True,176,292.34,0.77433,0.542048,True,0.081988
17,engine-memoria-011,MEMORIA,11,0.361497,True,37,346.96,0.821227,0.296871,True,0.256537
17,engine-imaginatio-012,IMAGINATIO,12,0.796479,True,296,15.25,0.879803,0.700745,True,0.178445
17,engine-veritas-013,VERITAS,13,0.670414,True,777,260.48,0.960283,0.643787,True,0.05238
17,engine-libertas-014,LIBERTAS,14,0.644285,True,3,485.17,0.797254,0.513659,True,0.026251
17,engine-dignitas-015,DIGNITAS,15,0.563371,True,453,684.35,0.815624,0.459499,True,0.054663
17,engine-concordia-016,CONCORDIA,16,0.699365,True,544,557.57,0.890548,0.622818,True,0.081331
17,engine-aeternitas-017,AETERNITAS,17,0.724565,True,894,249.39,0.874976,0.633977,True,0.106531
17,engine-providentia-018,PROVIDENTIA,18,0.736291,True,563,158.44,0.899061,0.661971,True,0.118257
17,engine-scientia-019,SCIENTIA,19,0.588692,True,896,329.98,0.790306,0.465247,True,0.029342
17,engine-mathematica-020,MATHEMATICA,20,0.531406,True,63,307.88,0.739867,0.39317,True,0.086628
17,engine-cryptographia-021,CRYPTOGRAPHIA,21,0.55149,True,289,363.41,0.738711,0.407392,True,0.066544
17,engine-logica-022,LOGICA,22,0.623994,True,965,664.84,0.955017,0.595925,True,0.00596
17,engine-natura-023,NATURA,23,0.634894,True,344,612.16,0.859651,0.545787,True,0.01686
18,engine-cognitio-000,COGNITIO,0,0.603035,True,1,40.63,0.85362,0.514763,True,0.014999
18,engine-intelligentia-001,INTELLIGENTIA,1,0.739042,True,1,116.72,0.953481,0.704662,True,0.121008
18,engine-quantumia-002,QUANTUMIA,2,0.591968,True,5,32.44,0.730949,0.432698,True,0.026066
18,engine-resonantia-003,RESONANTIA,3,0.582753,True,9,100.33,0.891684,0.519631,True,0.035281
18,engine-harmonia-004,HARMONIA,4,0.591015,True,19,521.75,0.876897,0.518259,True,0.027019
18,engine-velocitas-005,VELOCITAS,5,0.752246,True,33,685.49,0.832284,0.626083,True,0.134212
18,engine-prudentia-006,PRUDENTIA,6,0.572467,True,6,577.24,0.703429,0.40269,True,0.045567
18,engine-fortitudo-007,FORTITUDO,7,0.434424,True,44,515.02,0.995264,0.432367,True,0.18361
18,engine-temperantia-008,TEMPERANTIA,8,0.572664,True,71,207.66,0.983218,0.563053,True,0.04537
18,engine-iustitia-009,IUSTITIA,9,0.655609,True,218,541.91,0.918765,0.602351,True,0.037575
18,engine-sapientia-010,SAPIENTIA,10,0.606097,True,118,599.37,0.765533,0.463987,True,0.011937
18,engine-memoria-011,MEMORIA,11,0.602488,True,114,673.97,0.796796,0.48006,True,0.015546
18,engine-imaginatio-012,IMAGINATIO,12,0.667789,True,784,200.15,0.866166,0.578416,True,0.049755
18,engine-veritas-013,VERITAS,13,0.685909,True,113,662.27,0.761542,0.522348,True,0.067875
18,engine-libertas-014,LIBERTAS,14,0.444056,True,78,312.99,0.90251,0.400765,True,0.173978
18,engine-dignitas-015,DIGNITAS,15,0.604765,True,307,492.02,0.944273,0.571063,True,0.013269
18,engine-concordia-016,CONCORDIA,16,0.630935,True,152,350.06,0.803433,0.506914,True,0.012901
18,engine-aeternitas-017,AETERNITAS,17,0.549413,True,262,682.67,0.853915,0.469152,True,0.068621
18,engine-providentia-018,PROVIDENTIA,18,0.543756,True,929,370.17,0.954932,0.51925,True,0.074278
18,engine-scientia-019,SCIENTIA,19,0.623976,True,225,226.28,0.87524,0.546128,True,0.005942
18,engine-mathematica-020,MATHEMATICA,20,0.647067,True,620,291.45,0.846295,0.54761,True,0.029033
18,engine-cryptographia-021,CRYPTOGRAPHIA,21,0.435828,True,247,205.6,0.78129,0.340508,True,0.182206
18,engine-logica-022,LOGICA,22,0.672714,True,841,374.26,0.779418,0.524326,True,0.05468
18,engine-natura-023,NATURA,23,0.510763,True,737,542.47,0.863287,0.440935,True,0.107271
19,engine-cognitio-000,COGNITIO,0,0.575324,True,3,654.12,0.991072,0.570188,True,0.04271
19,engine-intelligentia-001,INTELLIGENTIA,1,0.567907,True,4,671.57,0.948721,0.538785,True,0.050127
19,engine-quantumia-002,QUANTUMIA,2,0.697166,True,8,104.44,0.905132,0.631027,True,0.079132
19,engine-resonantia-003,RESONANTIA,3,0.60283,True,6,607.55,0.842166,0.507683,True,0.015204
19,engine-harmonia-004,HARMONIA,4,0.707204,True,19,34.31,0.892383,0.631097,True,0.08917
19,engine-velocitas-005,VELOCITAS,5,0.685232,True,27,277.75,0.709985,0.486505,True,0.067198
19,engine-prudentia-006,PRUDENTIA,6,0.485406,True,25,286.14,0.715283,0.347203,True,0.132628
19,engine-fortitudo-007,FORTITUDO,7,0.605772,True,35,195.18,0.807506,0.489165,True,0.012262
19,engine-temperantia-008,TEMPERANTIA,8,0.479689,True,50,384.62,0.899667,0.43156,True,0.138345
19,engine-iustitia-009,IUSTITIA,9,0.724379,True,127,628.24,0.892074,0.646199,True,0.106345
19,engine-sapientia-010,SAPIENTIA,10,0.571188,True,216,324.32,0.868571,0.496117,True,0.046846
19,engine-memoria-011,MEMORIA,11,0.60424,True,368,644.37,0.807735,0.488066,True,0.013794
19,engine-imaginatio-012,IMAGINATIO,12,0.668942,True,964,685.14,0.861507,0.576298,True,0.050908
19,engine-veritas-013,VERITAS,13,0.846695,True,196,175.23,0.707876,0.599355,True,0.228661
19,engine-libertas-014,LIBERTAS,14,0.716408,True,186,373.13,0.797109,0.571055,True,0.098374
19,engine-dignitas-015,DIGNITAS,15,0.560666,True,198,91.4,0.879775,0.49326,True,0.057368
19,engine-concordia-016,CONCORDIA,16,0.62346,True,324,243.36,0.812442,0.506525,True,0.005426
19,engine-aeternitas-017,AETERNITAS,17,0.689855,True,598,698.15,0.780974,0.538759,True,0.071821
19,engine-providentia-018,PROVIDENTIA,18,0.495522,True,872,577.29,0.895231,0.443607,True,0.122512
19,engine-scientia-019,SCIENTIA,19,0.574864,True,515,556.2,0.893237,0.513489,True,0.04317
19,engine-mathematica-020,MATHEMATICA,20,0.68792,True,14,199.31,0.70564,0.485424,True,0.069886
19,engine-cryptographia-021,CRYPTOGRAPHIA,21,0.617862,True,500,50.58,0.964426,0.595882,True,0.000172
19,engine-logica-022,LOGICA,22,0.628032,True,963,476.27,0.729167,0.45794,True,0.009998
19,engine-natura-023,NATURA,23,0.521403,True,381,691.55,0.730948,0.381119,True,0.096631
20,engine-cognitio-000,COGNITIO,0,0.640463,True,2,176.14,0.946367,0.606113,True,0.022429
20,engine-intelligentia-001,INTELLIGENTIA,1,0.507543,True,4,188.58,0.843605,0.428165,True,0.110491
20,engine-quantumia-002,QUANTUMIA,2,0.629066,True,3,123.67,0.857562,0.539463,True,0.011032
20,engine-resonantia-003,RESONANTIA,3,0.55948,True,1,398.56,0.842773,0.471515,True,0.058554
20,engine-harmonia-004,HARMONIA,4,0.622174,True,4,364.27,0.818561,0.509287,True,0.00414
20,engine-velocitas-005,VELOCITAS,5,0.548871,True,22,234.51,0.745014,0.408917,True,0.069163
20,engine-prudentia-006,PRUDENTIA,6,0.589231,True,22,121.7,0.799618,0.471159,True,0.028803
20,engine-fortitudo-007,FORTITUDO,7,0.599666,True,60,80.52,0.934063,0.560126,True,0.018368
20,engine-temperantia-008,TEMPERANTIA,8,0.491023,True,32,117.79,0.958377,0.470585,True,0.127011
20,engine-iustitia-009,IUSTITIA,9,0.585683,True,189,451.73,0.818056,0.479121,True,0.032351
20,engine-sapientia-010,SAPIENTIA,10,0.638943,True,341,504.87,0.727491,0.464825,True,0.020909
20,engine-memoria-011,MEMORIA,11,0.434618,True,26,617.13,0.948339,0.412165,True,0.183416
20,engine-imaginatio-012,IMAGINATIO,12,0.72123,True,728,49.9,0.976262,0.70411,True,0.103196
20,engine-veritas-013,VERITAS,13,0.679275,True,967,558.57,0.781803,0.531059,True,0.061241
20,engine-libertas-014,LIBERTAS,14,0.536503,True,570,627.06,0.732767,0.393132,True,0.081531
20,engine-dignitas-015,DIGNITAS,15,0.695153,True,542,309.87,0.715743,0.497551,True,0.077119
20,engine-concordia-016,CONCORDIA,16,0.505671,True,428,642.96,0.996018,0.503657,True,0.112363
20,engine-aeternitas-017,AETERNITAS,17,0.599688,True,731,683.64,0.71586,0.429293,True,0.018346
20,engine-providentia-018,PROVIDENTIA,18,0.493186,True,701,378.47,0.762478,0.376044,True,0.124848
20,engine-scientia-019,SCIENTIA,19,0.633896,True,187,276.19,0.983453,0.623407,True,0.015862
20,engine-mathematica-020,MATHEMATICA,20,0.557081,True,144,471.79,0.930653,0.518449,True,0.060953
20,engine-cryptographia-021,CRYPTOGRAPHIA,21,0.832923,True,603,577.51,0.870509,0.725067,True,0.214889
20,engine-logica-022,LOGICA,22,0.621989,True,849,43.74,0.959648,0.596891,True,0.003955
20,engine-natura-023,NATURA,23,0.718022,True,236,288.16,0.764595,0.548996,True,0.099988
21,engine-cognitio-000,COGNITIO,0,0.528232,True,3,114.19,0.770195,0.406842,True,0.089802
21,engine-intelligentia-001,INTELLIGENTIA,1,0.620741,True,3,420.58,0.778543,0.483274,True,0.002707
21,engine-quantumia-002,QUANTUMIA,2,0.625501,True,5,194.66,0.884537,0.553278,True,0.007467
21,engine-resonantia-003,RESONANTIA,3,0.605173,True,5,191.34,0.757193,0.458233,True,0.012861
21,engine-harmonia-004,HARMONIA,4,0.648724,True,10,577.77,0.868688,0.563539,True,0.03069
21,engine-velocitas-005,VELOCITAS,5,0.641323,True,15,296.4,0.820381,0.526129,True,0.023289
21,engine-prudentia-006,PRUDENTIA,6,0.707799,True,21,191.74,0.927923,0.656783,True,0.089765
21,engine-fortitudo-007,FORTITUDO,7,0.665985,True,82,108.65,0.833854,0.555335,True,0.047951
21,engine-temperantia-008,TEMPERANTIA,8,0.574231,True,64,375.72,0.928898,0.533402,True,0.043803
21,engine-iustitia-009,IUSTITIA,9,0.623297,True,63,223.08,0.804937,0.501715,True,0.005263
21,engine-sapientia-010,SAPIENTIA,10,0.56183,True,345,120.13,0.908357,0.510342,True,0.056204
21,engine-memoria-011,MEMORIA,11,0.637393,True,502,245.13,0.864247,0.550865,True,0.019359
21,engine-imaginatio-012,IMAGINATIO,12,0.607172,True,320,173.6,0.970653,0.589354,True,0.010862
21,engine-veritas-013,VERITAS,13,0.401105,True,676,412.19,0.845459,0.339118,True,0.216929
21,engine-libertas-014,LIBERTAS,14,0.551007,True,437,595.64,0.946071,0.521292,True,0.067027
21,engine-dignitas-015,DIGNITAS,15,0.775957,True,652,137.2,0.770208,0.597648,True,0.157923
21,engine-concordia-016,CONCORDIA,16,0.614329,True,339,240.27,0.874118,0.536996,True,0.003705
21,engine-aeternitas-017,AETERNITAS,17,0.558523,True,370,646.11,0.728927,0.407123,True,0.05951
21,engine-providentia-018,PROVIDENTIA,18,0.736174,True,775,77.51,0.878509,0.646735,True,0.11814
21,engine-scientia-019,SCIENTIA,19,0.589901,True,494,132.67,0.88092,0.519656,True,0.028133
21,engine-mathematica-020,MATHEMATICA,20,0.753517,True,582,269.81,0.748836,0.564261,True,0.135483
21,engine-cryptographia-021,CRYPTOGRAPHIA,21,0.648804,True,39,389.66,0.823894,0.534546,True,0.03077
21,engine-logica-022,LOGICA,22,0.724511,True,26,643.66,0.734831,0.532393,True,0.106477
21,engine-natura-023,NATURA,23,0.451935,True,912,350.11,0.703033,0.317725,True,0.166099
22,engine-cognitio-000,COGNITIO,0,0.560829,True,3,202.07,0.898246,0.503763,True,0.057205
22,engine-intelligentia-001,INTELLIGENTIA,1,0.806711,True,4,631.67,0.955545,0.770849,True,0.188677
22,engine-quantumia-002,QUANTUMIA,2,0.518092,True,6,120.8,0.984092,0.50985,True,0.099942
22,engine-resonantia-003,RESONANTIA,3,0.482555,True,5,577.07,0.949639,0.458253,True,0.135479
22,engine-harmonia-004,HARMONIA,4,0.595274,True,9,123.08,0.950346,0.565716,True,0.02276
22,engine-velocitas-005,VELOCITAS,5,0.622691,True,19,61.69,0.753712,0.46933,True,0.004657
22,engine-prudentia-006,PRUDENTIA,6,0.472287,True,51,685.49,0.715181,0.33777,True,0.145747
22,engine-fortitudo-007,FORTITUDO,7,0.670095,True,82,190.75,0.731289,0.490033,True,0.052061
22,engine-temperantia-008,TEMPERANTIA,8,0.682088,True,106,171.31,0.923536,0.629933,True,0.064054
22,engine-iustitia-009,IUSTITIA,9,0.677653,True,7,381.1,0.726854,0.492555,True,0.059619
22,engine-sapientia-010,SAPIENTIA,10,0.592059,True,235,57.58,0.829604,0.491174,True,0.025975
22,engine-memoria-011,MEMORIA,11,0.59577,True,225,122.53,0.940139,0.560107,True,0.022264
22,engine-imaginatio-012,IMAGINATIO,12,0.601613,True,956,630.15,0.859994,0.517384,True,0.016421
22,engine-veritas-013,VERITAS,13,0.500473,True,902,382.68,0.950868,0.475884,True,0.117561
22,engine-libertas-014,LIBERTAS,14,0.397345,True,654,46.95,0.939248,0.373205,True,0.220689
22,engine-dignitas-015,DIGNITAS,15,0.466263,True,559,477.12,0.953011,0.444354,True,0.151771
22,engine-concordia-016,CONCORDIA,16,0.787488,True,73,435.65,0.768419,0.605121,True,0.169454
22,engine-aeternitas-017,AETERNITAS,17,0.521579,True,316,367.13,0.922795,0.48131,True,0.096455
22,engine-providentia-018,PROVIDENTIA,18,0.733719,True,372,558.75,0.875926,0.642683,True,0.115685
22,engine-scientia-019,SCIENTIA,19,0.639866,True,854,651.88,0.795298,0.508884,True,0.021832
22,engine-mathematica-020,MATHEMATICA,20,0.61091,True,520,242.6,0.761436,0.465169,True,0.007124
22,engine-cryptographia-021,CRYPTOGRAPHIA,21,0.551782,True,351,533.5,0.873791,0.482142,True,0.066252
22,engine-logica-022,LOGICA,22,0.661602,True,270,319.37,0.946406,0.626145,True,0.043568
22,engine-natura-023,NATURA,23,0.637021,True,125,481.45,0.921715,0.587152,True,0.018987
23,engine-cognitio-000,COGNITIO,0,0.534121,True,2,687.64,0.793573,0.423864,True,0.083913
23,engine-intelligentia-001,INTELLIGENTIA,1,0.722465,True,3,692.67,0.795887,0.575,True,0.104431
23,engine-quantumia-002,QUANTUMIA,2,0.718122,True,6,557.95,0.707814,0.508297,True,0.100088
23,engine-resonantia-003,RESONANTIA,3,0.632602,True,2,39.08,0.859622,0.543799,True,0.014568
23,engine-harmonia-004,HARMONIA,4,0.48836,True,9,404.4,0.702001,0.342829,True,0.129674
23,engine-velocitas-005,VELOCITAS,5,0.505022,True,26,123.53,0.771722,0.389737,True,0.113012
23,engine-prudentia-006,PRUDENTIA,6,0.45371,True,17,593.0,0.99114,0.449691,True,0.164324
23,engine-fortitudo-007,FORTITUDO,7,0.565223,True,55,89.18,0.897661,0.507379,True,0.052811
23,engine-temperantia-008,TEMPERANTIA,8,0.668107,True,42,252.27,0.89907,0.600675,True,0.050073
23,engine-iustitia-009,IUSTITIA,9,0.658072,True,54,254.28,0.738771,0.486164,True,0.040038
23,engine-sapientia-010,SAPIENTIA,10,0.566292,True,198,21.22,0.793683,0.449457,True,0.051742
23,engine-memoria-011,MEMORIA,11,0.779694,True,531,586.76,0.997784,0.777966,True,0.16166
23,engine-imaginatio-012,IMAGINATIO,12,0.474349,True,75,59.02,0.850866,0.403608,True,0.143685
23,engine-veritas-013,VERITAS,13,0.501625,True,440,401.38,0.827274,0.414982,True,0.116409
23,engine-libertas-014,LIBERTAS,14,0.695776,True,388,362.5,0.839913,0.584392,True,0.077742
23,engine-dignitas-015,DIGNITAS,15,0.509561,True,86,307.46,0.718991,0.36637,True,0.108473
23,engine-concordia-016,CONCORDIA,16,0.570295,True,567,304.86,0.985755,0.562171,True,0.047739
23,engine-aeternitas-017,AETERNITAS,17,0.769129,True,370,401.42,0.959369,0.737878,True,0.151095
23,engine-providentia-018,PROVIDENTIA,18,0.535036,True,268,317.31,0.977281,0.522881,True,0.082998
23,engine-scientia-019,SCIENTIA,19,0.505799,True,842,137.79,0.925204,0.467968,True,0.112235
23,engine-mathematica-020,MATHEMATICA,20,0.629718,True,615,432.87,0.72496,0.456521,True,0.011684
23,engine-cryptographia-021,CRYPTOGRAPHIA,21,0.637812,True,32,362.25,0.768041,0.489865,True,0.019778
23,engine-logica-022,LOGICA,22,0.563374,True,756,345.47,0.814164,0.458679,True,0.05466
23,engine-natura-023,NATURA,23,0.713457,True,148,107.0,0.890479,0.635319,True,0.095423
24,engine-cognitio-000,COGNITIO,0,0.541974,True,3,22.57,0.822876,0.445977,True,0.07606
24,engine-intelligentia-001,INTELLIGENTIA,1,0.678339,True,1,404.92,0.786048,0.533207,True,0.060305
24,engine-quantumia-002,QUANTUMIA,2,0.865429,True,2,608.66,0.798241,0.690821,True,0.247395
24,engine-resonantia-003,RESONANTIA,3,0.675881,True,2,135.83,0.834819,0.564239,True,0.057847
24,engine-harmonia-004,HARMONIA,4,0.680074,True,4,491.09,0.70701,0.480819,True,0.06204
24,engine-velocitas-005,VELOCITAS,5,0.714857,True,4,299.0,0.965484,0.690183,True,0.096823
24,engine-prudentia-006,PRUDENTIA,6,0.644447,True,16,442.92,0.703184,0.453165,True,0.026413
24,engine-fortitudo-007,FORTITUDO,7,0.723849,True,43,115.56,0.781251,0.565508,True,0.105815
24,engine-temperantia-008,TEMPERANTIA,8,0.559086,True,57,68.31,0.701988,0.392472,True,0.058948
24,engine-iustitia-009,IUSTITIA,9,0.666203,True,100,455.76,0.835772,0.556794,True,0.048169
24,engine-sapientia-010,SAPIENTIA,10,0.611888,True,134,318.85,0.87096,0.53293,True,0.006146
24,engine-memoria-011,MEMORIA,11,0.606591,True,411,85.07,0.802462,0.486767,True,0.011443
24,engine-imaginatio-012,IMAGINATIO,12,0.687605,True,339,116.04,0.990645,0.681173,True,0.069571
24,engine-veritas-013,VERITAS,13,0.735514,True,509,11.96,0.717152,0.527475,True,0.11748
24,engine-libertas-014,LIBERTAS,14,0.629897,True,150,144.7,0.979746,0.617139,True,0.011863
24,engine-dignitas-015,DIGNITAS,15,0.600292,True,528,340.83,0.852798,0.511927,True,0.017742
24,engine-concordia-016,CONCORDIA,16,0.693958,True,594,97.27,0.819288,0.568551,True,0.075924
24,engine-aeternitas-017,AETERNITAS,17,0.687648,True,664,63.67,0.749089,0.515109,True,0.069614
24,engine-providentia-018,PROVIDENTIA,18,0.81948,True,479,175.58,0.837747,0.686517,True,0.201446
24,engine-scientia-019,SCIENTIA,19,0.620562,True,425,559.34,0.784668,0.486935,True,0.002528
24,engine-mathematica-020,MATHEMATICA,20,0.647809,True,389,74.09,0.889904,0.576488,True,0.029775
24,engine-cryptographia-021,CRYPTOGRAPHIA,21,0.504491,True,50,35.87,0.910644,0.459412,True,0.113543
24,engine-logica-022,LOGICA,22,0.61763,True,143,469.12,0.822443,0.507966,True,0.000404
24,engine-natura-023,NATURA,23,0.48696,True,954,202.37,0.705281,0.343444,True,0.131074
25,engine-cognitio-000,COGNITIO,0,0.631016,True,3,435.73,0.730083,0.460694,True,0.012982
25,engine-intelligentia-001,INTELLIGENTIA,1,0.661648,True,3,414.29,0.733569,0.485365,True,0.043614
25,engine-quantumia-002,QUANTUMIA,2,0.569621,True,5,280.42,0.96587,0.55018,True,0.048413
25,engine-resonantia-003,RESONANTIA,3,0.560083,True,7,154.39,0.729073,0.408342,True,0.057951
25,engine-harmonia-004,HARMONIA,4,0.683013,True,9,336.05,0.96751,0.660822,True,0.064979
25,engine-velocitas-005,VELOCITAS,5,0.67505,True,19,516.7,0.779367,0.526112,True,0.057016
25,engine-prudentia-006,PRUDENTIA,6,0.591325,True,1,319.42,0.913929,0.540429,True,0.026709
25,engine-fortitudo-007,FORTITUDO,7,0.701433,True,16,474.0,0.852895,0.598249,True,0.083399
25,engine-temperantia-008,TEMPERANTIA,8,0.575302,True,92,505.81,0.985303,0.566847,True,0.042732
25,engine-iustitia-009,IUSTITIA,9,0.609398,True,126,118.61,0.767763,0.467873,True,0.008636
25,engine-sapientia-010,SAPIENTIA,10,0.580159,True,136,159.89,0.943719,0.547507,True,0.037875
25,engine-memoria-011,MEMORIA,11,0.643349,True,76,329.95,0.914709,0.588477,True,0.025315
25,engine-imaginatio-012,IMAGINATIO,12,0.483824,True,720,257.11,0.967165,0.467937,True,0.13421
25,engine-veritas-013,VERITAS,13,0.665495,True,115,508.63,0.795017,0.52908,True,0.047461
25,engine-libertas-014,LIBERTAS,14,0.876368,True,978,621.46,0.973516,0.853159,True,0.258334
25,engine-dignitas-015,DIGNITAS,15,0.577005,True,606,300.75,0.743946,0.429261,True,0.041029
25,engine-concordia-016,CONCORDIA,16,0.560388,True,373,565.92,0.970518,0.543867,True,0.057646
25,engine-aeternitas-017,AETERNITAS,17,0.540817,True,682,411.16,0.761499,0.411832,True,0.077217
25,engine-providentia-018,PROVIDENTIA,18,0.517728,True,625,399.09,0.874515,0.452761,True,0.100306
25,engine-scientia-019,SCIENTIA,19,0.632792,True,550,137.35,0.859638,0.543972,True,0.014758
25,engine-mathematica-020,MATHEMATICA,20,0.649847,True,726,684.49,0.71097,0.462022,True,0.031813
25,engine-cryptographia-021,CRYPTOGRAPHIA,21,0.529537,True,862,195.39,0.756496,0.400592,True,0.088497
25,engine-logica-022,LOGICA,22,0.580523,True,228,415.92,0.754283,0.437879,True,0.037511
25,engine-natura-023,NATURA,23,0.632126,True,554,606.86,0.981024,0.620131,True,0.014092
26,engine-cognitio-000,COGNITIO,0,0.797089,True,3,270.96,0.925016,0.73732,True,0.179055
26,engine-intelligentia-001,INTELLIGENTIA,1,0.598496,True,4,394.55,0.935457,0.559868,True,0.019538
26,engine-quantumia-002,QUANTUMIA,2,0.61341,True,1,668.29,0.889144,0.54541,True,0.004624
26,engine-resonantia-003,RESONANTIA,3,0.46865,True,9,379.14,0.89133,0.417721,True,0.149384
26,engine-harmonia-004,HARMONIA,4,0.580369,True,17,253.19,0.78963,0.458277,True,0.037665
26,engine-velocitas-005,VELOCITAS,5,0.502677,True,27,194.02,0.885286,0.445013,True,0.115357
26,engine-prudentia-006,PRUDENTIA,6,0.541437,True,6,430.28,0.922321,0.499379,True,0.076597
26,engine-fortitudo-007,FORTITUDO,7,0.578313,True,39,494.1,0.774782,0.448066,True,0.039721
26,engine-temperantia-008,TEMPERANTIA,8,0.523676,True,132,200.3,0.920799,0.4822,True,0.094358
26,engine-iustitia-009,IUSTITIA,9,0.69197,True,14,500.13,0.801059,0.554309,True,0.073936
26,engine-sapientia-010,SAPIENTIA,10,0.523877,True,188,208.05,0.721319,0.377882,True,0.094157
26,engine-memoria-011,MEMORIA,11,0.600586,True,503,13.17,0.998866,0.599905,True,0.017448
26,engine-imaginatio-012,IMAGINATIO,12,0.578116,True,984,39.85,0.877616,0.507364,True,0.039918
26,engine-veritas-013,VERITAS,13,0.437176,True,35,195.79,0.77119,0.337145,True,0.180858
26,engine-libertas-014,LIBERTAS,14,0.639759,True,411,113.45,0.879259,0.562514,True,0.021725
26,engine-dignitas-015,DIGNITAS,15,0.63798,True,620,186.72,0.92701,0.591414,True,0.019946
26,engine-concordia-016,CONCORDIA,16,0.687751,True,310,222.41,0.82296,0.565992,True,0.069717
26,engine-aeternitas-017,AETERNITAS,17,0.522514,True,95,653.17,0.714072,0.373112,True,0.09552
26,engine-providentia-018,PROVIDENTIA,18,0.645889,True,700,639.4,0.705005,0.455355,True,0.027855
26,engine-scientia-019,SCIENTIA,19,0.687324,True,764,540.66,0.737854,0.507145,True,0.06929
26,engine-mathematica-020,MATHEMATICA,20,0.701347,True,379,25.77,0.845892,0.593264,True,0.083313
26,engine-cryptographia-021,CRYPTOGRAPHIA,21,0.551664,True,196,406.91,0.81315,0.448585,True,0.06637
26,engine-logica-022,LOGICA,22,0.500886,True,239,234.89,0.839714,0.420601,True,0.117148
26,engine-natura-023,NATURA,23,0.738585,True,939,139.97,0.990886,0.731854,True,0.120551
27,engine-cognitio-000,COGNITIO,0,0.565172,True,2,429.89,0.74343,0.420166,True,0.052862
27,engine-intelligentia-001,INTELLIGENTIA,1,0.454037,True,5,681.56,0.815651,0.370336,True,0.163997
27,engine-quantumia-002,QUANTUMIA,2,0.805516,True,4,76.76,0.711115,0.572814,True,0.187482
27,engine-resonantia-003,RESONANTIA,3,0.621026,True,8,532.81,0.912769,0.566854,True,0.002992
27,engine-harmonia-004,HARMONIA,4,0.626846,True,4,652.16,0.956645,0.599669,True,0.008812
27,engine-velocitas-005,VELOCITAS,5,0.691398,True,7,653.55,0.844121,0.583624,True,0.073364
27,engine-prudentia-006,PRUDENTIA,6,0.511813,True,13,692.26,0.908533,0.464999,True,0.106221
27,engine-fortitudo-007,FORTITUDO,7,0.647147,True,56,363.98,0.827395,0.535446,True,0.029113
27,engine-temperantia-008,TEMPERANTIA,8,0.615238,True,86,454.32,0.780934,0.48046,True,0.002796
27,engine-iustitia-009,IUSTITIA,9,0.563383,True,213,253.23,0.886593,0.499491,True,0.054651
27,engine-sapientia-010,SAPIENTIA,10,0.52392,True,71,432.88,0.715297,0.374758,True,0.094114
27,engine-memoria-011,MEMORIA,11,0.549731,True,171,281.71,0.77035,0.423485,True,0.068303
27,engine-imaginatio-012,IMAGINATIO,12,0.621644,True,196,111.94,0.992612,0.617052,True,0.00361
27,engine-veritas-013,VERITAS,13,0.683552,True,978,497.2,0.970778,0.663577,True,0.065518
27,engine-libertas-014,LIBERTAS,14,0.460931,True,808,388.32,0.812193,0.374365,True,0.157103
27,engine-dignitas-015,DIGNITAS,15,0.557269,True,60,267.19,0.967612,0.53922,True,0.060765
27,engine-concordia-016,CONCORDIA,16,0.403421,True,938,240.32,0.944525,0.381042,True,0.214613
27,engine-aeternitas-017,AETERNITAS,17,0.585621,True,219,68.39,0.723567,0.423736,True,0.032413
27,engine-providentia-018,PROVIDENTIA,18,0.545285,True,670,123.24,0.930672,0.507481,True,0.072749
27,engine-scientia-019,SCIENTIA,19,0.64449,True,429,432.59,0.802257,0.517047,True,0.026456
27,engine-mathematica-020,MATHEMATICA,20,0.666475,True,775,343.05,0.742509,0.494864,True,0.048441
27,engine-cryptographia-021,CRYPTOGRAPHIA,21,0.749806,True,373,531.68,0.969802,0.727163,True,0.131772
27,engine-logica-022,LOGICA,22,0.728178,True,657,489.75,0.859127,0.625598,True,0.110144
27,engine-natura-023,NATURA,23,0.643137,True,704,608.88,0.714339,0.459418,True,0.025103
28,engine-cognitio-000,COGNITIO,0,0.447987,True,2,27.21,0.909742,0.407553,True,0.170047
28,engine-intelligentia-001,INTELLIGENTIA,1,0.554131,True,2,459.28,0.951744,0.527391,True,0.063902
28,engine-quantumia-002,QUANTUMIA,2,0.57444,True,5,331.97,0.761171,0.437247,True,0.043594
28,engine-resonantia-003,RESONANTIA,3,0.543453,True,5,588.08,0.75716,0.411481,True,0.074581
28,engine-harmonia-004,HARMONIA,4,0.622108,True,13,20.88,0.806031,0.501438,True,0.004074
28,engine-velocitas-005,VELOCITAS,5,0.661281,True,8,650.12,0.981337,0.648939,True,0.043247
28,engine-prudentia-006,PRUDENTIA,6,0.732895,True,49,549.14,0.804533,0.589638,True,0.114861
28,engine-fortitudo-007,FORTITUDO,7,0.531495,True,7,254.23,0.748963,0.39807,True,0.086539
28,engine-temperantia-008,TEMPERANTIA,8,0.583692,True,42,583.02,0.973978,0.568503,True,0.034342
28,engine-iustitia-009,IUSTITIA,9,0.59073,True,42,303.45,0.95,0.561193,True,0.027304
28,engine-sapientia-010,SAPIENTIA,10,0.747267,True,262,297.9,0.908999,0.679265,True,0.129233
28,engine-memoria-011,MEMORIA,11,0.744718,True,86,398.53,0.964335,0.718157,True,0.126684
28,engine-imaginatio-012,IMAGINATIO,12,0.647754,True,530,489.51,0.852023,0.551901,True,0.02972
28,engine-veritas-013,VERITAS,13,0.744815,True,688,320.06,0.943659,0.702851,True,0.126781
28,engine-libertas-014,LIBERTAS,14,0.586463,True,384,266.7,0.946762,0.555241,True,0.031571
28,engine-dignitas-015,DIGNITAS,15,0.653506,True,180,124.49,0.772857,0.505067,True,0.035472
28,engine-concordia-016,CONCORDIA,16,0.592107,True,169,455.27,0.812931,0.481342,True,0.025927
28,engine-aeternitas-017,AETERNITAS,17,0.668472,True,461,329.24,0.978557,0.654138,True,0.050438
28,engine-providentia-018,PROVIDENTIA,18,0.715959,True,4,504.34,0.850858,0.60918,True,0.097926
28,engine-scientia-019,SCIENTIA,19,0.57934,True,843,565.5,0.780043,0.45191,True,0.038694
28,engine-mathematica-020,MATHEMATICA,20,0.461732,True,185,404.69,0.965884,0.445979,True,0.156302
28,engine-cryptographia-021,CRYPTOGRAPHIA,21,0.722428,True,23,551.15,0.993213,0.717525,True,0.104394
28,engine-logica-022,LOGICA,22,0.652604,True,266,38.06,0.853979,0.55731,True,0.03457
28,engine-natura-023,NATURA,23,0.678828,True,559,580.56,0.705187,0.478701,True,0.060794
29,engine-cognitio-000,COGNITIO,0,0.627295,True,1,138.59,0.829449,0.52031,True,0.009261
29,engine-intelligentia-001,INTELLIGENTIA,1,0.697569,True,3,128.93,0.917706,0.640163,True,0.079535
29,engine-quantumia-002,QUANTUMIA,2,0.536791,True,2,506.92,0.842108,0.452036,True,0.081243
29,engine-resonantia-003,RESONANTIA,3,0.396888,True,4,483.4,0.946792,0.37577,True,0.221146
29,engine-harmonia-004,HARMONIA,4,0.650781,True,19,141.89,0.932407,0.606793,True,0.032747
29,engine-velocitas-005,VELOCITAS,5,0.794854,True,22,154.92,0.895342,0.711666,True,0.17682
29,engine-prudentia-006,PRUDENTIA,6,0.522116,True,32,408.89,0.849218,0.443391,True,0.095918
29,engine-fortitudo-007,FORTITUDO,7,0.763353,True,30,121.88,0.729604,0.556945,True,0.145319
29,engine-temperantia-008,TEMPERANTIA,8,0.504191,True,121,659.46,0.822674,0.414784,True,0.113843
29,engine-iustitia-009,IUSTITIA,9,0.480836,True,82,602.97,0.890529,0.428198,True,0.137198
29,engine-sapientia-010,SAPIENTIA,10,0.669467,True,172,211.97,0.988156,0.661538,True,0.051433
29,engine-memoria-011,MEMORIA,11,0.661367,True,34,253.86,0.783146,0.517947,True,0.043333
29,engine-imaginatio-012,IMAGINATIO,12,0.474128,True,903,333.37,0.910873,0.431871,True,0.143906
29,engine-veritas-013,VERITAS,13,0.806497,True,656,352.07,0.813211,0.655852,True,0.188463
29,engine-libertas-014,LIBERTAS,14,0.690305,True,171,583.79,0.94856,0.654796,True,0.072271
29,engine-dignitas-015,DIGNITAS,15,0.689411,True,100,672.13,0.912145,0.628843,True,0.071377
29,engine-concordia-016,CONCORDIA,16,0.49426,True,79,234.66,0.720408,0.356069,True,0.123774
29,engine-aeternitas-017,AETERNITAS,17,0.801748,True,537,325.12,0.749436,0.600859,True,0.183714
29,engine-providentia-018,PROVIDENTIA,18,0.576141,True,169,610.7,0.896323,0.516408,True,0.041893
29,engine-scientia-019,SCIENTIA,19,0.731355,True,877,465.75,0.711912,0.520661,True,0.113321
29,engine-mathematica-020,MATHEMATICA,20,0.737644,True,233,646.39,0.935271,0.689897,True,0.11961
29,engine-cryptographia-021,CRYPTOGRAPHIA,21,0.67513,True,651,80.08,0.733065,0.494914,True,0.057096
29,engine-logica-022,LOGICA,22,0.65732,True,43,394.46,0.796224,0.523374,True,0.039286
29,engine-natura-023,NATURA,23,0.637514,True,569,385.14,0.982165,0.626144,True,0.01948
30,engine-cognitio-000,COGNITIO,0,0.707074,True,2,173.62,0.848702,0.600095,True,0.08904
30,engine-intelligentia-001,INTELLIGENTIA,1,0.579795,True,4,266.38,0.720442,0.417709,True,0.038239
30,engine-quantumia-002,QUANTUMIA,2,0.706153,True,5,43.35,0.820549,0.579433,True,0.088119
30,engine-resonantia-003,RESONANTIA,3,0.73104,True,2,32.05,0.767781,0.561279,True,0.113006
30,engine-harmonia-004,HARMONIA,4,0.753181,True,7,524.52,0.759414,0.571976,True,0.135147
30,engine-velocitas-005,VELOCITAS,5,0.730181,True,10,607.14,0.841157,0.614197,True,0.112147
30,engine-prudentia-006,PRUDENTIA,6,0.671833,True,27,507.77,0.857525,0.576114,True,0.053799
30,engine-fortitudo-007,FORTITUDO,7,0.619338,True,72,423.13,0.745956,0.461999,True,0.001304
30,engine-temperantia-008,TEMPERANTIA,8,0.689909,True,2,144.99,0.747404,0.515641,True,0.071875
30,engine-iustitia-009,IUSTITIA,9,0.420481,True,64,115.87,0.953762,0.401038,True,0.197553
30,engine-sapientia-010,SAPIENTIA,10,0.603676,True,213,686.43,0.759592,0.458548,True,0.014358
30,engine-memoria-011,MEMORIA,11,0.624982,True,95,450.3,0.872138,0.545071,True,0.006948
30,engine-imaginatio-012,IMAGINATIO,12,0.671978,True,417,567.92,0.761787,0.511904,True,0.053944
30,engine-veritas-013,VERITAS,13,0.492662,True,498,591.04,0.858729,0.423063,True,0.125372
30,engine-libertas-014,LIBERTAS,14,0.401041,True,262,72.03,0.960659,0.385264,True,0.216993
30,engine-dignitas-015,DIGNITAS,15,0.559075,True,972,538.16,0.96795,0.541157,True,0.058959
30,engine-concordia-016,CONCORDIA,16,0.6094,True,317,88.06,0.987421,0.601735,True,0.008634
30,engine-aeternitas-017,AETERNITAS,17,0.374807,True,763,144.12,0.933108,0.349735,True,0.243227
30,engine-providentia-018,PROVIDENTIA,18,0.388762,True,249,149.39,0.847899,0.329631,True,0.229272
30,engine-scientia-019,SCIENTIA,19,0.520203,True,894,550.37,0.743623,0.386835,True,0.097831
30,engine-mathematica-020,MATHEMATICA,20,0.60739,True,208,92.17,0.742652,0.451079,True,0.010644
30,engine-cryptographia-021,CRYPTOGRAPHIA,21,0.728702,True,62,96.56,0.773664,0.563771,True,0.110668
30,engine-logica-022,LOGICA,22,0.702,True,607,379.74,0.769644,0.54029,True,0.083966
30,engine-natura-023,NATURA,23,0.661555,True,409,187.91,0.758857,0.502026,True,0.043521
31,engine-cognitio-000,COGNITIO,0,0.771556,True,1,266.13,0.790477,0.609897,True,0.153522
31,engine-intelligentia-001,INTELLIGENTIA,1,0.404944,True,2,124.52,0.794077,0.321557,True,0.21309
31,engine-quantumia-002,QUANTUMIA,2,0.647426,True,5,125.87,0.929913,0.602049,True,0.029392
31,engine-resonantia-003,RESONANTIA,3,0.52495,True,9,347.27,0.849304,0.445842,True,0.093084
31,engine-harmonia-004,HARMONIA,4,0.669003,True,13,418.82,0.868555,0.581066,True,0.050969
31,engine-velocitas-005,VELOCITAS,5,0.552382,True,5,681.02,0.807076,0.445814,True,0.065652
31,engine-prudentia-006,PRUDENTIA,6,0.850423,True,42,672.24,0.837455,0.712191,True,0.232389
31,engine-fortitudo-007,FORTITUDO,7,0.693359,True,27,285.79,0.827374,0.573667,True,0.075325
31,engine-temperantia-008,TEMPERANTIA,8,0.597688,True,116,192.73,0.995936,0.595259,True,0.020346
31,engine-iustitia-009,IUSTITIA,9,0.558524,True,143,336.75,0.890817,0.497543,True,0.05951
31,engine-sapientia-010,SAPIENTIA,10,0.607448,True,153,556.45,0.96302,0.584985,True,0.010586
31,engine-memoria-011,MEMORIA,11,0.762643,True,127,264.25,0.742368,0.566162,True,0.144609
31,engine-imaginatio-012,IMAGINATIO,12,0.555552,True,793,455.61,0.923853,0.513248,True,0.062482
31,engine-veritas-013,VERITAS,13,0.782816,True,787,82.29,0.975474,0.763616,True,0.164782
31,engine-libertas-014,LIBERTAS,14,0.645373,True,454,415.77,0.715778,0.461944,True,0.027339
31,engine-dignitas-015,DIGNITAS,15,0.604765,True,415,624.61,0.959967,0.580554,True,0.013269
31,engine-concordia-016,CONCORDIA,16,0.682625,True,448,165.07,0.97896,0.668262,True,0.064591
31,engine-aeternitas-017,AETERNITAS,17,0.762928,True,199,355.41,0.838955,0.640062,True,0.144894
31,engine-providentia-018,PROVIDENTIA,18,0.485669,True,429,696.5,0.867336,0.421238,True,0.132365
31,engine-scientia-019,SCIENTIA,19,0.629912,True,159,491.47,0.873651,0.550323,True,0.011878
31,engine-mathematica-020,MATHEMATICA,20,0.525445,True,392,596.37,0.83072,0.436498,True,0.092589
31,engine-cryptographia-021,CRYPTOGRAPHIA,21,0.532759,True,835,246.88,0.964477,0.513834,True,0.085275
31,engine-logica-022,LOGICA,22,0.802452,True,342,643.14,0.976199,0.783353,True,0.184418
31,engine-natura-023,NATURA,23,0.649463,True,365,51.48,0.869459,0.564682,True,0.031429
32,engine-cognitio-000,COGNITIO,0,0.729927,True,3,340.92,0.960499,0.701094,True,0.111893
32,engine-intelligentia-001,INTELLIGENTIA,1,0.747489,True,2,521.65,0.777371,0.581076,True,0.129455
32,engine-quantumia-002,QUANTUMIA,2,0.596378,True,7,623.82,0.734823,0.438233,True,0.021656
32,engine-resonantia-003,RESONANTIA,3,0.667707,True,5,93.11,0.968004,0.646343,True,0.049673
32,engine-harmonia-004,HARMONIA,4,0.739321,True,9,466.28,0.945678,0.699159,True,0.121287
32,engine-velocitas-005,VELOCITAS,5,0.571785,True,25,517.53,0.797602,0.456057,True,0.046249
32,engine-prudentia-006,PRUDENTIA,6,0.396564,True,22,566.8,0.888792,0.352463,True,0.22147
32,engine-fortitudo-007,FORTITUDO,7,0.584271,True,1,104.77,0.959514,0.560616,True,0.033763
32,engine-temperantia-008,TEMPERANTIA,8,0.643069,True,104,499.29,0.851683,0.547691,True,0.025035
32,engine-iustitia-009,IUSTITIA,9,0.609226,True,233,234.76,0.909871,0.554317,True,0.008808
32,engine-sapientia-010,SAPIENTIA,10,0.762247,True,117,139.35,0.887241,0.676297,True,0.144213
32,engine-memoria-011,MEMORIA,11,0.594496,True,143,398.39,0.780014,0.463715,True,0.023538
32,engine-imaginatio-012,IMAGINATIO,12,0.597295,True,286,27.83,0.738602,0.441163,True,0.020739
32,engine-veritas-013,VERITAS,13,0.644689,True,611,414.95,0.947488,0.610835,True,0.026655
32,engine-libertas-014,LIBERTAS,14,0.705109,True,909,114.25,0.782056,0.551435,True,0.087075
32,engine-dignitas-015,DIGNITAS,15,0.645074,True,849,118.69,0.87546,0.564736,True,0.02704
32,engine-concordia-016,CONCORDIA,16,0.606101,True,33,108.0,0.728752,0.441697,True,0.011933
32,engine-aeternitas-017,AETERNITAS,17,0.549208,True,917,340.14,0.937999,0.515156,True,0.068826
32,engine-providentia-018,PROVIDENTIA,18,0.75812,True,819,394.31,0.902171,0.683954,True,0.140086
32,engine-scientia-019,SCIENTIA,19,0.604169,True,809,438.31,0.818389,0.494446,True,0.013865
32,engine-mathematica-020,MATHEMATICA,20,0.588352,True,764,67.3,0.817702,0.481097,True,0.029682
32,engine-cryptographia-021,CRYPTOGRAPHIA,21,0.59816,True,500,691.82,0.829873,0.496397,True,0.019874
32,engine-logica-022,LOGICA,22,0.772747,True,646,359.44,0.786892,0.608069,True,0.154713
32,engine-natura-023,NATURA,23,0.548854,True,963,421.3,0.898605,0.493203,True,0.06918
33,engine-cognitio-000,COGNITIO,0,0.707863,True,3,688.69,0.89478,0.633382,True,0.089829
33,engine-intelligentia-001,INTELLIGENTIA,1,0.517057,True,1,122.06,0.851638,0.440345,True,0.100977
33,engine-quantumia-002,QUANTUMIA,2,0.667903,True,8,472.26,0.945181,0.63129,True,0.049869
33,engine-resonantia-003,RESONANTIA,3,0.625595,True,6,500.52,0.873222,0.546283,True,0.007561
33,engine-harmonia-004,HARMONIA,4,0.671612,True,6,349.01,0.955491,0.641719,True,0.053578
33,engine-velocitas-005,VELOCITAS,5,0.841905,True,16,145.03,0.875389,0.736994,True,0.223871
33,engine-prudentia-006,PRUDENTIA,6,0.755919,True,42,81.64,0.799083,0.604042,True,0.137885
33,engine-fortitudo-007,FORTITUDO,7,0.412589,True,60,105.4,0.975223,0.402366,True,0.205445
33,engine-temperantia-008,TEMPERANTIA,8,0.743655,True,62,488.7,0.783587,0.582718,True,0.125621
33,engine-iustitia-009,IUSTITIA,9,0.723687,True,129,91.33,0.940829,0.680866,True,0.105653
33,engine-sapientia-010,SAPIENTIA,10,0.600494,True,152,106.38,0.883095,0.530293,True,0.01754
33,engine-memoria-011,MEMORIA,11,0.812821,True,324,86.13,0.716769,0.582605,True,0.194787
33,engine-imaginatio-012,IMAGINATIO,12,0.527895,True,560,144.85,0.909926,0.480345,True,0.090139
33,engine-veritas-013,VERITAS,13,0.501877,True,72,562.28,0.975986,0.489825,True,0.116157
33,engine-libertas-014,LIBERTAS,14,0.531894,True,767,605.33,0.769884,0.409497,True,0.08614
33,engine-dignitas-015,DIGNITAS,15,0.624875,True,386,12.7,0.948257,0.592542,True,0.006841
33,engine-concordia-016,CONCORDIA,16,0.526557,True,471,96.91,0.857854,0.451709,True,0.091477
33,engine-aeternitas-017,AETERNITAS,17,0.298291,True,759,548.98,0.731405,0.218172,True,0.319743
33,engine-providentia-018,PROVIDENTIA,18,0.552055,True,647,435.85,0.794519,0.438618,True,0.065979
33,engine-scientia-019,SCIENTIA,19,0.413352,True,22,691.7,0.911771,0.376882,True,0.204682
33,engine-mathematica-020,MATHEMATICA,20,0.631808,True,349,547.86,0.755267,0.477184,True,0.013774
33,engine-cryptographia-021,CRYPTOGRAPHIA,21,0.711436,True,842,257.42,0.888842,0.632354,True,0.093402
33,engine-logica-022,LOGICA,22,0.698112,True,604,697.29,0.867291,0.605467,True,0.080079
33,engine-natura-023,NATURA,23,0.621435,True,749,311.41,0.757946,0.471014,True,0.003401
34,engine-cognitio-000,COGNITIO,0,0.760916,True,1,151.48,0.900519,0.685219,True,0.142882
34,engine-intelligentia-001,INTELLIGENTIA,1,0.679573,True,5,511.88,0.870817,0.591783,True,0.061539
34,engine-quantumia-002,QUANTUMIA,2,0.484265,True,5,644.42,0.972701,0.471045,True,0.133769
34,engine-resonantia-003,RESONANTIA,3,0.518976,True,8,505.66,0.743577,0.385898,True,0.099058
34,engine-harmonia-004,HARMONIA,4,0.63547,True,5,552.98,0.929696,0.590794,True,0.017437
34,engine-velocitas-005,VELOCITAS,5,0.600077,True,17,28.3,0.948219,0.569004,True,0.017957
34,engine-prudentia-006,PRUDENTIA,6,0.457961,True,53,448.73,0.903318,0.413684,True,0.160073
34,engine-fortitudo-007,FORTITUDO,7,0.681631,True,72,639.73,0.827511,0.564057,True,0.063597
34,engine-temperantia-008,TEMPERANTIA,8,0.760379,True,22,493.11,0.927559,0.705296,True,0.142345
34,engine-iustitia-009,IUSTITIA,9,0.684535,True,232,151.21,0.917914,0.628344,True,0.066501
34,engine-sapientia-010,SAPIENTIA,10,0.542842,True,286,381.57,0.738549,0.400915,True,0.075192
34,engine-memoria-011,MEMORIA,11,0.746031,True,589,36.57,0.739252,0.551505,True,0.127997
34,engine-imaginatio-012,IMAGINATIO,12,0.343257,True,703,324.59,0.949356,0.325873,True,0.274777
34,engine-veritas-013,VERITAS,13,0.638735,True,925,234.33,0.918634,0.586764,True,0.020701
34,engine-libertas-014,LIBERTAS,14,0.653926,True,314,50.09,0.886635,0.579794,True,0.035892
34,engine-dignitas-015,DIGNITAS,15,0.649958,True,75,452.97,0.925887,0.601788,True,0.031924
34,engine-concordia-016,CONCORDIA,16,0.637046,True,725,450.88,0.732285,0.466499,True,0.019012
34,engine-aeternitas-017,AETERNITAS,17,0.678766,True,101,565.02,0.831829,0.564617,True,0.060732
34,engine-providentia-018,PROVIDENTIA,18,0.761808,True,774,564.9,0.737502,0.561835,True,0.143774
34,engine-scientia-019,SCIENTIA,19,0.687906,True,327,470.32,0.885932,0.609438,True,0.069872
34,engine-mathematica-020,MATHEMATICA,20,0.708983,True,916,384.8,0.854166,0.605589,True,0.090949
34,engine-cryptographia-021,CRYPTOGRAPHIA,21,0.748661,True,615,459.74,0.722722,0.541074,True,0.130627
34,engine-logica-022,LOGICA,22,0.690465,True,903,350.62,0.877936,0.606184,True,0.072431
34,engine-natura-023,NATURA,23,0.597096,True,948,312.22,0.725321,0.433086,True,0.020938
35,engine-cognitio-000,COGNITIO,0,0.742064,True,1,443.17,0.967179,0.717708,True,0.12403
35,engine-intelligentia-001,INTELLIGENTIA,1,0.691797,True,1,284.39,0.991846,0.686156,True,0.073763
35,engine-quantumia-002,QUANTUMIA,2,0.598827,True,1,666.35,0.884382,0.529591,True,0.019207
35,engine-resonantia-003,RESONANTIA,3,0.547913,True,2,310.13,0.933767,0.511623,True,0.070121
35,engine-harmonia-004,HARMONIA,4,0.801925,True,3,390.48,0.953858,0.764923,True,0.183891
35,engine-velocitas-005,VELOCITAS,5,0.717686,True,27,484.4,0.976591,0.700886,True,0.099652
35,engine-prudentia-006,PRUDENTIA,6,0.566745,True,32,441.16,0.758826,0.430061,True,0.051289
35,engine-fortitudo-007,FORTITUDO,7,0.693379,True,25,663.2,0.89078,0.617648,True,0.075345
35,engine-temperantia-008,TEMPERANTIA,8,0.64496,True,76,676.89,0.883371,0.569739,True,0.026926
35,engine-iustitia-009,IUSTITIA,9,0.616351,True,192,313.31,0.850123,0.523974,True,0.001683
35,engine-sapientia-010,SAPIENTIA,10,0.581055,True,108,384.71,0.956462,0.555757,True,0.036979
35,engine-memoria-011,MEMORIA,11,0.587968,True,19,270.41,0.846401,0.497657,True,0.030066
35,engine-imaginatio-012,IMAGINATIO,12,0.323706,True,177,347.0,0.786093,0.254463,True,0.294327
35,engine-veritas-013,VERITAS,13,0.557776,True,495,173.52,0.961177,0.536122,True,0.060258
35,engine-libertas-014,LIBERTAS,14,0.722945,True,471,494.92,0.864432,0.624937,True,0.104911
35,engine-dignitas-015,DIGNITAS,15,0.575889,True,248,585.34,0.8878,0.511274,True,0.042145
35,engine-concordia-016,CONCORDIA,16,0.837925,True,460,411.69,0.745952,0.625052,True,0.219891
35,engine-aeternitas-017,AETERNITAS,17,0.629163,True,722,364.22,0.762136,0.479508,True,0.011129
35,engine-providentia-018,PROVIDENTIA,18,0.528897,True,984,175.2,0.878336,0.464549,True,0.089137
35,engine-scientia-019,SCIENTIA,19,0.66215,True,230,353.91,0.792152,0.524524,True,0.044116
35,engine-mathematica-020,MATHEMATICA,20,0.535792,True,903,310.33,0.761593,0.408055,True,0.082242
35,engine-cryptographia-021,CRYPTOGRAPHIA,21,0.694165,True,753,228.9,0.700998,0.486609,True,0.076131
35,engine-logica-022,LOGICA,22,0.701715,True,111,288.65,0.863194,0.605716,True,0.083681
35,engine-natura-023,NATURA,23,0.545438,True,940,266.61,0.784279,0.427776,True,0.072596
36,engine-cognitio-000,COGNITIO,0,0.78104,True,2,256.99,0.938649,0.733123,True,0.163006
36,engine-intelligentia-001,INTELLIGENTIA,1,0.801934,True,3,479.25,0.900686,0.722291,True,0.1839
36,engine-quantumia-002,QUANTUMIA,2,0.6253,True,3,657.95,0.785438,0.491135,True,0.007266
36,engine-resonantia-003,RESONANTIA,3,0.690652,True,6,297.65,0.857034,0.591913,True,0.072618
36,engine-harmonia-004,HARMONIA,4,0.509338,True,5,423.83,0.951732,0.484753,True,0.108696
36,engine-velocitas-005,VELOCITAS,5,0.451137,True,18,268.03,0.827027,0.373103,True,0.166897
36,engine-prudentia-006,PRUDENTIA,6,0.620078,True,6,295.67,0.890355,0.55209,True,0.002044
36,engine-fortitudo-007,FORTITUDO,7,0.811271,True,17,657.45,0.864872,0.701645,True,0.193237
36,engine-temperantia-008,TEMPERANTIA,8,0.642676,True,118,57.48,0.958879,0.616248,True,0.024642
36,engine-iustitia-009,IUSTITIA,9,0.677355,True,78,676.85,0.753552,0.510423,True,0.059321
36,engine-sapientia-010,SAPIENTIA,10,0.696862,True,290,604.08,0.859529,0.598973,True,0.078828
36,engine-memoria-011,MEMORIA,11,0.811142,True,221,479.87,0.942764,0.764716,True,0.193108
36,engine-imaginatio-012,IMAGINATIO,12,0.659485,True,58,442.73,0.845478,0.55758,True,0.041451
36,engine-veritas-013,VERITAS,13,0.716965,True,860,311.13,0.987144,0.707748,True,0.098931
36,engine-libertas-014,LIBERTAS,14,0.647745,True,163,118.02,0.912284,0.590928,True,0.029711
36,engine-dignitas-015,DIGNITAS,15,0.657772,True,37,505.15,0.83418,0.5487,True,0.039738
36,engine-concordia-016,CONCORDIA,16,0.459143,True,485,406.3,0.9446,0.433707,True,0.158891
36,engine-aeternitas-017,AETERNITAS,17,0.584024,True,123,81.16,0.732372,0.427723,True,0.03401
36,engine-providentia-018,PROVIDENTIA,18,0.462584,True,525,166.22,0.706455,0.326794,True,0.15545
36,engine-scientia-019,SCIENTIA,19,0.594321,True,937,486.79,0.774339,0.460206,True,0.023713
36,engine-mathematica-020,MATHEMATICA,20,0.584144,True,676,220.32,0.822579,0.480505,True,0.03389
36,engine-cryptographia-021,CRYPTOGRAPHIA,21,0.560866,True,897,73.71,0.702729,0.394137,True,0.057168
36,engine-logica-022,LOGICA,22,0.666788,True,973,454.71,0.988237,0.658945,True,0.048754
36,engine-natura-023,NATURA,23,0.619359,True,293,690.51,0.836093,0.517841,True,0.001325
37,engine-cognitio-000,COGNITIO,0,0.560167,True,3,682.75,0.870876,0.487836,True,0.057867
37,engine-intelligentia-001,INTELLIGENTIA,1,0.693144,True,5,51.84,0.956787,0.663191,True,0.07511
37,engine-quantumia-002,QUANTUMIA,2,0.575873,True,6,63.9,0.732106,0.4216,True,0.042161
37,engine-resonantia-003,RESONANTIA,3,0.652036,True,13,614.94,0.88677,0.578206,True,0.034002
37,engine-harmonia-004,HARMONIA,4,0.748786,True,3,426.12,0.968026,0.724844,True,0.130752
37,engine-velocitas-005,VELOCITAS,5,0.451912,True,8,177.6,0.935048,0.422559,True,0.166122
37,engine-prudentia-006,PRUDENTIA,6,0.592302,True,26,286.84,0.808965,0.479152,True,0.025732
37,engine-fortitudo-007,FORTITUDO,7,0.839548,True,30,213.14,0.702856,0.590081,True,0.221514
37,engine-temperantia-008,TEMPERANTIA,8,0.810588,True,26,519.2,0.934127,0.757192,True,0.192554
37,engine-iustitia-009,IUSTITIA,9,0.710373,True,133,326.2,0.846732,0.601496,True,0.092339
37,engine-sapientia-010,SAPIENTIA,10,0.565699,True,153,129.62,0.99157,0.560931,True,0.052335
37,engine-memoria-011,MEMORIA,11,0.71649,True,391,209.79,0.979316,0.70167,True,0.098456
37,engine-imaginatio-012,IMAGINATIO,12,0.715594,True,806,287.73,0.801854,0.573802,True,0.09756
37,engine-veritas-013,VERITAS,13,0.502312,True,721,347.05,0.985663,0.495111,True,0.115722
37,engine-libertas-014,LIBERTAS,14,0.828883,True,307,692.67,0.846728,0.701838,True,0.210849
37,engine-dignitas-015,DIGNITAS,15,0.638308,True,948,567.49,0.857901,0.547605,True,0.020274
37,engine-concordia-016,CONCORDIA,16,0.473332,True,211,396.73,0.832985,0.394279,True,0.144702
37,engine-aeternitas-017,AETERNITAS,17,0.513786,True,528,551.22,0.929788,0.477712,True,0.104248
37,engine-providentia-018,PROVIDENTIA,18,0.71848,True,816,172.24,0.750861,0.539478,True,0.100446
37,engine-scientia-019,SCIENTIA,19,0.622109,True,586,425.05,0.95439,0.593735,True,0.004075
37,engine-mathematica-020,MATHEMATICA,20,0.440007,True,598,533.53,0.927306,0.408021,True,0.178027
37,engine-cryptographia-021,CRYPTOGRAPHIA,21,0.675545,True,593,371.86,0.985967,0.666066,True,0.057511
37,engine-logica-022,LOGICA,22,0.579047,True,158,61.12,0.798675,0.46247,True,0.038987
37,engine-natura-023,NATURA,23,0.689734,True,653,528.12,0.887847,0.612378,True,0.0717
38,engine-cognitio-000,COGNITIO,0,0.69906,True,2,431.84,0.813534,0.568709,True,0.081026
38,engine-intelligentia-001,INTELLIGENTIA,1,0.931383,True,1,533.03,0.740316,0.689518,True,0.313349
38,engine-quantumia-002,QUANTUMIA,2,0.589997,True,1,197.84,0.910012,0.536904,True,0.028037
38,engine-resonantia-003,RESONANTIA,3,0.545622,True,12,152.35,0.997939,0.544497,True,0.072412
38,engine-harmonia-004,HARMONIA,4,0.669348,True,21,651.82,0.924384,0.618735,True,0.051314
38,engine-velocitas-005,VELOCITAS,5,0.571713,True,21,426.39,0.713254,0.407777,True,0.046321
38,engine-prudentia-006,PRUDENTIA,6,0.57079,True,42,585.0,0.700244,0.399692,True,0.047244
38,engine-fortitudo-007,FORTITUDO,7,0.686874,True,43,139.56,0.789716,0.542435,True,0.06884
38,engine-temperantia-008,TEMPERANTIA,8,0.597213,True,37,326.65,0.984699,0.588075,True,0.020821
38,engine-iustitia-009,IUSTITIA,9,0.421957,True,105,466.83,0.860283,0.363002,True,0.196077
38,engine-sapientia-010,SAPIENTIA,10,0.625565,True,261,342.69,0.702819,0.439659,True,0.007531
38,engine-memoria-011,MEMORIA,11,0.705318,True,73,92.93,0.762155,0.537562,True,0.087284
38,engine-imaginatio-012,IMAGINATIO,12,0.797491,True,251,74.76,0.832108,0.663599,True,0.179457
38,engine-veritas-013,VERITAS,13,0.598112,True,745,473.05,0.835608,0.499787,True,0.019922
38,engine-libertas-014,LIBERTAS,14,0.847397,True,659,456.34,0.848394,0.718926,True,0.229363
38,engine-dignitas-015,DIGNITAS,15,0.645533,True,219,174.92,0.835447,0.539308,True,0.027499
38,engine-concordia-016,CONCORDIA,16,0.628543,True,313,349.58,0.920496,0.578571,True,0.010509
38,engine-aeternitas-017,AETERNITAS,17,0.589848,True,92,116.55,0.894434,0.52758,True,0.028186
38,engine-providentia-018,PROVIDENTIA,18,0.68517,True,873,10.52,0.798952,0.547418,True,0.067136
38,engine-scientia-019,SCIENTIA,19,0.509023,True,365,53.16,0.843865,0.429546,True,0.109011
38,engine-mathematica-020,MATHEMATICA,20,0.586094,True,383,361.61,0.79854,0.46802,True,0.03194
38,engine-cryptographia-021,CRYPTOGRAPHIA,21,0.643594,True,118,390.5,0.704736,0.453564,True,0.02556
38,engine-logica-022,LOGICA,22,0.748997,True,656,274.83,0.947129,0.709397,True,0.130963
38,engine-natura-023,NATURA,23,0.700235,True,401,118.56,0.992552,0.695019,True,0.082201
39,engine-cognitio-000,COGNITIO,0,0.623391,True,3,82.56,0.896354,0.558779,True,0.005357
39,engine-intelligentia-001,INTELLIGENTIA,1,0.650755,True,2,195.72,0.78183,0.50878,True,0.032721
39,engine-quantumia-002,QUANTUMIA,2,0.795856,True,3,170.1,0.801139,0.637591,True,0.177822
39,engine-resonantia-003,RESONANTIA,3,0.50404,True,9,51.7,0.899616,0.453443,True,0.113994
39,engine-harmonia-004,HARMONIA,4,0.687121,True,21,267.65,0.947288,0.650901,True,0.069087
39,engine-velocitas-005,VELOCITAS,5,0.590738,True,20,431.91,0.800127,0.472666,True,0.027296
39,engine-prudentia-006,PRUDENTIA,6,0.534882,True,15,286.6,0.85051,0.454922,True,0.083152
39,engine-fortitudo-007,FORTITUDO,7,0.6446,True,20,642.2,0.721821,0.465286,True,0.026566
39,engine-temperantia-008,TEMPERANTIA,8,0.5944,True,74,511.4,0.912809,0.542574,True,0.023634
39,engine-iustitia-009,IUSTITIA,9,0.604628,True,25,548.7,0.750867,0.453995,True,0.013406
39,engine-sapientia-010,SAPIENTIA,10,0.371503,True,60,526.71,0.901237,0.334812,True,0.246531
39,engine-memoria-011,MEMORIA,11,0.629673,True,551,141.08,0.803743,0.506095,True,0.011639
39,engine-imaginatio-012,IMAGINATIO,12,0.523427,True,95,167.8,0.938184,0.491071,True,0.094607
39,engine-veritas-013,VERITAS,13,0.52288,True,967,494.84,0.741018,0.387463,True,0.095154
39,engine-libertas-014,LIBERTAS,14,0.702102,True,795,133.44,0.752266,0.528168,True,0.084068
39,engine-dignitas-015,DIGNITAS,15,0.529676,True,812,277.07,0.977405,0.517708,True,0.088358
39,engine-concordia-016,CONCORDIA,16,0.734425,True,661,426.86,0.891042,0.654403,True,0.116391
39,engine-aeternitas-017,AETERNITAS,17,0.769485,True,15,10.32,0.801254,0.616553,True,0.151451
39,engine-providentia-018,PROVIDENTIA,18,0.565232,True,59,257.06,0.83635,0.472732,True,0.052802
39,engine-scientia-019,SCIENTIA,19,0.522218,True,892,284.01,0.989129,0.516541,True,0.095816
39,engine-mathematica-020,MATHEMATICA,20,0.578434,True,603,475.41,0.982246,0.568165,True,0.0396
39,engine-cryptographia-021,CRYPTOGRAPHIA,21,0.6127,True,237,34.56,0.941123,0.576626,True,0.005334
39,engine-logica-022,LOGICA,22,0.490317,True,794,124.65,0.880115,0.431535,True,0.127717
39,engine-natura-023,NATURA,23,0.795217,True,243,31.89,0.966541,0.76861,True,0.177183
40,engine-cognitio-000,COGNITIO,0,0.566617,True,2,210.61,0.895582,0.507452,True,0.051417
40,engine-intelligentia-001,INTELLIGENTIA,1,0.783176,True,4,270.75,0.828224,0.648645,True,0.165142
40,engine-quantumia-002,QUANTUMIA,2,0.723555,True,8,284.0,0.877055,0.634597,True,0.105521
40,engine-resonantia-003,RESONANTIA,3,0.489534,True,12,458.86,0.898776,0.439981,True,0.1285
40,engine-harmonia-004,HARMONIA,4,0.623723,True,19,694.07,0.851594,0.531158,True,0.005689
40,engine-velocitas-005,VELOCITAS,5,0.515221,True,26,94.25,0.937621,0.483082,True,0.102813
40,engine-prudentia-006,PRUDENTIA,6,0.556389,True,52,43.56,0.828508,0.460973,True,0.061645
40,engine-fortitudo-007,FORTITUDO,7,0.763561,True,28,653.15,0.997766,0.761856,True,0.145527
40,engine-temperantia-008,TEMPERANTIA,8,0.56189,True,105,569.86,0.914675,0.513947,True,0.056144
40,engine-iustitia-009,IUSTITIA,9,0.615156,True,105,451.0,0.719339,0.442506,True,0.002878
40,engine-sapientia-010,SAPIENTIA,10,0.543262,True,205,137.13,0.95513,0.518885,True,0.074772
40,engine-memoria-011,MEMORIA,11,0.561437,True,523,615.84,0.94864,0.532602,True,0.056597
40,engine-imaginatio-012,IMAGINATIO,12,0.557203,True,703,630.6,0.734145,0.409068,True,0.060831
40,engine-veritas-013,VERITAS,13,0.658044,True,721,18.46,0.876355,0.57668,True,0.04001
40,engine-libertas-014,LIBERTAS,14,0.694686,True,274,641.35,0.977025,0.678726,True,0.076652
40,engine-dignitas-015,DIGNITAS,15,0.550023,True,359,272.57,0.930699,0.511906,True,0.068011
40,engine-concordia-016,CONCORDIA,16,0.765637,True,548,685.87,0.934823,0.715735,True,0.147603
40,engine-aeternitas-017,AETERNITAS,17,0.657793,True,431,260.4,0.758145,0.498702,True,0.039759
40,engine-providentia-018,PROVIDENTIA,18,0.797558,True,964,399.47,0.9957,0.794128,True,0.179524
40,engine-scientia-019,SCIENTIA,19,0.629669,True,244,236.66,0.900255,0.566863,True,0.011635
40,engine-mathematica-020,MATHEMATICA,20,0.559214,True,192,45.19,0.985159,0.550914,True,0.05882
40,engine-cryptographia-021,CRYPTOGRAPHIA,21,0.667679,True,245,572.49,0.745402,0.497689,True,0.049645
40,engine-logica-022,LOGICA,22,0.576575,True,148,318.64,0.723463,0.41713,True,0.041459
40,engine-natura-023,NATURA,23,0.544227,True,701,73.95,0.743515,0.404641,True,0.073807
41,engine-cognitio-000,COGNITIO,0,0.691685,True,1,165.9,0.733155,0.507112,True,0.073651
41,engine-intelligentia-001,INTELLIGENTIA,1,0.663102,True,5,452.31,0.896632,0.594558,True,0.045068
41,engine-quantumia-002,QUANTUMIA,2,0.625509,True,1,547.68,0.784329,0.490605,True,0.007475
41,engine-resonantia-003,RESONANTIA,3,0.805258,True,4,566.52,0.851373,0.685575,True,0.187224
41,engine-harmonia-004,HARMONIA,4,0.695899,True,11,325.28,0.816671,0.56832,True,0.077865
41,engine-velocitas-005,VELOCITAS,5,0.681839,True,16,684.41,0.933829,0.636721,True,0.063805
41,engine-prudentia-006,PRUDENTIA,6,0.476961,True,28,342.04,0.97677,0.465881,True,0.141073
41,engine-fortitudo-007,FORTITUDO,7,0.761261,True,24,60.82,0.937677,0.713817,True,0.143227
41,engine-temperantia-008,TEMPERANTIA,8,0.74922,True,51,15.55,0.882472,0.661166,True,0.131186
41,engine-iustitia-009,IUSTITIA,9,0.405732,True,70,152.43,0.875576,0.355249,True,0.212302
41,engine-sapientia-010,SAPIENTIA,10,0.664364,True,163,567.78,0.770719,0.512038,True,0.04633
41,engine-memoria-011,MEMORIA,11,0.764575,True,562,559.22,0.907605,0.693932,True,0.146541
41,engine-imaginatio-012,IMAGINATIO,12,0.75723,True,837,458.03,0.712262,0.539346,True,0.139196
41,engine-veritas-013,VERITAS,13,0.527739,True,536,169.17,0.845801,0.446362,True,0.090295
41,engine-libertas-014,LIBERTAS,14,0.463531,True,816,342.01,0.792546,0.367369,True,0.154503
41,engine-dignitas-015,DIGNITAS,15,0.510732,True,338,356.41,0.867602,0.443112,True,0.107302
41,engine-concordia-016,CONCORDIA,16,0.716745,True,827,88.49,0.922898,0.661483,True,0.098711
41,engine-aeternitas-017,AETERNITAS,17,0.658957,True,751,459.01,0.799417,0.526781,True,0.040923
41,engine-providentia-018,PROVIDENTIA,18,0.721885,True,146,247.8,0.731853,0.528313,True,0.103851
41,engine-scientia-019,SCIENTIA,19,0.448708,True,664,89.94,0.925745,0.415389,True,0.169326
41,engine-mathematica-020,MATHEMATICA,20,0.865088,True,684,436.39,0.872924,0.755156,True,0.247054
41,engine-cryptographia-021,CRYPTOGRAPHIA,21,0.555185,True,690,555.69,0.928821,0.515668,True,0.062849
41,engine-logica-022,LOGICA,22,0.475735,True,453,426.2,0.937532,0.446017,True,0.142299
41,engine-natura-023,NATURA,23,0.505967,True,151,440.1,0.776697,0.392983,True,0.112067
42,engine-cognitio-000,COGNITIO,0,0.681989,True,2,529.38,0.87641,0.597702,True,0.063956
42,engine-intelligentia-001,INTELLIGENTIA,1,0.550464,True,2,509.83,0.880241,0.484541,True,0.06757
42,engine-quantumia-002,QUANTUMIA,2,0.627221,True,2,45.39,0.800531,0.50211,True,0.009187
42,engine-resonantia-003,RESONANTIA,3,0.683124,True,7,126.5,0.91416,0.624485,True,0.06509
42,engine-harmonia-004,HARMONIA,4,0.594651,True,6,129.0,0.926627,0.55102,True,0.023383
42,engine-velocitas-005,VELOCITAS,5,0.588664,True,32,549.8,0.854532,0.503033,True,0.02937
42,engine-prudentia-006,PRUDENTIA,6,0.55881,True,52,578.99,0.771125,0.430912,True,0.059224
42,engine-fortitudo-007,FORTITUDO,7,0.575047,True,3,444.32,0.993278,0.571181,True,0.042987
42,engine-temperantia-008,TEMPERANTIA,8,0.538963,True,69,583.67,0.890569,0.479983,True,0.079071
42,engine-iustitia-009,IUSTITIA,9,0.535042,True,99,209.88,0.783274,0.419085,True,0.082992
42,engine-sapientia-010,SAPIENTIA,10,0.521572,True,263,268.91,0.989621,0.516158,True,0.096462
42,engine-memoria-011,MEMORIA,11,0.582162,True,470,476.41,0.882378,0.513687,True,0.035872
42,engine-imaginatio-012,IMAGINATIO,12,0.780403,True,19,269.35,0.755954,0.589949,True,0.162369
42,engine-veritas-013,VERITAS,13,0.914562,True,255,387.31,0.779037,0.712477,True,0.296528
42,engine-libertas-014,LIBERTAS,14,0.834652,True,768,401.81,0.81826,0.682962,True,0.216618
42,engine-dignitas-015,DIGNITAS,15,0.599512,True,80,608.7,0.987573,0.592062,True,0.018522
42,engine-concordia-016,CONCORDIA,16,0.624441,True,788,512.93,0.897837,0.560647,True,0.006407
42,engine-aeternitas-017,AETERNITAS,17,0.561924,True,691,522.14,0.80533,0.452534,True,0.05611
42,engine-providentia-018,PROVIDENTIA,18,0.658888,True,824,165.79,0.830812,0.547412,True,0.040854
42,engine-scientia-019,SCIENTIA,19,0.598222,True,706,306.95,0.727766,0.435365,True,0.019812
42,engine-mathematica-020,MATHEMATICA,20,0.549528,True,282,341.23,0.744679,0.409222,True,0.068505
42,engine-cryptographia-021,CRYPTOGRAPHIA,21,0.674559,True,788,39.33,0.971475,0.655318,True,0.056525
42,engine-logica-022,LOGICA,22,0.602142,True,174,446.04,0.901729,0.542969,True,0.015892
42,engine-natura-023,NATURA,23,0.599586,True,129,16.19,0.897843,0.538334,True,0.018448
43,engine-cognitio-000,COGNITIO,0,0.545092,True,1,525.39,0.854694,0.465887,True,0.072942
43,engine-intelligentia-001,INTELLIGENTIA,1,0.516082,True,1,460.48,0.874064,0.451089,True,0.101952
43,engine-quantumia-002,QUANTUMIA,2,0.57232,True,2,25.89,0.882005,0.50479,True,0.045714
43,engine-resonantia-003,RESONANTIA,3,0.548107,True,13,265.54,0.939015,0.514681,True,0.069927
43,engine-harmonia-004,HARMONIA,4,0.6056,True,12,382.29,0.763467,0.462356,True,0.012434
43,engine-velocitas-005,VELOCITAS,5,0.834991,True,11,666.16,0.985125,0.822571,True,0.216957
43,engine-prudentia-006,PRUDENTIA,6,0.711776,True,6,200.55,0.882801,0.628356,True,0.093742
43,engine-fortitudo-007,FORTITUDO,7,0.555399,True,52,140.01,0.773138,0.4294,True,0.062635
43,engine-temperantia-008,TEMPERANTIA,8,0.587825,True,137,374.44,0.955381,0.561597,True,0.030209
43,engine-iustitia-009,IUSTITIA,9,0.67768,True,189,433.92,0.946244,0.641251,True,0.059646
43,engine-sapientia-010,SAPIENTIA,10,0.56275,True,329,479.55,0.806114,0.45364,True,0.055284
43,engine-memoria-011,MEMORIA,11,0.609106,True,233,386.9,0.899076,0.547633,True,0.008928
43,engine-imaginatio-012,IMAGINATIO,12,0.727653,True,215,74.5,0.97167,0.707039,True,0.109619
43,engine-veritas-013,VERITAS,13,0.644163,True,828,314.93,0.794202,0.511596,True,0.026129
43,engine-libertas-014,LIBERTAS,14,0.551071,True,854,33.85,0.893295,0.492269,True,0.066963
43,engine-dignitas-015,DIGNITAS,15,0.80647,True,120,396.04,0.93013,0.750122,True,0.188436
43,engine-concordia-016,CONCORDIA,16,0.722215,True,317,463.21,0.95677,0.690994,True,0.104181
43,engine-aeternitas-017,AETERNITAS,17,0.542949,True,311,518.75,0.712663,0.38694,True,0.075085
43,engine-providentia-018,PROVIDENTIA,18,0.621094,True,305,351.29,0.897793,0.557614,True,0.00306
43,engine-scientia-019,SCIENTIA,19,0.560123,True,899,150.93,0.82393,0.461503,True,0.057911
43,engine-mathematica-020,MATHEMATICA,20,0.632791,True,342,517.66,0.713353,0.451403,True,0.014757
43,engine-cryptographia-021,CRYPTOGRAPHIA,21,0.678744,True,187,587.74,0.763277,0.51807,True,0.06071
43,engine-logica-022,LOGICA,22,0.623319,True,195,479.1,0.731988,0.456262,True,0.005285
43,engine-natura-023,NATURA,23,0.777131,True,102,552.35,0.903541,0.70217,True,0.159097
44,engine-cognitio-000,COGNITIO,0,0.563111,True,1,219.98,0.737106,0.415072,True,0.054923
44,engine-intelligentia-001,INTELLIGENTIA,1,0.626531,True,4,445.01,0.80128,0.502026,True,0.008497
44,engine-quantumia-002,QUANTUMIA,2,0.651044,True,5,632.7,0.835591,0.544006,True,0.03301
44,engine-resonantia-003,RESONANTIA,3,0.242253,True,10,233.17,0.900457,0.218138,True,0.375781
44,engine-harmonia-004,HARMONIA,4,0.576232,True,5,227.28,0.834168,0.480674,True,0.041802
44,engine-velocitas-005,VELOCITAS,5,0.507343,True,23,455.33,0.740829,0.375854,True,0.110691
44,engine-prudentia-006,PRUDENTIA,6,0.383899,True,40,573.4,0.92492,0.355076,True,0.234135
44,engine-fortitudo-007,FORTITUDO,7,0.610658,True,72,179.28,0.778304,0.475278,True,0.007376
44,engine-temperantia-008,TEMPERANTIA,8,0.618406,True,58,27.89,0.83422,0.515887,True,0.000372
44,engine-iustitia-009,IUSTITIA,9,0.68488,True,182,297.23,0.933549,0.639369,True,0.066846
44,engine-sapientia-010,SAPIENTIA,10,0.605215,True,257,274.03,0.933885,0.565202,True,0.012819
44,engine-memoria-011,MEMORIA,11,0.567523,True,127,415.17,0.92521,0.525078,True,0.050511
44,engine-imaginatio-012,IMAGINATIO,12,0.617754,True,36,14.58,0.838086,0.517731,True,0.00028
44,engine-veritas-013,VERITAS,13,0.565342,True,87,493.52,0.918385,0.519202,True,0.052692
44,engine-libertas-014,LIBERTAS,14,0.560116,True,4,36.74,0.709029,0.397139,True,0.057918
44,engine-dignitas-015,DIGNITAS,15,0.641582,True,565,584.63,0.815078,0.522939,True,0.023548
44,engine-concordia-016,CONCORDIA,16,0.493295,True,974,88.67,0.769563,0.379621,True,0.124739
44,engine-aeternitas-017,AETERNITAS,17,0.66003,True,105,144.15,0.717629,0.473657,True,0.041996
44,engine-providentia-018,PROVIDENTIA,18,0.683382,True,97,498.83,0.944209,0.645255,True,0.065348
44,engine-scientia-019,SCIENTIA,19,0.430316,True,984,155.24,0.767018,0.33006,True,0.187718
44,engine-mathematica-020,MATHEMATICA,20,0.569954,True,537,106.32,0.795431,0.453359,True,0.04808
44,engine-cryptographia-021,CRYPTOGRAPHIA,21,0.682631,True,112,396.44,0.736047,0.502448,True,0.064597
44,engine-logica-022,LOGICA,22,0.614964,True,496,626.63,0.962918,0.59216,True,0.00307
44,engine-natura-023,NATURA,23,0.658806,True,842,386.39,0.826313,0.54438,True,0.040772
45,engine-cognitio-000,COGNITIO,0,0.699974,True,2,174.16,0.758872,0.531191,True,0.081941
45,engine-intelligentia-001,INTELLIGENTIA,1,0.560854,True,2,42.97,0.876493,0.491585,True,0.05718
45,engine-quantumia-002,QUANTUMIA,2,0.801998,True,3,422.05,0.835126,0.66977,True,0.183964
45,engine-resonantia-003,RESONANTIA,3,0.756217,True,5,525.12,0.737568,0.557762,True,0.138183
45,engine-harmonia-004,HARMONIA,4,0.487822,True,2,410.18,0.879407,0.428994,True,0.130212
45,engine-velocitas-005,VELOCITAS,5,0.564854,True,2,651.68,0.801533,0.452749,True,0.05318
45,engine-prudentia-006,PRUDENTIA,6,0.579991,True,45,147.7,0.711189,0.412483,True,0.038043
45,engine-fortitudo-007,FORTITUDO,7,0.651985,True,19,665.77,0.967795,0.630988,True,0.033951
45,engine-temperantia-008,TEMPERANTIA,8,0.49323,True,19,649.94,0.935495,0.461414,True,0.124804
45,engine-iustitia-009,IUSTITIA,9,0.635082,True,40,262.74,0.934857,0.593711,True,0.017048
45,engine-sapientia-010,SAPIENTIA,10,0.470204,True,327,192.07,0.747856,0.351645,True,0.14783
45,engine-memoria-011,MEMORIA,11,0.602403,True,532,17.35,0.754298,0.454391,True,0.015631
45,engine-imaginatio-012,IMAGINATIO,12,0.591901,True,152,342.06,0.907713,0.537276,True,0.026133
45,engine-veritas-013,VERITAS,13,0.533331,True,756,407.79,0.711755,0.379601,True,0.084703
45,engine-libertas-014,LIBERTAS,14,0.710233,True,901,182.93,0.748363,0.531512,True,0.092199
45,engine-dignitas-015,DIGNITAS,15,0.561581,True,635,694.87,0.894167,0.502147,True,0.056453
45,engine-concordia-016,CONCORDIA,16,0.448281,True,591,424.36,0.74143,0.332369,True,0.169753
45,engine-aeternitas-017,AETERNITAS,17,0.700863,True,363,452.44,0.924864,0.648203,True,0.082829
45,engine-providentia-018,PROVIDENTIA,18,0.674507,True,216,381.34,0.986957,0.66571,True,0.056473
45,engine-scientia-019,SCIENTIA,19,0.605122,True,792,504.53,0.701087,0.424243,True,0.012912
45,engine-mathematica-020,MATHEMATICA,20,0.597311,True,129,537.04,0.751937,0.44914,True,0.020723
45,engine-cryptographia-021,CRYPTOGRAPHIA,21,0.587723,True,168,521.64,0.905736,0.532322,True,0.030311
45,engine-logica-022,LOGICA,22,0.802831,True,678,675.77,0.798406,0.640985,True,0.184797
45,engine-natura-023,NATURA,23,0.522072,True,40,458.01,0.913226,0.47677,True,0.095962
46,engine-cognitio-000,COGNITIO,0,0.504078,True,1,211.06,0.717555,0.361703,True,0.113956
46,engine-intelligentia-001,INTELLIGENTIA,1,0.431975,True,1,594.54,0.736229,0.318033,True,0.186059
46,engine-quantumia-002,QUANTUMIA,2,0.602714,True,3,387.59,0.983486,0.592761,True,0.01532
46,engine-resonantia-003,RESONANTIA,3,0.672477,True,3,495.4,0.784248,0.527389,True,0.054443
46,engine-harmonia-004,HARMONIA,4,0.510057,True,20,32.79,0.991272,0.505605,True,0.107977
46,engine-velocitas-005,VELOCITAS,5,0.472007,True,28,451.41,0.781163,0.368714,True,0.146027
46,engine-prudentia-006,PRUDENTIA,6,0.623794,True,49,22.58,0.790027,0.492814,True,0.00576
46,engine-fortitudo-007,FORTITUDO,7,0.549796,True,10,510.56,0.902714,0.496309,True,0.068238
46,engine-temperantia-008,TEMPERANTIA,8,0.843163,True,20,350.79,0.843126,0.710893,True,0.22513
46,engine-iustitia-009,IUSTITIA,9,0.813593,True,201,643.9,0.810311,0.659264,True,0.195559
46,engine-sapientia-010,SAPIENTIA,10,0.529354,True,50,484.67,0.936505,0.495743,True,0.08868
46,engine-memoria-011,MEMORIA,11,0.694613,True,327,93.76,0.916421,0.636558,True,0.076579
46,engine-imaginatio-012,IMAGINATIO,12,0.683758,True,880,14.7,0.77955,0.533023,True,0.065724
46,engine-veritas-013,VERITAS,13,0.597474,True,188,583.11,0.737245,0.440485,True,0.02056
46,engine-libertas-014,LIBERTAS,14,0.533693,True,780,138.09,0.913513,0.487536,True,0.084341
46,engine-dignitas-015,DIGNITAS,15,0.752438,True,406,423.05,0.951787,0.71616,True,0.134404
46,engine-concordia-016,CONCORDIA,16,0.56776,True,787,300.6,0.862668,0.489788,True,0.050274
46,engine-aeternitas-017,AETERNITAS,17,0.767228,True,444,14.36,0.734975,0.563893,True,0.149194
46,engine-providentia-018,PROVIDENTIA,18,0.719629,True,558,607.25,0.921946,0.663459,True,0.101595
46,engine-scientia-019,SCIENTIA,19,0.675575,True,887,216.98,0.78408,0.529705,True,0.057541
46,engine-mathematica-020,MATHEMATICA,20,0.491928,True,836,66.14,0.797456,0.392291,True,0.126106
46,engine-cryptographia-021,CRYPTOGRAPHIA,21,0.49092,True,167,383.14,0.724751,0.355795,True,0.127114
46,engine-logica-022,LOGICA,22,0.69988,True,403,172.75,0.853373,0.597258,True,0.081846
46,engine-natura-023,NATURA,23,0.660451,True,684,211.41,0.952768,0.629257,True,0.042417
47,engine-cognitio-000,COGNITIO,0,0.686889,True,2,59.08,0.975791,0.67026,True,0.068855
47,engine-intelligentia-001,INTELLIGENTIA,1,0.724184,True,4,75.64,0.795752,0.576271,True,0.10615
47,engine-quantumia-002,QUANTUMIA,2,0.741255,True,5,77.31,0.807507,0.598569,True,0.123221
47,engine-resonantia-003,RESONANTIA,3,0.663946,True,2,240.79,0.767569,0.509625,True,0.045912
47,engine-harmonia-004,HARMONIA,4,0.710605,True,17,429.87,0.922914,0.655827,True,0.092571
47,engine-velocitas-005,VELOCITAS,5,0.560205,True,30,37.45,0.973427,0.545318,True,0.057829
47,engine-prudentia-006,PRUDENTIA,6,0.554662,True,5,119.09,0.929972,0.51582,True,0.063372
47,engine-fortitudo-007,FORTITUDO,7,0.500972,True,1,610.73,0.989273,0.495598,True,0.117062
47,engine-temperantia-008,TEMPERANTIA,8,0.665973,True,22,351.62,0.701083,0.466903,True,0.047939
47,engine-iustitia-009,IUSTITIA,9,0.736181,True,93,576.44,0.803756,0.59171,True,0.118147
47,engine-sapientia-010,SAPIENTIA,10,0.496457,True,107,280.61,0.793953,0.394164,True,0.121577
47,engine-memoria-011,MEMORIA,11,0.703936,True,372,622.36,0.938824,0.660872,True,0.085902
47,engine-imaginatio-012,IMAGINATIO,12,0.772863,True,81,542.3,0.704093,0.544167,True,0.154829
47,engine-veritas-013,VERITAS,13,0.401734,True,341,273.91,0.882488,0.354526,True,0.2163
47,engine-libertas-014,LIBERTAS,14,0.623922,True,783,288.28,0.763213,0.476185,True,0.005888
47,engine-dignitas-015,DIGNITAS,15,0.566932,True,508,517.75,0.888227,0.503565,True,0.051102
47,engine-concordia-016,CONCORDIA,16,0.756257,True,400,358.94,0.726873,0.549703,True,0.138223
47,engine-aeternitas-017,AETERNITAS,17,0.790803,True,431,10.95,0.972121,0.768757,True,0.172769
47,engine-providentia-018,PROVIDENTIA,18,0.54194,True,557,262.39,0.786997,0.426505,True,0.076094
47,engine-scientia-019,SCIENTIA,19,0.733175,True,568,545.56,0.931392,0.682874,True,0.115141
47,engine-mathematica-020,MATHEMATICA,20,0.733034,True,974,304.49,0.781104,0.572575,True,0.115
47,engine-cryptographia-021,CRYPTOGRAPHIA,21,0.632248,True,618,201.68,0.959727,0.606785,True,0.014214
47,engine-logica-022,LOGICA,22,0.784247,True,315,121.84,0.954349,0.748445,True,0.166213
47,engine-natura-023,NATURA,23,0.550703,True,914,526.42,0.872642,0.480566,True,0.067331
48,engine-cognitio-000,COGNITIO,0,0.703621,True,3,584.96,0.978603,0.688566,True,0.085587
48,engine-intelligentia-001,INTELLIGENTIA,1,0.544096,True,1,368.68,0.913398,0.496976,True,0.073938
48,engine-quantumia-002,QUANTUMIA,2,0.787269,True,5,275.81,0.765645,0.602769,True,0.169235
48,engine-resonantia-003,RESONANTIA,3,0.632672,True,7,200.63,0.797782,0.504734,True,0.014638
48,engine-harmonia-004,HARMONIA,4,0.745874,True,15,370.44,0.814108,0.607222,True,0.12784
48,engine-velocitas-005,VELOCITAS,5,0.502677,True,10,674.69,0.864348,0.434488,True,0.115357
48,engine-prudentia-006,PRUDENTIA,6,0.642188,True,31,304.16,0.891942,0.572795,True,0.024154
48,engine-fortitudo-007,FORTITUDO,7,0.584362,True,3,204.04,0.840267,0.49102,True,0.033672
48,engine-temperantia-008,TEMPERANTIA,8,0.627674,True,25,604.49,0.705857,0.443048,True,0.00964
48,engine-iustitia-009,IUSTITIA,9,0.521244,True,115,631.06,0.749527,0.390687,True,0.09679
48,engine-sapientia-010,SAPIENTIA,10,0.626921,True,273,133.04,0.931616,0.584049,True,0.008887
48,engine-memoria-011,MEMORIA,11,0.550423,True,344,228.59,0.705734,0.388452,True,0.067611
48,engine-imaginatio-012,IMAGINATIO,12,0.828544,True,849,678.3,0.975499,0.808244,True,0.21051
48,engine-veritas-013,VERITAS,13,0.559031,True,306,671.89,0.958379,0.535764,True,0.059003
48,engine-libertas-014,LIBERTAS,14,0.563137,True,588,499.33,0.790932,0.445403,True,0.054897
48,engine-dignitas-015,DIGNITAS,15,0.67391,True,735,628.28,0.829348,0.558906,True,0.055876
48,engine-concordia-016,CONCORDIA,16,0.730302,True,260,324.36,0.707785,0.516897,True,0.112268
48,engine-aeternitas-017,AETERNITAS,17,0.687673,True,915,523.76,0.95431,0.656253,True,0.069639
48,engine-providentia-018,PROVIDENTIA,18,0.427641,True,583,543.42,0.996978,0.426349,True,0.190393
48,engine-scientia-019,SCIENTIA,19,0.506628,True,439,398.24,0.810351,0.410547,True,0.111406
48,engine-mathematica-020,MATHEMATICA,20,0.667652,True,972,58.13,0.94536,0.631171,True,0.049618
48,engine-cryptographia-021,CRYPTOGRAPHIA,21,0.734391,True,842,147.06,0.945981,0.69472,True,0.116357
48,engine-logica-022,LOGICA,22,0.674778,True,352,289.45,0.893094,0.602641,True,0.056744
48,engine-natura-023,NATURA,23,0.5592,True,562,635.57,0.914042,0.511133,True,0.058834
49,engine-cognitio-000,COGNITIO,0,0.555292,True,1,106.89,0.806697,0.447953,True,0.062742
49,engine-intelligentia-001,INTELLIGENTIA,1,0.700775,True,4,113.43,0.834612,0.584875,True,0.082741
49,engine-quantumia-002,QUANTUMIA,2,0.821723,True,7,505.94,0.758613,0.62337,True,0.203689
49,engine-resonantia-003,RESONANTIA,3,0.411718,True,11,317.72,0.75295,0.310003,True,0.206316
49,engine-harmonia-004,HARMONIA,4,0.477777,True,2,72.09,0.995369,0.475564,True,0.140257
49,engine-velocitas-005,VELOCITAS,5,0.650934,True,4,100.11,0.765677,0.498406,True,0.0329
49,engine-prudentia-006,PRUDENTIA,6,0.610057,True,4,588.69,0.811784,0.495235,True,0.007977
49,engine-fortitudo-007,FORTITUDO,7,0.575425,True,4,184.57,0.754396,0.434098,True,0.042609
49,engine-temperantia-008,TEMPERANTIA,8,0.5646,True,89,174.89,0.820793,0.46342,True,0.053434
49,engine-iustitia-009,IUSTITIA,9,0.537526,True,84,142.35,0.937931,0.504162,True,0.080508
49,engine-sapientia-010,SAPIENTIA,10,0.635038,True,81,250.71,0.930232,0.590733,True,0.017004
49,engine-memoria-011,MEMORIA,11,0.520002,True,329,372.68,0.725773,0.377403,True,0.098032
49,engine-imaginatio-012,IMAGINATIO,12,0.548892,True,664,320.81,0.740711,0.406571,True,0.069142
49,engine-veritas-013,VERITAS,13,0.523095,True,499,542.33,0.745041,0.389727,True,0.094939
49,engine-libertas-014,LIBERTAS,14,0.570785,True,30,228.19,0.95416,0.54462,True,0.047249
49,engine-dignitas-015,DIGNITAS,15,0.633953,True,840,451.28,0.95956,0.608316,True,0.015919
49,engine-concordia-016,CONCORDIA,16,0.629901,True,282,105.82,0.804976,0.507056,True,0.011867
49,engine-aeternitas-017,AETERNITAS,17,0.531925,True,816,174.0,0.778079,0.41388,True,0.086109
49,engine-providentia-018,PROVIDENTIA,18,0.645377,True,217,82.82,0.738525,0.476627,True,0.027343
49,engine-scientia-019,SCIENTIA,19,0.637827,True,83,569.37,0.769527,0.490825,True,0.019793
49,engine-mathematica-020,MATHEMATICA,20,0.678173,True,332,567.76,0.768367,0.521085,True,0.060139
49,engine-cryptographia-021,CRYPTOGRAPHIA,21,0.601103,True,541,121.65,0.815285,0.49007,True,0.016931
49,engine-logica-022,LOGICA,22,0.593918,True,39,409.88,0.943457,0.560336,True,0.024116
49,engine-natura-023,NATURA,23,0.65685,True,780,425.1,0.773657,0.508177,True,0.038816
50,engine-cognitio-000,COGNITIO,0,0.87407,True,1,209.88,0.850131,0.743074,True,0.256036
50,engine-intelligentia-001,INTELLIGENTIA,1,0.751317,True,1,100.38,0.733446,0.55105,True,0.133283
50,engine-quantumia-002,QUANTUMIA,2,0.500738,True,6,68.93,0.994195,0.497832,True,0.117296
50,engine-resonantia-003,RESONANTIA,3,0.896247,True,7,172.67,0.874179,0.78348,True,0.278213
50,engine-harmonia-004,HARMONIA,4,0.505247,True,16,693.87,0.899617,0.454528,True,0.112787
50,engine-velocitas-005,VELOCITAS,5,0.569257,True,11,186.4,0.921764,0.524721,True,0.048777
50,engine-prudentia-006,PRUDENTIA,6,0.591636,True,26,313.88,0.719112,0.425453,True,0.026398
50,engine-fortitudo-007,FORTITUDO,7,0.648205,True,80,649.15,0.900852,0.583937,True,0.030171
50,engine-temperantia-008,TEMPERANTIA,8,0.803157,True,69,251.75,0.701812,0.563665,True,0.185123
50,engine-iustitia-009,IUSTITIA,9,0.511952,True,224,490.99,0.787829,0.403331,True,0.106082
50,engine-sapientia-010,SAPIENTIA,10,0.633404,True,371,290.2,0.725546,0.459564,True,0.01537
50,engine-memoria-011,MEMORIA,11,0.601902,True,191,19.37,0.987789,0.594552,True,0.016132
50,engine-imaginatio-012,IMAGINATIO,12,0.632207,True,889,442.91,0.787038,0.497571,True,0.014173
50,engine-veritas-013,VERITAS,13,0.552277,True,197,440.41,0.708138,0.391089,True,0.065757
50,engine-libertas-014,LIBERTAS,14,0.641557,True,398,529.48,0.984091,0.631351,True,0.023523
50,engine-dignitas-015,DIGNITAS,15,0.692663,True,648,679.63,0.755132,0.523052,True,0.074629
50,engine-concordia-016,CONCORDIA,16,0.559707,True,315,398.46,0.966563,0.540993,True,0.058327
50,engine-aeternitas-017,AETERNITAS,17,0.652473,True,161,667.15,0.993869,0.648473,True,0.034439
50,engine-providentia-018,PROVIDENTIA,18,0.799701,True,490,616.88,0.76918,0.615114,True,0.181667
50,engine-scientia-019,SCIENTIA,19,0.553827,True,411,538.81,0.710847,0.393687,True,0.064207
50,engine-mathematica-020,MATHEMATICA,20,0.428303,True,372,321.36,0.98625,0.422414,True,0.189731
50,engine-cryptographia-021,CRYPTOGRAPHIA,21,0.718908,True,556,458.83,0.839881,0.603797,True,0.100874
50,engine-logica-022,LOGICA,22,0.818938,True,654,685.84,0.857657,0.702368,True,0.200904
50,engine-natura-023,NATURA,23,0.441896,True,621,632.39,0.785888,0.347281,True,0.176138
51,engine-cognitio-000,COGNITIO,0,0.728505,True,1,437.32,0.994616,0.724583,True,0.110471
51,engine-intelligentia-001,INTELLIGENTIA,1,0.547072,True,2,499.83,0.889031,0.486364,True,0.070962
51,engine-quantumia-002,QUANTUMIA,2,0.659619,True,6,608.29,0.739962,0.488093,True,0.041585
51,engine-resonantia-003,RESONANTIA,3,0.761565,True,13,334.76,0.821966,0.625981,True,0.143531
51,engine-harmonia-004,HARMONIA,4,0.751752,True,18,431.26,0.7237,0.544043,True,0.133718
51,engine-velocitas-005,VELOCITAS,5,0.610038,True,12,103.28,0.729536,0.445045,True,0.007996
51,engine-prudentia-006,PRUDENTIA,6,0.699574,True,40,114.08,0.712183,0.498225,True,0.08154
51,engine-fortitudo-007,FORTITUDO,7,0.568955,True,35,173.88,0.832548,0.473683,True,0.049078
51,engine-temperantia-008,TEMPERANTIA,8,0.724091,True,108,281.17,0.808517,0.58544,True,0.106057
51,engine-iustitia-009,IUSTITIA,9,0.667998,True,3,48.56,0.819589,0.547484,True,0.049964
51,engine-sapientia-010,SAPIENTIA,10,0.466757,True,362,182.38,0.864738,0.403623,True,0.151277
51,engine-memoria-011,MEMORIA,11,0.661769,True,77,190.37,0.854234,0.565306,True,0.043735
51,engine-imaginatio-012,IMAGINATIO,12,0.575051,True,703,424.72,0.868442,0.499399,True,0.042983
51,engine-veritas-013,VERITAS,13,0.632686,True,404,394.17,0.947852,0.599693,True,0.014652
51,engine-libertas-014,LIBERTAS,14,0.720088,True,275,217.56,0.94861,0.683083,True,0.102054
51,engine-dignitas-015,DIGNITAS,15,0.588145,True,694,307.55,0.831396,0.488981,True,0.029889
51,engine-concordia-016,CONCORDIA,16,0.666112,True,840,397.99,0.794621,0.529306,True,0.048078
51,engine-aeternitas-017,AETERNITAS,17,0.475502,True,866,387.81,0.881032,0.418933,True,0.142532
51,engine-providentia-018,PROVIDENTIA,18,0.285413,True,417,369.35,0.825039,0.235477,True,0.332621
51,engine-scientia-019,SCIENTIA,19,0.709314,True,393,379.18,0.855497,0.606816,True,0.09128
51,engine-mathematica-020,MATHEMATICA,20,0.758031,True,481,234.1,0.879911,0.667,True,0.139997
51,engine-cryptographia-021,CRYPTOGRAPHIA,21,0.807586,True,792,612.77,0.891663,0.720095,True,0.189552
51,engine-logica-022,LOGICA,22,0.595107,True,826,567.04,0.706326,0.42034,True,0.022927
51,engine-natura-023,NATURA,23,0.578988,True,78,335.78,0.956725,0.553933,True,0.039046
52,engine-cognitio-000,COGNITIO,0,0.641163,True,1,345.36,0.804108,0.515564,True,0.023129
52,engine-intelligentia-001,INTELLIGENTIA,1,0.51655,True,1,76.29,0.796874,0.411626,True,0.101484
52,engine-quantumia-002,QUANTUMIA,2,0.55126,True,3,190.28,0.930272,0.512822,True,0.066774
52,engine-resonantia-003,RESONANTIA,3,0.570399,True,12,398.73,0.730317,0.416572,True,0.047635
52,engine-harmonia-004,HARMONIA,4,0.602978,True,5,498.84,0.90718,0.54701,True,0.015056
52,engine-velocitas-005,VELOCITAS,5,0.517582,True,8,321.87,0.970796,0.502466,True,0.100452
52,engine-prudentia-006,PRUDENTIA,6,0.49608,True,36,455.91,0.941338,0.466979,True,0.121954
52,engine-fortitudo-007,FORTITUDO,7,0.765531,True,18,359.57,0.84004,0.643077,True,0.147497
52,engine-temperantia-008,TEMPERANTIA,8,0.675939,True,5,559.81,0.870615,0.588483,True,0.057905
52,engine-iustitia-009,IUSTITIA,9,0.680931,True,228,432.07,0.794351,0.540899,True,0.062897
52,engine-sapientia-010,SAPIENTIA,10,0.653129,True,146,633.78,0.83109,0.542809,True,0.035095
52,engine-memoria-011,MEMORIA,11,0.665036,True,312,531.32,0.983685,0.654186,True,0.047002
52,engine-imaginatio-012,IMAGINATIO,12,0.675362,True,943,388.5,0.803359,0.542558,True,0.057328
52,engine-veritas-013,VERITAS,13,0.80799,True,701,63.39,0.966137,0.780629,True,0.189956
52,engine-libertas-014,LIBERTAS,14,0.604538,True,802,497.05,0.722208,0.436602,True,0.013496
52,engine-dignitas-015,DIGNITAS,15,0.645356,True,161,670.4,0.70994,0.458164,True,0.027322
52,engine-concordia-016,CONCORDIA,16,0.573366,True,422,463.82,0.997945,0.572187,True,0.044668
52,engine-aeternitas-017,AETERNITAS,17,0.474659,True,105,19.6,0.861626,0.408979,True,0.143375
52,engine-providentia-018,PROVIDENTIA,18,0.628449,True,724,139.78,0.88022,0.553174,True,0.010415
52,engine-scientia-019,SCIENTIA,19,0.571917,True,579,219.21,0.850879,0.486632,True,0.046117
52,engine-mathematica-020,MATHEMATICA,20,0.527975,True,26,632.39,0.91112,0.481049,True,0.090059
52,engine-cryptographia-021,CRYPTOGRAPHIA,21,0.686998,True,14,676.01,0.964934,0.662908,True,0.068964
52,engine-logica-022,LOGICA,22,0.670705,True,353,675.07,0.963284,0.646079,True,0.052671
52,engine-natura-023,NATURA,23,0.422626,True,271,66.69,0.974171,0.41171,True,0.195408
53,engine-cognitio-000,COGNITIO,0,0.472898,True,3,28.8,0.900307,0.425753,True,0.145136
53,engine-intelligentia-001,INTELLIGENTIA,1,0.463328,True,3,42.92,0.849092,0.393408,True,0.154706
53,engine-quantumia-002,QUANTUMIA,2,0.59544,True,7,62.67,0.949266,0.565231,True,0.022594
53,engine-resonantia-003,RESONANTIA,3,0.485807,True,1,211.71,0.715069,0.347386,True,0.132227
53,engine-harmonia-004,HARMONIA,4,0.567395,True,12,511.08,0.976846,0.554258,True,0.050639
53,engine-velocitas-005,VELOCITAS,5,0.610487,True,11,622.18,0.803939,0.490794,True,0.007547
53,engine-prudentia-006,PRUDENTIA,6,0.70717,True,2,475.7,0.742144,0.524822,True,0.089136
53,engine-fortitudo-007,FORTITUDO,7,0.439578,True,36,572.05,0.931964,0.409671,True,0.178456
53,engine-temperantia-008,TEMPERANTIA,8,0.517631,True,80,442.04,0.746265,0.38629,True,0.100403
53,engine-iustitia-009,IUSTITIA,9,0.642984,True,31,165.23,0.81222,0.522244,True,0.02495
53,engine-sapientia-010,SAPIENTIA,10,0.435302,True,324,680.17,0.832901,0.362564,True,0.182732
53,engine-memoria-011,MEMORIA,11,0.536053,True,332,647.08,0.903145,0.484133,True,0.081981
53,engine-imaginatio-012,IMAGINATIO,12,0.781989,True,154,565.74,0.766439,0.599347,True,0.163955
53,engine-veritas-013,VERITAS,13,0.635693,True,431,408.24,0.807907,0.513581,True,0.017659
53,engine-libertas-014,LIBERTAS,14,0.78215,True,640,526.01,0.972332,0.76051,True,0.164116
53,engine-dignitas-015,DIGNITAS,15,0.723107,True,325,52.74,0.905358,0.65467,True,0.105073
53,engine-concordia-016,CONCORDIA,16,0.805652,True,567,644.29,0.710073,0.572071,True,0.187618
53,engine-aeternitas-017,AETERNITAS,17,0.617974,True,795,669.79,0.757769,0.468282,True,6e-05
53,engine-providentia-018,PROVIDENTIA,18,0.501443,True,63,486.94,0.99533,0.499102,True,0.116591
53,engine-scientia-019,SCIENTIA,19,0.800563,True,421,566.35,0.886802,0.70994,True,0.182529
53,engine-mathematica-020,MATHEMATICA,20,0.538704,True,81,295.1,0.719179,0.387425,True,0.07933
53,engine-cryptographia-021,CRYPTOGRAPHIA,21,0.811764,True,892,499.98,0.98158,0.796812,True,0.193731
53,engine-logica-022,LOGICA,22,0.501867,True,734,133.92,0.907935,0.455662,True,0.116167
53,engine-natura-023,NATURA,23,0.630546,True,133,290.43,0.768996,0.484887,True,0.012512
54,engine-cognitio-000,COGNITIO,0,0.619315,True,2,277.04,0.82453,0.510644,True,0.001281
54,engine-intelligentia-001,INTELLIGENTIA,1,0.643908,True,1,330.01,0.718603,0.462715,True,0.025874
54,engine-quantumia-002,QUANTUMIA,2,0.425738,True,6,386.49,0.835248,0.355597,True,0.192296
54,engine-resonantia-003,RESONANTIA,3,0.660898,True,4,343.7,0.963375,0.636692,True,0.042864
54,engine-harmonia-004,HARMONIA,4,0.609905,True,19,477.14,0.831204,0.506955,True,0.008129
54,engine-velocitas-005,VELOCITAS,5,0.710915,True,7,118.52,0.71275,0.506704,True,0.092881
54,engine-prudentia-006,PRUDENTIA,6,0.901427,True,44,373.03,0.784042,0.706757,True,0.283393
54,engine-fortitudo-007,FORTITUDO,7,0.806085,True,11,217.67,0.992787,0.800271,True,0.188051
54,engine-temperantia-008,TEMPERANTIA,8,0.410987,True,94,587.9,0.723271,0.297255,True,0.207047
54,engine-iustitia-009,IUSTITIA,9,0.71862,True,39,431.67,0.704191,0.506046,True,0.100586
54,engine-sapientia-010,SAPIENTIA,10,0.69424,True,360,511.64,0.906418,0.629271,True,0.076206
54,engine-memoria-011,MEMORIA,11,0.551242,True,269,288.78,0.880418,0.485324,True,0.066792
54,engine-imaginatio-012,IMAGINATIO,12,0.463108,True,548,435.56,0.995876,0.461199,True,0.154925
54,engine-veritas-013,VERITAS,13,0.694651,True,340,393.27,0.824537,0.572766,True,0.076617
54,engine-libertas-014,LIBERTAS,14,0.527996,True,31,454.68,0.804584,0.424817,True,0.090038
54,engine-dignitas-015,DIGNITAS,15,0.62205,True,489,57.27,0.744607,0.463183,True,0.004016
54,engine-concordia-016,CONCORDIA,16,0.547266,True,559,360.96,0.934444,0.51139,True,0.070768
54,engine-aeternitas-017,AETERNITAS,17,0.46684,True,337,135.35,0.915197,0.427251,True,0.151194
54,engine-providentia-018,PROVIDENTIA,18,0.800702,True,130,308.05,0.762136,0.610244,True,0.182668
54,engine-scientia-019,SCIENTIA,19,0.729906,True,225,337.41,0.714512,0.521527,True,0.111872
54,engine-mathematica-020,MATHEMATICA,20,0.598182,True,130,302.32,0.976359,0.584041,True,0.019852
54,engine-cryptographia-021,CRYPTOGRAPHIA,21,0.654501,True,302,142.84,0.950421,0.622052,True,0.036467
54,engine-logica-022,LOGICA,22,0.657354,True,372,122.59,0.734518,0.482838,True,0.03932
54,engine-natura-023,NATURA,23,0.578997,True,245,412.38,0.737422,0.426965,True,0.039037
55,engine-cognitio-000,COGNITIO,0,0.645606,True,1,588.36,0.747202,0.482398,True,0.027572
55,engine-intelligentia-001,INTELLIGENTIA,1,0.845781,True,5,454.21,0.899664,0.760919,True,0.227747
55,engine-quantumia-002,QUANTUMIA,2,0.549639,True,6,360.44,0.737905,0.405582,True,0.068395
55,engine-resonantia-003,RESONANTIA,3,0.700856,True,3,415.43,0.939847,0.658698,True,0.082822
55,engine-harmonia-004,HARMONIA,4,0.628277,True,8,584.94,0.864517,0.543156,True,0.010243
55,engine-velocitas-005,VELOCITAS,5,0.612228,True,25,631.96,0.89586,0.548471,True,0.005806
55,engine-prudentia-006,PRUDENTIA,6,0.640615,True,46,353.46,0.936466,0.599914,True,0.022581
55,engine-fortitudo-007,FORTITUDO,7,0.55123,True,41,566.44,0.755561,0.416488,True,0.066804
55,engine-temperantia-008,TEMPERANTIA,8,0.712488,True,20,76.96,0.838573,0.597473,True,0.094454
55,engine-iustitia-009,IUSTITIA,9,0.66591,True,166,562.63,0.992097,0.660648,True,0.047876
55,engine-sapientia-010,SAPIENTIA,10,0.572253,True,49,589.0,0.918554,0.525645,True,0.045781
55,engine-memoria-011,MEMORIA,11,0.743794,True,284,187.87,0.91309,0.679151,True,0.12576
55,engine-imaginatio-012,IMAGINATIO,12,0.560681,True,473,662.57,0.889594,0.498779,True,0.057353
55,engine-veritas-013,VERITAS,13,0.496017,True,812,505.68,0.746991,0.37052,True,0.122017
55,engine-libertas-014,LIBERTAS,14,0.660073,True,139,679.53,0.917834,0.605838,True,0.042039
55,engine-dignitas-015,DIGNITAS,15,0.779483,True,571,157.86,0.81686,0.636728,True,0.161449
55,engine-concordia-016,CONCORDIA,16,0.59232,True,86,522.58,0.824396,0.488306,True,0.025714
55,engine-aeternitas-017,AETERNITAS,17,0.74846,True,68,62.14,0.76865,0.575304,True,0.130426
55,engine-providentia-018,PROVIDENTIA,18,0.614715,True,381,550.77,0.974415,0.598988,True,0.003319
55,engine-scientia-019,SCIENTIA,19,0.721775,True,726,554.59,0.819632,0.59159,True,0.103741
55,engine-mathematica-020,MATHEMATICA,20,0.602332,True,737,189.52,0.840322,0.506153,True,0.015702
55,engine-cryptographia-021,CRYPTOGRAPHIA,21,0.567968,True,178,46.76,0.719573,0.408694,True,0.050066
55,engine-logica-022,LOGICA,22,0.556576,True,834,192.66,0.963812,0.536435,True,0.061458
55,engine-natura-023,NATURA,23,0.57123,True,291,194.76,0.914045,0.52213,True,0.046804
56,engine-cognitio-000,COGNITIO,0,0.740178,True,1,152.61,0.821666,0.608179,True,0.122144
56,engine-intelligentia-001,INTELLIGENTIA,1,0.685184,True,4,341.87,0.800329,0.548373,True,0.06715
56,engine-quantumia-002,QUANTUMIA,2,0.48769,True,3,280.54,0.856459,0.417687,True,0.130344
56,engine-resonantia-003,RESONANTIA,3,0.610537,True,12,627.46,0.993286,0.606438,True,0.007497
56,engine-harmonia-004,HARMONIA,4,0.49783,True,16,519.52,0.899713,0.447904,True,0.120204
56,engine-velocitas-005,VELOCITAS,5,0.617107,True,6,685.57,0.947649,0.584801,True,0.000927
56,engine-prudentia-006,PRUDENTIA,6,0.451239,True,50,552.13,0.809648,0.365345,True,0.166795
56,engine-fortitudo-007,FORTITUDO,7,0.673807,True,66,656.77,0.843026,0.568037,True,0.055773
56,engine-temperantia-008,TEMPERANTIA,8,0.66476,True,47,541.82,0.739948,0.491888,True,0.046726
56,engine-iustitia-009,IUSTITIA,9,0.735217,True,54,507.25,0.995273,0.731742,True,0.117183
56,engine-sapientia-010,SAPIENTIA,10,0.56388,True,124,469.72,0.809372,0.456388,True,0.054154
56,engine-memoria-011,MEMORIA,11,0.570247,True,169,648.63,0.957567,0.546049,True,0.047787
56,engine-imaginatio-012,IMAGINATIO,12,0.544083,True,259,492.69,0.895713,0.487342,True,0.073951
56,engine-veritas-013,VERITAS,13,0.697029,True,342,476.41,0.858062,0.598094,True,0.078995
56,engine-libertas-014,LIBERTAS,14,0.73001,True,770,272.55,0.938777,0.685317,True,0.111976
56,engine-dignitas-015,DIGNITAS,15,0.629058,True,895,95.78,0.741892,0.466693,True,0.011024
56,engine-concordia-016,CONCORDIA,16,0.62145,True,754,77.34,0.818445,0.508623,True,0.003416
56,engine-aeternitas-017,AETERNITAS,17,0.595568,True,32,507.67,0.878765,0.523364,True,0.022466
56,engine-providentia-018,PROVIDENTIA,18,0.714371,True,966,167.48,0.740036,0.52866,True,0.096337
56,engine-scientia-019,SCIENTIA,19,0.645853,True,320,162.13,0.889827,0.574697,True,0.027819
56,engine-mathematica-020,MATHEMATICA,20,0.673269,True,208,661.09,0.946492,0.637243,True,0.055235
56,engine-cryptographia-021,CRYPTOGRAPHIA,21,0.566541,True,717,283.54,0.786665,0.445678,True,0.051493
56,engine-logica-022,LOGICA,22,0.716883,True,397,230.62,0.821637,0.589017,True,0.098849
56,engine-natura-023,NATURA,23,0.620729,True,975,418.66,0.883004,0.548106,True,0.002695
57,engine-cognitio-000,COGNITIO,0,0.655002,True,1,267.04,0.916479,0.600295,True,0.036968
57,engine-intelligentia-001,INTELLIGENTIA,1,0.621515,True,5,165.36,0.911958,0.566795,True,0.003481
57,engine-quantumia-002,QUANTUMIA,2,0.693559,True,3,200.56,0.971705,0.673935,True,0.075525
57,engine-resonantia-003,RESONANTIA,3,0.553274,True,13,598.76,0.765452,0.423504,True,0.06476
57,engine-harmonia-004,HARMONIA,4,0.725074,True,9,606.66,0.951027,0.689565,True,0.10704
57,engine-velocitas-005,VELOCITAS,5,0.617508,True,27,267.59,0.858588,0.530185,True,0.000526
57,engine-prudentia-006,PRUDENTIA,6,0.767299,True,28,228.21,0.892399,0.684737,True,0.149265
57,engine-fortitudo-007,FORTITUDO,7,0.564785,True,71,637.27,0.714761,0.403686,True,0.053249
57,engine-temperantia-008,TEMPERANTIA,8,0.611781,True,103,565.8,0.717893,0.439193,True,0.006253
57,engine-iustitia-009,IUSTITIA,9,0.572236,True,18,518.33,0.915307,0.523772,True,0.045798
57,engine-sapientia-010,SAPIENTIA,10,0.661741,True,357,534.12,0.867891,0.574319,True,0.043707
57,engine-memoria-011,MEMORIA,11,0.731552,True,128,551.8,0.730924,0.534709,True,0.113518
57,engine-imaginatio-012,IMAGINATIO,12,0.48974,True,930,54.41,0.87571,0.428871,True,0.128294
57,engine-veritas-013,VERITAS,13,0.536739,True,851,343.27,0.915212,0.49123,True,0.081295
57,engine-libertas-014,LIBERTAS,14,0.536206,True,455,79.56,0.724473,0.388467,True,0.081828
57,engine-dignitas-015,DIGNITAS,15,0.586183,True,806,167.31,0.919822,0.539184,True,0.031851
57,engine-concordia-016,CONCORDIA,16,0.851617,True,476,542.97,0.822573,0.700517,True,0.233583
57,engine-aeternitas-017,AETERNITAS,17,0.443956,True,142,42.08,0.78816,0.349909,True,0.174078
57,engine-providentia-018,PROVIDENTIA,18,0.650226,True,10,245.53,0.838798,0.545408,True,0.032192
57,engine-scientia-019,SCIENTIA,19,0.414381,True,937,79.99,0.79626,0.329955,True,0.203653
57,engine-mathematica-020,MATHEMATICA,20,0.589426,True,739,366.95,0.968053,0.570596,True,0.028608
57,engine-cryptographia-021,CRYPTOGRAPHIA,21,0.581841,True,411,658.06,0.941315,0.547696,True,0.036193
57,engine-logica-022,LOGICA,22,0.876414,True,552,573.47,0.863395,0.756691,True,0.25838
57,engine-natura-023,NATURA,23,0.507849,True,899,264.76,0.7141,0.362655,True,0.110185
58,engine-cognitio-000,COGNITIO,0,0.606372,True,3,661.55,0.746784,0.452829,True,0.011662
58,engine-intelligentia-001,INTELLIGENTIA,1,0.599506,True,3,358.28,0.944891,0.566468,True,0.018528
58,engine-quantumia-002,QUANTUMIA,2,0.515162,True,4,248.39,0.867256,0.446777,True,0.102872
58,engine-resonantia-003,RESONANTIA,3,0.610888,True,9,431.37,0.849202,0.518767,True,0.007146
58,engine-harmonia-004,HARMONIA,4,0.590762,True,10,426.54,0.960702,0.567546,True,0.027272
58,engine-velocitas-005,VELOCITAS,5,0.569798,True,8,23.42,0.894622,0.509754,True,0.048236
58,engine-prudentia-006,PRUDENTIA,6,0.537353,True,42,191.41,0.795435,0.427429,True,0.080681
58,engine-fortitudo-007,FORTITUDO,7,0.591296,True,89,402.53,0.730783,0.432109,True,0.026738
58,engine-temperantia-008,TEMPERANTIA,8,0.681333,True,14,305.15,0.943469,0.642817,True,0.063299
58,engine-iustitia-009,IUSTITIA,9,0.727209,True,163,48.26,0.947831,0.689271,True,0.109175
58,engine-sapientia-010,SAPIENTIA,10,0.720623,True,311,37.47,0.946587,0.682133,True,0.102589
58,engine-memoria-011,MEMORIA,11,0.758823,True,197,222.29,0.996562,0.756214,True,0.140789
58,engine-imaginatio-012,IMAGINATIO,12,0.580703,True,309,601.44,0.911667,0.529408,True,0.037331
58,engine-veritas-013,VERITAS,13,0.432123,True,309,12.44,0.784294,0.338912,True,0.185911
58,engine-libertas-014,LIBERTAS,14,0.678665,True,851,201.45,0.779341,0.528911,True,0.060631
58,engine-dignitas-015,DIGNITAS,15,0.556571,True,286,552.29,0.945109,0.526021,True,0.061463
58,engine-concordia-016,CONCORDIA,16,0.660115,True,313,441.08,0.912269,0.602202,True,0.042081
58,engine-aeternitas-017,AETERNITAS,17,0.73427,True,832,40.15,0.974976,0.715896,True,0.116236
58,engine-providentia-018,PROVIDENTIA,18,0.790034,True,246,109.89,0.753337,0.595162,True,0.172
58,engine-scientia-019,SCIENTIA,19,0.726275,True,944,424.29,0.792805,0.575795,True,0.108241
58,engine-mathematica-020,MATHEMATICA,20,0.552719,True,153,582.95,0.738121,0.407973,True,0.065315
58,engine-cryptographia-021,CRYPTOGRAPHIA,21,0.627326,True,273,466.59,0.779302,0.488876,True,0.009292
58,engine-logica-022,LOGICA,22,0.73247,True,843,330.99,0.794803,0.582169,True,0.114436
58,engine-natura-023,NATURA,23,0.681045,True,221,474.8,0.835181,0.568796,True,0.063011
59,engine-cognitio-000,COGNITIO,0,0.604436,True,2,22.34,0.98465,0.595158,True,0.013598
59,engine-intelligentia-001,INTELLIGENTIA,1,0.628831,True,4,413.61,0.744605,0.468231,True,0.010797
59,engine-quantumia-002,QUANTUMIA,2,0.632638,True,7,696.82,0.929051,0.587753,True,0.014604
59,engine-resonantia-003,RESONANTIA,3,0.794571,True,6,228.8,0.798355,0.63435,True,0.176537
59,engine-harmonia-004,HARMONIA,4,0.581219,True,8,175.3,0.742321,0.431451,True,0.036815
59,engine-velocitas-005,VELOCITAS,5,0.565633,True,31,171.29,0.711142,0.402245,True,0.052401
59,engine-prudentia-006,PRUDENTIA,6,0.471435,True,26,656.99,0.749099,0.353151,True,0.146599
59,engine-fortitudo-007,FORTITUDO,7,0.570114,True,18,252.07,0.776744,0.442833,True,0.04792
59,engine-temperantia-008,TEMPERANTIA,8,0.568178,True,25,633.28,0.996807,0.566364,True,0.049856
59,engine-iustitia-009,IUSTITIA,9,0.359508,True,31,661.34,0.881015,0.316732,True,0.258526
59,engine-sapientia-010,SAPIENTIA,10,0.790393,True,119,506.38,0.732488,0.578954,True,0.172359
59,engine-memoria-011,MEMORIA,11,0.564615,True,169,53.63,0.958524,0.541197,True,0.053419
59,engine-imaginatio-012,IMAGINATIO,12,0.523784,True,665,606.57,0.87804,0.459903,True,0.09425
59,engine-veritas-013,VERITAS,13,0.494034,True,44,294.75,0.711126,0.35132,True,0.124
59,engine-libertas-014,LIBERTAS,14,0.62476,True,292,475.96,0.827346,0.516893,True,0.006726
59,engine-dignitas-015,DIGNITAS,15,0.615167,True,706,532.19,0.997807,0.613818,True,0.002867
59,engine-concordia-016,CONCORDIA,16,0.791299,True,666,441.38,0.875581,0.692847,True,0.173265
59,engine-aeternitas-017,AETERNITAS,17,0.772518,True,543,141.14,0.98196,0.758582,True,0.154484
59,engine-providentia-018,PROVIDENTIA,18,0.645894,True,911,212.3,0.732015,0.472804,True,0.02786
59,engine-scientia-019,SCIENTIA,19,0.552015,True,635,467.36,0.927701,0.512105,True,0.066019
59,engine-mathematica-020,MATHEMATICA,20,0.679502,True,103,395.23,0.707234,0.480567,True,0.061468
59,engine-cryptographia-021,CRYPTOGRAPHIA,21,0.615743,True,765,220.97,0.707326,0.435531,True,0.002291
59,engine-logica-022,LOGICA,22,0.49347,True,29,215.4,0.981822,0.484499,True,0.124564
59,engine-natura-023,NATURA,23,0.495228,True,848,162.75,0.899738,0.445576,True,0.122806
60,engine-cognitio-000,COGNITIO,0,0.704085,True,3,532.92,0.950339,0.66912,True,0.086051
60,engine-intelligentia-001,INTELLIGENTIA,1,0.648855,True,3,543.28,0.806113,0.523051,True,0.030821
60,engine-quantumia-002,QUANTUMIA,2,0.373472,True,6,406.4,0.806652,0.301262,True,0.244562
60,engine-resonantia-003,RESONANTIA,3,0.555724,True,8,424.82,0.943517,0.524335,True,0.06231
60,engine-harmonia-004,HARMONIA,4,0.704792,True,19,280.33,0.784497,0.552907,True,0.086758
60,engine-velocitas-005,VELOCITAS,5,0.724306,True,21,15.81,0.763921,0.553313,True,0.106272
60,engine-prudentia-006,PRUDENTIA,6,0.81058,True,53,483.02,0.748061,0.606363,True,0.192546
60,engine-fortitudo-007,FORTITUDO,7,0.565277,True,29,22.5,0.825372,0.466564,True,0.052757
60,engine-temperantia-008,TEMPERANTIA,8,0.467039,True,43,655.07,0.841158,0.392853,True,0.150995
60,engine-iustitia-009,IUSTITIA,9,0.655693,True,13,218.19,0.75491,0.494989,True,0.037659
60,engine-sapientia-010,SAPIENTIA,10,0.605961,True,249,132.5,0.73866,0.447599,True,0.012073
60,engine-memoria-011,MEMORIA,11,0.635387,True,30,385.87,0.89532,0.568875,True,0.017353
60,engine-imaginatio-012,IMAGINATIO,12,0.647198,True,368,184.0,0.858223,0.55544,True,0.029164
60,engine-veritas-013,VERITAS,13,0.575324,True,406,153.32,0.9013,0.518539,True,0.04271
60,engine-libertas-014,LIBERTAS,14,0.753936,True,175,397.26,0.9405,0.709076,True,0.135902
60,engine-dignitas-015,DIGNITAS,15,0.60881,True,113,264.78,0.877594,0.534288,True,0.009224
60,engine-concordia-016,CONCORDIA,16,0.654504,True,664,578.2,0.92165,0.603223,True,0.03647
60,engine-aeternitas-017,AETERNITAS,17,0.583688,True,64,72.27,0.852664,0.49769,True,0.034346
60,engine-providentia-018,PROVIDENTIA,18,0.671678,True,720,141.43,0.896626,0.602244,True,0.053644
60,engine-scientia-019,SCIENTIA,19,0.43644,True,917,207.25,0.859884,0.375288,True,0.181594
60,engine-mathematica-020,MATHEMATICA,20,0.714082,True,313,406.74,0.870601,0.621681,True,0.096048
60,engine-cryptographia-021,CRYPTOGRAPHIA,21,0.515237,True,160,633.5,0.8222,0.423628,True,0.102796
60,engine-logica-022,LOGICA,22,0.467339,True,122,596.77,0.989839,0.462591,True,0.150695
60,engine-natura-023,NATURA,23,0.695963,True,332,598.73,0.803253,0.559034,True,0.077929
61,engine-cognitio-000,COGNITIO,0,0.468201,True,3,141.83,0.954049,0.446686,True,0.149833
61,engine-intelligentia-001,INTELLIGENTIA,1,0.816257,True,5,570.34,0.875868,0.714934,True,0.198223
61,engine-quantumia-002,QUANTUMIA,2,0.856567,True,5,56.26,0.986424,0.844939,True,0.238533
61,engine-resonantia-003,RESONANTIA,3,0.538883,True,4,141.81,0.904312,0.487319,True,0.079151
61,engine-harmonia-004,HARMONIA,4,0.717221,True,11,595.91,0.887287,0.636381,True,0.099187
61,engine-velocitas-005,VELOCITAS,5,0.422469,True,1,499.26,0.996481,0.420982,True,0.195565
61,engine-prudentia-006,PRUDENTIA,6,0.729902,True,34,662.44,0.805161,0.587688,True,0.111868
61,engine-fortitudo-007,FORTITUDO,7,0.650571,True,50,652.29,0.794189,0.516676,True,0.032537
61,engine-temperantia-008,TEMPERANTIA,8,0.681002,True,63,310.07,0.971334,0.661481,True,0.062968
61,engine-iustitia-009,IUSTITIA,9,0.720827,True,200,242.4,0.918791,0.662289,True,0.102793
61,engine-sapientia-010,SAPIENTIA,10,0.331563,True,107,208.05,0.923049,0.306049,True,0.286471
61,engine-memoria-011,MEMORIA,11,0.57653,True,332,652.42,0.927936,0.534983,True,0.041504
61,engine-imaginatio-012,IMAGINATIO,12,0.448446,True,143,668.74,0.925881,0.415208,True,0.169588
61,engine-veritas-013,VERITAS,13,0.774226,True,321,688.47,0.701691,0.543267,True,0.156192
61,engine-libertas-014,LIBERTAS,14,0.740744,True,903,273.94,0.933501,0.691486,True,0.12271
61,engine-dignitas-015,DIGNITAS,15,0.628359,True,351,392.94,0.859413,0.54002,True,0.010325
61,engine-concordia-016,CONCORDIA,16,0.573385,True,844,383.59,0.997156,0.571754,True,0.044649
61,engine-aeternitas-017,AETERNITAS,17,0.599663,True,366,413.66,0.799171,0.479233,True,0.018371
61,engine-providentia-018,PROVIDENTIA,18,0.657925,True,720,304.78,0.959165,0.631059,True,0.039891
61,engine-scientia-019,SCIENTIA,19,0.880552,True,306,296.92,0.875547,0.770965,True,0.262518
61,engine-mathematica-020,MATHEMATICA,20,0.636081,True,132,26.41,0.914149,0.581473,True,0.018047
61,engine-cryptographia-021,CRYPTOGRAPHIA,21,0.61448,True,876,500.64,0.777399,0.477696,True,0.003554
61,engine-logica-022,LOGICA,22,0.595918,True,770,516.06,0.985262,0.587135,True,0.022116
61,engine-natura-023,NATURA,23,0.463187,True,701,58.31,0.942336,0.436478,True,0.154847
62,engine-cognitio-000,COGNITIO,0,0.685508,True,3,100.94,0.84091,0.57645,True,0.067474
62,engine-intelligentia-001,INTELLIGENTIA,1,0.603101,True,5,86.93,0.733899,0.442615,True,0.014933
62,engine-quantumia-002,QUANTUMIA,2,0.663107,True,2,582.93,0.849744,0.563472,True,0.045073
62,engine-resonantia-003,RESONANTIA,3,0.637007,True,7,666.08,0.980947,0.62487,True,0.018973
62,engine-harmonia-004,HARMONIA,4,0.644522,True,15,621.61,0.962605,0.62042,True,0.026488
62,engine-velocitas-005,VELOCITAS,5,0.543314,True,31,10.87,0.763043,0.414572,True,0.07472
62,engine-prudentia-006,PRUDENTIA,6,0.647542,True,42,686.0,0.725107,0.469537,True,0.029508
62,engine-fortitudo-007,FORTITUDO,7,0.505237,True,36,677.63,0.934969,0.472381,True,0.112797
62,engine-temperantia-008,TEMPERANTIA,8,0.648526,True,40,182.09,0.910764,0.590654,True,0.030492
62,engine-iustitia-009,IUSTITIA,9,0.645772,True,10,261.22,0.803651,0.518975,True,0.027738
62,engine-sapientia-010,SAPIENTIA,10,0.528541,True,254,392.69,0.967385,0.511302,True,0.089493
62,engine-memoria-011,MEMORIA,11,0.652635,True,84,581.32,0.81524,0.532054,True,0.034601
62,engine-imaginatio-012,IMAGINATIO,12,0.535426,True,741,654.24,0.743221,0.39794,True,0.082608
62,engine-veritas-013,VERITAS,13,0.610794,True,937,514.69,0.839204,0.512581,True,0.00724
62,engine-libertas-014,LIBERTAS,14,0.560667,True,551,603.88,0.704487,0.394982,True,0.057367
62,engine-dignitas-015,DIGNITAS,15,0.559867,True,351,45.42,0.777012,0.435023,True,0.058167
62,engine-concordia-016,CONCORDIA,16,0.548091,True,359,494.14,0.73578,0.403275,True,0.069943
62,engine-aeternitas-017,AETERNITAS,17,0.685066,True,657,526.85,0.917503,0.62855,True,0.067032
62,engine-providentia-018,PROVIDENTIA,18,0.692223,True,327,381.96,0.819229,0.567089,True,0.074189
62,engine-scientia-019,SCIENTIA,19,0.777468,True,900,644.59,0.716098,0.556743,True,0.159434
62,engine-mathematica-020,MATHEMATICA,20,0.608923,True,609,34.34,0.968673,0.589848,True,0.009111
62,engine-cryptographia-021,CRYPTOGRAPHIA,21,0.631551,True,630,279.41,0.757961,0.478691,True,0.013517
62,engine-logica-022,LOGICA,22,0.575116,True,134,683.86,0.844309,0.485576,True,0.042918
62,engine-natura-023,NATURA,23,0.63218,True,541,46.34,0.767598,0.48526,True,0.014146
63,engine-cognitio-000,COGNITIO,0,0.372669,True,3,347.27,0.963135,0.35893,True,0.245365
63,engine-intelligentia-001,INTELLIGENTIA,1,0.595361,True,3,243.16,0.793377,0.472346,True,0.022673
63,engine-quantumia-002,QUANTUMIA,2,0.695658,True,5,39.57,0.78622,0.54694,True,0.077624
63,engine-resonantia-003,RESONANTIA,3,0.695039,True,4,532.8,0.878346,0.610485,True,0.077005
63,engine-harmonia-004,HARMONIA,4,0.698422,True,4,228.84,0.997116,0.696407,True,0.080388
63,engine-velocitas-005,VELOCITAS,5,0.742474,True,31,193.7,0.784803,0.582696,True,0.12444
63,engine-prudentia-006,PRUDENTIA,6,0.53429,True,11,310.79,0.715916,0.382506,True,0.083744
63,engine-fortitudo-007,FORTITUDO,7,0.544044,True,10,487.99,0.864062,0.470087,True,0.07399
63,engine-temperantia-008,TEMPERANTIA,8,0.601894,True,62,413.71,0.790052,0.475528,True,0.01614
63,engine-iustitia-009,IUSTITIA,9,0.719775,True,154,212.29,0.807989,0.58157,True,0.101741
63,engine-sapientia-010,SAPIENTIA,10,0.705856,True,202,23.53,0.759552,0.536135,True,0.087822
63,engine-memoria-011,MEMORIA,11,0.500351,True,464,218.67,0.825341,0.41296,True,0.117683
63,engine-imaginatio-012,IMAGINATIO,12,0.500048,True,451,508.99,0.70214,0.351104,True,0.117986
63,engine-veritas-013,VERITAS,13,0.688701,True,818,566.56,0.939505,0.647038,True,0.070667
63,engine-libertas-014,LIBERTAS,14,0.623363,True,674,668.35,0.989104,0.616571,True,0.005329
63,engine-dignitas-015,DIGNITAS,15,0.549482,True,935,609.76,0.944476,0.518973,True,0.068552
63,engine-concordia-016,CONCORDIA,16,0.587446,True,2,338.9,0.901663,0.529678,True,0.030588
63,engine-aeternitas-017,AETERNITAS,17,0.707879,True,651,655.6,0.830373,0.587803,True,0.089845
63,engine-providentia-018,PROVIDENTIA,18,0.52283,True,305,128.65,0.781558,0.408622,True,0.095204
63,engine-scientia-019,SCIENTIA,19,0.559463,True,897,534.78,0.884842,0.495037,True,0.058571
63,engine-mathematica-020,MATHEMATICA,20,0.581196,True,782,559.15,0.849994,0.494013,True,0.036838
63,engine-cryptographia-021,CRYPTOGRAPHIA,21,0.765532,True,847,224.3,0.923444,0.706926,True,0.147498
63,engine-logica-022,LOGICA,22,0.591567,True,28,415.62,0.97112,0.574482,True,0.026467
63,engine-natura-023,NATURA,23,0.582147,True,289,417.17,0.969708,0.564513,True,0.035887
64,engine-cognitio-000,COGNITIO,0,0.520876,True,1,457.32,0.950453,0.495068,True,0.097158
64,engine-intelligentia-001,INTELLIGENTIA,1,0.595701,True,2,295.45,0.950049,0.565945,True,0.022333
64,engine-quantumia-002,QUANTUMIA,2,0.578393,True,6,474.62,0.82233,0.47563,True,0.039641
64,engine-resonantia-003,RESONANTIA,3,0.563832,True,1,229.38,0.900886,0.507948,True,0.054202
64,engine-harmonia-004,HARMONIA,4,0.601449,True,20,207.25,0.864204,0.519774,True,0.016585
64,engine-velocitas-005,VELOCITAS,5,0.649989,True,32,678.57,0.885717,0.575706,True,0.031955
64,engine-prudentia-006,PRUDENTIA,6,0.836393,True,21,664.3,0.892629,0.746588,True,0.218359
64,engine-fortitudo-007,FORTITUDO,7,0.736018,True,14,302.51,0.92199,0.678601,True,0.117984
64,engine-temperantia-008,TEMPERANTIA,8,0.55932,True,62,127.96,0.736225,0.411785,True,0.058714
64,engine-iustitia-009,IUSTITIA,9,0.638444,True,94,468.83,0.972123,0.620646,True,0.02041
64,engine-sapientia-010,SAPIENTIA,10,0.490703,True,27,640.01,0.887007,0.435257,True,0.127331
64,engine-memoria-011,MEMORIA,11,0.419056,True,365,387.98,0.884593,0.370694,True,0.198978
64,engine-imaginatio-012,IMAGINATIO,12,0.723004,True,213,486.57,0.918883,0.664356,True,0.10497
64,engine-veritas-013,VERITAS,13,0.698776,True,332,593.9,0.709295,0.495639,True,0.080742
64,engine-libertas-014,LIBERTAS,14,0.620538,True,241,43.32,0.917577,0.569391,True,0.002504
64,engine-dignitas-015,DIGNITAS,15,0.785103,True,599,197.73,0.894608,0.702359,True,0.167069
64,engine-concordia-016,CONCORDIA,16,0.44566,True,960,468.63,0.878905,0.391693,True,0.172374
64,engine-aeternitas-017,AETERNITAS,17,0.530515,True,765,403.27,0.807389,0.428332,True,0.087519
64,engine-providentia-018,PROVIDENTIA,18,0.627402,True,747,435.91,0.796245,0.499566,True,0.009368
64,engine-scientia-019,SCIENTIA,19,0.610592,True,774,250.52,0.872676,0.532849,True,0.007442
64,engine-mathematica-020,MATHEMATICA,20,0.644888,True,983,407.71,0.801392,0.516808,True,0.026854
64,engine-cryptographia-021,CRYPTOGRAPHIA,21,0.44253,True,819,322.33,0.733621,0.324649,True,0.175504
64,engine-logica-022,LOGICA,22,0.559184,True,778,561.46,0.853616,0.477329,True,0.05885
64,engine-natura-023,NATURA,23,0.651379,True,651,444.31,0.829503,0.540321,True,0.033345
65,engine-cognitio-000,COGNITIO,0,0.461586,True,1,666.82,0.878477,0.405492,True,0.156448
65,engine-intelligentia-001,INTELLIGENTIA,1,0.748537,True,1,150.39,0.980185,0.733705,True,0.130503
65,engine-quantumia-002,QUANTUMIA,2,0.653514,True,7,647.71,0.755188,0.493526,True,0.03548
65,engine-resonantia-003,RESONANTIA,3,0.612579,True,9,590.98,0.860577,0.527171,True,0.005455
65,engine-harmonia-004,HARMONIA,4,0.578462,True,17,245.2,0.802981,0.464494,True,0.039572
65,engine-velocitas-005,VELOCITAS,5,0.632962,True,20,219.66,0.998232,0.631843,True,0.014928
65,engine-prudentia-006,PRUDENTIA,6,0.702049,True,5,201.58,0.885537,0.62169,True,0.084015
65,engine-fortitudo-007,FORTITUDO,7,0.67915,True,59,588.55,0.701759,0.4766,True,0.061116
65,engine-temperantia-008,TEMPERANTIA,8,0.410342,True,23,170.14,0.775919,0.318393,True,0.207691
65,engine-iustitia-009,IUSTITIA,9,0.511151,True,41,557.52,0.765646,0.391361,True,0.106883
65,engine-sapientia-010,SAPIENTIA,10,0.666335,True,258,61.42,0.779591,0.519469,True,0.048301
65,engine-memoria-011,MEMORIA,11,0.726244,True,252,598.22,0.974068,0.707411,True,0.10821
65,engine-imaginatio-012,IMAGINATIO,12,0.582055,True,979,62.16,0.72099,0.419656,True,0.035979
65,engine-veritas-013,VERITAS,13,0.783372,True,603,245.76,0.94711,0.741939,True,0.165338
65,engine-libertas-014,LIBERTAS,14,0.4919,True,617,646.67,0.965427,0.474894,True,0.126134
65,engine-dignitas-015,DIGNITAS,15,0.689385,True,810,292.52,0.789671,0.544387,True,0.071351
65,engine-concordia-016,CONCORDIA,16,0.547286,True,604,61.59,0.951165,0.52056,True,0.070748
65,engine-aeternitas-017,AETERNITAS,17,0.690569,True,591,239.55,0.954444,0.65911,True,0.072535
65,engine-providentia-018,PROVIDENTIA,18,0.701622,True,665,376.95,0.756122,0.530512,True,0.083588
65,engine-scientia-019,SCIENTIA,19,0.471791,True,155,411.44,0.968623,0.456988,True,0.146243
65,engine-mathematica-020,MATHEMATICA,20,0.667396,True,888,314.93,0.77812,0.519314,True,0.049362
65,engine-cryptographia-021,CRYPTOGRAPHIA,21,0.62676,True,832,654.07,0.811081,0.508353,True,0.008726
65,engine-logica-022,LOGICA,22,0.748129,True,712,313.59,0.898896,0.67249,True,0.130095
65,engine-natura-023,NATURA,23,0.593041,True,344,674.05,0.94573,0.560857,True,0.024993
66,engine-cognitio-000,COGNITIO,0,0.589678,True,2,661.68,0.78515,0.462986,True,0.028356
66,engine-intelligentia-001,INTELLIGENTIA,1,0.371132,True,4,178.01,0.832649,0.309023,True,0.246902
66,engine-quantumia-002,QUANTUMIA,2,0.659646,True,6,211.5,0.785098,0.517887,True,0.041612
66,engine-resonantia-003,RESONANTIA,3,0.580119,True,6,567.95,0.805225,0.467126,True,0.037915
66,engine-harmonia-004,HARMONIA,4,0.728929,True,19,11.99,0.852897,0.621702,True,0.110895
66,engine-velocitas-005,VELOCITAS,5,0.671242,True,2,81.94,0.855932,0.574538,True,0.053208
66,engine-prudentia-006,PRUDENTIA,6,0.341561,True,8,539.76,0.853672,0.291581,True,0.276473
66,engine-fortitudo-007,FORTITUDO,7,0.687478,True,80,651.11,0.749471,0.515245,True,0.069444
66,engine-temperantia-008,TEMPERANTIA,8,0.57188,True,20,537.4,0.905024,0.517565,True,0.046154
66,engine-iustitia-009,IUSTITIA,9,0.466951,True,54,248.79,0.722751,0.337489,True,0.151083
66,engine-sapientia-010,SAPIENTIA,10,0.503463,True,282,668.32,0.919714,0.463042,True,0.114571
66,engine-memoria-011,MEMORIA,11,0.533965,True,359,38.45,0.90366,0.482523,True,0.084069
66,engine-imaginatio-012,IMAGINATIO,12,0.647327,True,938,674.03,0.778854,0.504173,True,0.029293
66,engine-veritas-013,VERITAS,13,0.635239,True,905,460.71,0.935622,0.594343,True,0.017205
66,engine-libertas-014,LIBERTAS,14,0.631521,True,116,168.07,0.703187,0.444078,True,0.013487
66,engine-dignitas-015,DIGNITAS,15,0.563701,True,247,546.38,0.891815,0.502717,True,0.054333
66,engine-concordia-016,CONCORDIA,16,0.638681,True,127,686.76,0.704597,0.450013,True,0.020647
66,engine-aeternitas-017,AETERNITAS,17,0.66782,True,503,237.44,0.703595,0.469875,True,0.049786
66,engine-providentia-018,PROVIDENTIA,18,0.751089,True,310,23.49,0.721259,0.541729,True,0.133055
66,engine-scientia-019,SCIENTIA,19,0.798804,True,198,554.07,0.978441,0.781583,True,0.18077
66,engine-mathematica-020,MATHEMATICA,20,0.493523,True,87,360.74,0.991552,0.489353,True,0.124511
66,engine-cryptographia-021,CRYPTOGRAPHIA,21,0.542678,True,245,215.0,0.738383,0.400704,True,0.075356
66,engine-logica-022,LOGICA,22,0.686933,True,38,473.74,0.897429,0.616474,True,0.068899
66,engine-natura-023,NATURA,23,0.735187,True,225,38.26,0.983733,0.723228,True,0.117153
67,engine-cognitio-000,COGNITIO,0,0.564616,True,2,338.62,0.748774,0.42277,True,0.053418
67,engine-intelligentia-001,INTELLIGENTIA,1,0.573492,True,5,216.33,0.827436,0.474528,True,0.044542
67,engine-quantumia-002,QUANTUMIA,2,0.592315,True,6,180.75,0.982558,0.581983,True,0.025719
67,engine-resonantia-003,RESONANTIA,3,0.570702,True,7,646.16,0.734806,0.419355,True,0.047332
67,engine-harmonia-004,HARMONIA,4,0.65896,True,1,370.55,0.786733,0.518425,True,0.040926
67,engine-velocitas-005,VELOCITAS,5,0.621505,True,16,692.48,0.829765,0.515703,True,0.003471
67,engine-prudentia-006,PRUDENTIA,6,0.569606,True,35,258.9,0.811518,0.462246,True,0.048428
67,engine-fortitudo-007,FORTITUDO,7,0.576697,True,42,333.89,0.953667,0.549977,True,0.041337
67,engine-temperantia-008,TEMPERANTIA,8,0.59041,True,59,338.36,0.920454,0.543446,True,0.027624
67,engine-iustitia-009,IUSTITIA,9,0.715464,True,105,484.8,0.700841,0.501426,True,0.09743
67,engine-sapientia-010,SAPIENTIA,10,0.770805,True,215,307.1,0.913287,0.703967,True,0.152772
67,engine-memoria-011,MEMORIA,11,0.459116,True,458,630.53,0.876389,0.402364,True,0.158918
67,engine-imaginatio-012,IMAGINATIO,12,0.675847,True,623,381.73,0.912709,0.616851,True,0.057813
67,engine-veritas-013,VERITAS,13,0.53709,True,321,104.07,0.876857,0.470951,True,0.080944
67,engine-libertas-014,LIBERTAS,14,0.701632,True,789,465.58,0.786966,0.55216,True,0.083598
67,engine-dignitas-015,DIGNITAS,15,0.569649,True,691,217.39,0.777722,0.443028,True,0.048385
67,engine-concordia-016,CONCORDIA,16,0.883171,True,984,396.31,0.94042,0.830551,True,0.265137
67,engine-aeternitas-017,AETERNITAS,17,0.641835,True,857,531.75,0.701802,0.450441,True,0.023801
67,engine-providentia-018,PROVIDENTIA,18,0.777307,True,773,366.35,0.857258,0.666353,True,0.159273
67,engine-scientia-019,SCIENTIA,19,0.746213,True,522,48.83,0.746037,0.556702,True,0.128179
67,engine-mathematica-020,MATHEMATICA,20,0.711671,True,301,498.99,0.725783,0.516519,True,0.093637
67,engine-cryptographia-021,CRYPTOGRAPHIA,21,0.71745,True,643,180.24,0.803326,0.576346,True,0.099416
67,engine-logica-022,LOGICA,22,0.648102,True,628,648.27,0.743242,0.481697,True,0.030068
67,engine-natura-023,NATURA,23,0.555167,True,201,615.36,0.941269,0.522561,True,0.062867
68,engine-cognitio-000,COGNITIO,0,0.717554,True,1,556.43,0.9207,0.660652,True,0.09952
68,engine-intelligentia-001,INTELLIGENTIA,1,0.469066,True,2,658.71,0.941077,0.441428,True,0.148968
68,engine-quantumia-002,QUANTUMIA,2,0.549768,True,2,30.45,0.795611,0.437402,True,0.068266
68,engine-resonantia-003,RESONANTIA,3,0.615955,True,6,74.76,0.72275,0.445181,True,0.002079
68,engine-harmonia-004,HARMONIA,4,0.530603,True,1,162.1,0.840249,0.445839,True,0.087431
68,engine-velocitas-005,VELOCITAS,5,0.675684,True,4,28.49,0.816213,0.551502,True,0.05765
68,engine-prudentia-006,PRUDENTIA,6,0.603902,True,33,341.02,0.757216,0.457284,True,0.014132
68,engine-fortitudo-007,FORTITUDO,7,0.659285,True,63,452.07,0.86533,0.570499,True,0.041251
68,engine-temperantia-008,TEMPERANTIA,8,0.820155,True,11,250.69,0.917756,0.752703,True,0.202121
68,engine-iustitia-009,IUSTITIA,9,0.539734,True,37,452.83,0.769966,0.415577,True,0.0783
68,engine-sapientia-010,SAPIENTIA,10,0.614453,True,105,215.5,0.760567,0.467333,True,0.003581
68,engine-memoria-011,MEMORIA,11,0.712641,True,319,313.58,0.75691,0.539405,True,0.094607
68,engine-imaginatio-012,IMAGINATIO,12,0.463464,True,290,541.31,0.970056,0.449586,True,0.15457
68,engine-veritas-013,VERITAS,13,0.495155,True,924,401.9,0.934137,0.462543,True,0.122879
68,engine-libertas-014,LIBERTAS,14,0.792786,True,851,33.12,0.93812,0.743728,True,0.174752
68,engine-dignitas-015,DIGNITAS,15,0.563509,True,652,452.58,0.773716,0.435996,True,0.054525
68,engine-concordia-016,CONCORDIA,16,0.697894,True,716,101.19,0.744831,0.519813,True,0.07986
68,engine-aeternitas-017,AETERNITAS,17,0.59106,True,430,310.69,0.792856,0.468626,True,0.026974
68,engine-providentia-018,PROVIDENTIA,18,0.467807,True,187,182.1,0.845816,0.395679,True,0.150227
68,engine-scientia-019,SCIENTIA,19,0.699011,True,698,323.31,0.933479,0.652512,True,0.080977
68,engine-mathematica-020,MATHEMATICA,20,0.713433,True,247,478.62,0.777817,0.55492,True,0.095399
68,engine-cryptographia-021,CRYPTOGRAPHIA,21,0.593518,True,549,429.67,0.946064,0.561506,True,0.024516
68,engine-logica-022,LOGICA,22,0.733521,True,436,392.66,0.946963,0.694618,True,0.115487
68,engine-natura-023,NATURA,23,0.733196,True,402,122.1,0.79126,0.580149,True,0.115162
69,engine-cognitio-000,COGNITIO,0,0.469407,True,2,453.69,0.71061,0.333565,True,0.148627
69,engine-intelligentia-001,INTELLIGENTIA,1,0.667303,True,1,338.44,0.924406,0.616859,True,0.049269
69,engine-quantumia-002,QUANTUMIA,2,0.504397,True,4,313.29,0.954043,0.481217,True,0.113637
69,engine-resonantia-003,RESONANTIA,3,0.69671,True,4,61.34,0.740361,0.515817,True,0.078676
69,engine-harmonia-004,HARMONIA,4,0.588514,True,6,552.28,0.870301,0.512184,True,0.02952
69,engine-velocitas-005,VELOCITAS,5,0.688749,True,10,443.7,0.930021,0.640551,True,0.070715
69,engine-prudentia-006,PRUDENTIA,6,0.810833,True,46,682.77,0.99596,0.807557,True,0.192799
69,engine-fortitudo-007,FORTITUDO,7,0.764142,True,54,522.26,0.825723,0.63097,True,0.146108
69,engine-temperantia-008,TEMPERANTIA,8,0.548517,True,5,393.51,0.975928,0.535313,True,0.069517
69,engine-iustitia-009,IUSTITIA,9,0.845761,True,225,148.55,0.745403,0.630433,True,0.227727
69,engine-sapientia-010,SAPIENTIA,10,0.590327,True,55,104.59,0.861436,0.508529,True,0.027707
69,engine-memoria-011,MEMORIA,11,0.517941,True,362,507.43,0.947972,0.490994,True,0.100093
69,engine-imaginatio-012,IMAGINATIO,12,0.622551,True,361,308.79,0.706126,0.439599,True,0.004517
69,engine-veritas-013,VERITAS,13,0.594707,True,180,269.44,0.761325,0.452765,True,0.023327
69,engine-libertas-014,LIBERTAS,14,0.803248,True,437,659.43,0.956906,0.768633,True,0.185214
69,engine-dignitas-015,DIGNITAS,15,0.501136,True,78,636.98,0.923151,0.462624,True,0.116898
69,engine-concordia-016,CONCORDIA,16,0.779928,True,735,143.98,0.728301,0.568022,True,0.161894
69,engine-aeternitas-017,AETERNITAS,17,0.538394,True,517,613.27,0.987624,0.531731,True,0.07964
69,engine-providentia-018,PROVIDENTIA,18,0.527854,True,285,356.51,0.750847,0.396337,True,0.09018
69,engine-scientia-019,SCIENTIA,19,0.683488,True,866,210.72,0.744298,0.508719,True,0.065454
69,engine-mathematica-020,MATHEMATICA,20,0.775755,True,35,606.72,0.889674,0.690169,True,0.157721
69,engine-cryptographia-021,CRYPTOGRAPHIA,21,0.587523,True,853,251.49,0.923314,0.542468,True,0.030511
69,engine-logica-022,LOGICA,22,0.587435,True,565,628.79,0.925005,0.543381,True,0.030599
69,engine-natura-023,NATURA,23,0.451611,True,624,16.49,0.884093,0.399266,True,0.166423
70,engine-cognitio-000,COGNITIO,0,0.652457,True,3,599.02,0.859654,0.560887,True,0.034423
70,engine-intelligentia-001,INTELLIGENTIA,1,0.581432,True,5,626.44,0.847173,0.492573,True,0.036602
70,engine-quantumia-002,QUANTUMIA,2,0.644099,True,1,623.69,0.742233,0.478071,True,0.026065
70,engine-resonantia-003,RESONANTIA,3,0.723443,True,13,407.46,0.960992,0.695223,True,0.105409
70,engine-harmonia-004,HARMONIA,4,0.668735,True,20,26.47,0.744372,0.497787,True,0.050701
70,engine-velocitas-005,VELOCITAS,5,0.56197,True,20,379.44,0.988112,0.555289,True,0.056064
70,engine-prudentia-006,PRUDENTIA,6,0.765233,True,5,177.09,0.706496,0.540634,True,0.147199
70,engine-fortitudo-007,FORTITUDO,7,0.602847,True,79,11.18,0.767366,0.462604,True,0.015187
70,engine-temperantia-008,TEMPERANTIA,8,0.501219,True,132,566.03,0.723579,0.362671,True,0.116815
70,engine-iustitia-009,IUSTITIA,9,0.535472,True,8,433.53,0.886404,0.474645,True,0.082562
70,engine-sapientia-010,SAPIENTIA,10,0.430609,True,254,268.66,0.857308,0.369165,True,0.187425
70,engine-memoria-011,MEMORIA,11,0.715212,True,470,219.63,0.992107,0.709566,True,0.097178
70,engine-imaginatio-012,IMAGINATIO,12,0.660717,True,220,479.4,0.949354,0.627254,True,0.042683
70,engine-veritas-013,VERITAS,13,0.52723,True,146,316.77,0.945835,0.498672,True,0.090804
70,engine-libertas-014,LIBERTAS,14,0.509744,True,653,174.53,0.834044,0.425149,True,0.10829
70,engine-dignitas-015,DIGNITAS,15,0.651897,True,471,509.71,0.804482,0.52444,True,0.033863
70,engine-concordia-016,CONCORDIA,16,0.721119,True,931,321.71,0.97155,0.700604,True,0.103085
70,engine-aeternitas-017,AETERNITAS,17,0.574303,True,656,529.14,0.914121,0.524982,True,0.043731
70,engine-providentia-018,PROVIDENTIA,18,0.681281,True,334,20.05,0.97179,0.662062,True,0.063247
70,engine-scientia-019,SCIENTIA,19,0.522926,True,1,501.07,0.770622,0.402979,True,0.095108
70,engine-mathematica-020,MATHEMATICA,20,0.672739,True,856,463.16,0.966943,0.6505,True,0.054705
70,engine-cryptographia-021,CRYPTOGRAPHIA,21,0.677604,True,163,656.79,0.70681,0.478937,True,0.05957
70,engine-logica-022,LOGICA,22,0.568746,True,368,172.94,0.814626,0.463315,True,0.049288
70,engine-natura-023,NATURA,23,0.560908,True,69,426.44,0.935253,0.524591,True,0.057126
71,engine-cognitio-000,COGNITIO,0,0.571502,True,1,588.15,0.914463,0.522618,True,0.046532
71,engine-intelligentia-001,INTELLIGENTIA,1,0.43623,True,5,653.39,0.987699,0.430864,True,0.181804
71,engine-quantumia-002,QUANTUMIA,2,0.471734,True,3,496.87,0.710086,0.334972,True,0.1463
71,engine-resonantia-003,RESONANTIA,3,0.681003,True,1,229.22,0.710666,0.483965,True,0.062969
71,engine-harmonia-004,HARMONIA,4,0.423846,True,17,461.27,0.857019,0.363244,True,0.194188
71,engine-velocitas-005,VELOCITAS,5,0.500853,True,27,509.3,0.865316,0.433396,True,0.117181
71,engine-prudentia-006,PRUDENTIA,6,0.601144,True,45,584.27,0.980168,0.589222,True,0.01689
71,engine-fortitudo-007,FORTITUDO,7,0.537254,True,8,611.13,0.730319,0.392367,True,0.08078
71,engine-temperantia-008,TEMPERANTIA,8,0.738308,True,10,68.53,0.788459,0.582126,True,0.120274
71,engine-iustitia-009,IUSTITIA,9,0.612416,True,21,275.16,0.829508,0.508004,True,0.005618
71,engine-sapientia-010,SAPIENTIA,10,0.512961,True,263,560.78,0.795754,0.408191,True,0.105073
71,engine-memoria-011,MEMORIA,11,0.816973,True,23,292.29,0.73572,0.601063,True,0.198939
71,engine-imaginatio-012,IMAGINATIO,12,0.575578,True,308,642.82,0.913153,0.525591,True,0.042456
71,engine-veritas-013,VERITAS,13,0.578804,True,194,384.52,0.730288,0.422694,True,0.03923
71,engine-libertas-014,LIBERTAS,14,0.580172,True,789,169.43,0.813002,0.471681,True,0.037862
71,engine-dignitas-015,DIGNITAS,15,0.674841,True,236,384.99,0.947968,0.639727,True,0.056807
71,engine-concordia-016,CONCORDIA,16,0.734964,True,619,47.27,0.837174,0.615293,True,0.11693
71,engine-aeternitas-017,AETERNITAS,17,0.740699,True,271,152.72,0.885249,0.655703,True,0.122665
71,engine-providentia-018,PROVIDENTIA,18,0.671206,True,739,481.01,0.879659,0.590433,True,0.053172
71,engine-scientia-019,SCIENTIA,19,0.728118,True,907,469.25,0.971915,0.707669,True,0.110084
71,engine-mathematica-020,MATHEMATICA,20,0.785393,True,276,482.21,0.740705,0.581745,True,0.167359
71,engine-cryptographia-021,CRYPTOGRAPHIA,21,0.641918,True,153,18.0,0.948756,0.609024,True,0.023884
71,engine-logica-022,LOGICA,22,0.609975,True,473,548.21,0.773689,0.471931,True,0.008059
71,engine-natura-023,NATURA,23,0.434887,True,62,600.83,0.984154,0.427995,True,0.183147
72,engine-cognitio-000,COGNITIO,0,0.708671,True,3,236.78,0.773055,0.547842,True,0.090637
72,engine-intelligentia-001,INTELLIGENTIA,1,0.711348,True,1,364.8,0.947583,0.674061,True,0.093314
72,engine-quantumia-002,QUANTUMIA,2,0.64319,True,2,400.67,0.790779,0.508621,True,0.025156
72,engine-resonantia-003,RESONANTIA,3,0.757592,True,4,518.89,0.940022,0.712153,True,0.139558
72,engine-harmonia-004,HARMONIA,4,0.557958,True,3,587.01,0.900423,0.502398,True,0.060076
72,engine-velocitas-005,VELOCITAS,5,0.694598,True,4,245.06,0.985319,0.684401,True,0.076564
72,engine-prudentia-006,PRUDENTIA,6,0.622211,True,44,66.25,0.956256,0.594993,True,0.004177
72,engine-fortitudo-007,FORTITUDO,7,0.558219,True,53,420.88,0.82201,0.458862,True,0.059815
72,engine-temperantia-008,TEMPERANTIA,8,0.776435,True,36,116.04,0.908121,0.705097,True,0.158401
72,engine-iustitia-009,IUSTITIA,9,0.849635,True,99,284.01,0.887493,0.754045,True,0.231601
72,engine-sapientia-010,SAPIENTIA,10,0.627346,True,321,424.75,0.997947,0.626058,True,0.009312
72,engine-memoria-011,MEMORIA,11,0.558871,True,225,288.34,0.731007,0.408539,True,0.059163
72,engine-imaginatio-012,IMAGINATIO,12,0.49967,True,328,330.07,0.756992,0.378246,True,0.118364
72,engine-veritas-013,VERITAS,13,0.678925,True,241,453.75,0.983032,0.667405,True,0.060891
72,engine-libertas-014,LIBERTAS,14,0.521634,True,117,156.59,0.944684,0.492779,True,0.0964
72,engine-dignitas-015,DIGNITAS,15,0.535909,True,517,188.93,0.840345,0.450349,True,0.082125
72,engine-concordia-016,CONCORDIA,16,0.492828,True,239,314.3,0.911777,0.449349,True,0.125206
72,engine-aeternitas-017,AETERNITAS,17,0.782371,True,240,485.83,0.964837,0.75486,True,0.164337
72,engine-providentia-018,PROVIDENTIA,18,0.633231,True,788,101.59,0.796424,0.50432,True,0.015197
72,engine-scientia-019,SCIENTIA,19,0.894818,True,855,244.51,0.769855,0.68888,True,0.276784
72,engine-mathematica-020,MATHEMATICA,20,0.725689,True,832,552.8,0.734509,0.533025,True,0.107655
72,engine-cryptographia-021,CRYPTOGRAPHIA,21,0.572175,True,566,592.76,0.718076,0.410865,True,0.045859
72,engine-logica-022,LOGICA,22,0.60914,True,574,38.25,0.829565,0.505321,True,0.008894
72,engine-natura-023,NATURA,23,0.475723,True,685,661.96,0.806963,0.383891,True,0.142311
73,engine-cognitio-000,COGNITIO,0,0.695214,True,3,152.66,0.785114,0.545822,True,0.07718
73,engine-intelligentia-001,INTELLIGENTIA,1,0.641977,True,2,46.39,0.962426,0.617855,True,0.023943
73,engine-quantumia-002,QUANTUMIA,2,0.713527,True,2,173.42,0.871465,0.621814,True,0.095493
73,engine-resonantia-003,RESONANTIA,3,0.579497,True,6,660.53,0.969685,0.56193,True,0.038537
73,engine-harmonia-004,HARMONIA,4,0.522824,True,7,53.14,0.765217,0.400074,True,0.09521
73,engine-velocitas-005,VELOCITAS,5,0.657185,True,20,166.81,0.816754,0.536758,True,0.039151
73,engine-prudentia-006,PRUDENTIA,6,0.540958,True,43,387.04,0.942353,0.509773,True,0.077076
73,engine-fortitudo-007,FORTITUDO,7,0.746718,True,61,633.41,0.86682,0.64727,True,0.128684
73,engine-temperantia-008,TEMPERANTIA,8,0.627836,True,44,354.09,0.809322,0.508122,True,0.009802
73,engine-iustitia-009,IUSTITIA,9,0.901968,True,167,305.97,0.759403,0.684957,True,0.283934
73,engine-sapientia-010,SAPIENTIA,10,0.658593,True,69,178.1,0.929441,0.612124,True,0.040559
73,engine-memoria-011,MEMORIA,11,0.473861,True,443,579.37,0.854491,0.40491,True,0.144173
73,engine-imaginatio-012,IMAGINATIO,12,0.651523,True,158,667.9,0.884516,0.576283,True,0.033489
73,engine-veritas-013,VERITAS,13,0.647583,True,687,320.65,0.908459,0.588303,True,0.029549
73,engine-libertas-014,LIBERTAS,14,0.642788,True,963,172.24,0.711103,0.457089,True,0.024754
73,engine-dignitas-015,DIGNITAS,15,0.701287,True,429,664.62,0.793717,0.556623,True,0.083253
73,engine-concordia-016,CONCORDIA,16,0.62381,True,937,586.78,0.90259,0.563045,True,0.005776
73,engine-aeternitas-017,AETERNITAS,17,0.56097,True,879,31.44,0.90501,0.507684,True,0.057064
73,engine-providentia-018,PROVIDENTIA,18,0.515277,True,822,537.3,0.904762,0.466203,True,0.102757
73,engine-scientia-019,SCIENTIA,19,0.459805,True,439,295.66,0.721271,0.331644,True,0.158229
73,engine-mathematica-020,MATHEMATICA,20,0.739385,True,920,516.07,0.709558,0.524637,True,0.121351
73,engine-cryptographia-021,CRYPTOGRAPHIA,21,0.602076,True,224,139.48,0.87549,0.527111,True,0.015958
73,engine-logica-022,LOGICA,22,0.585005,True,949,640.45,0.769533,0.450181,True,0.033029
73,engine-natura-023,NATURA,23,0.51111,True,234,58.22,0.937899,0.47937,True,0.106924
74,engine-cognitio-000,COGNITIO,0,0.417764,True,1,191.35,0.764302,0.319298,True,0.20027
74,engine-intelligentia-001,INTELLIGENTIA,1,0.6274,True,4,503.97,0.913867,0.57336,True,0.009366
74,engine-quantumia-002,QUANTUMIA,2,0.600654,True,3,420.91,0.795516,0.47783,True,0.01738
74,engine-resonantia-003,RESONANTIA,3,0.449247,True,4,153.53,0.736622,0.330925,True,0.168787
74,engine-harmonia-004,HARMONIA,4,0.532555,True,19,615.84,0.739892,0.394033,True,0.085479
74,engine-velocitas-005,VELOCITAS,5,0.667003,True,33,108.22,0.935677,0.6241,True,0.048969
74,engine-prudentia-006,PRUDENTIA,6,0.540063,True,5,630.98,0.710656,0.383799,True,0.077971
74,engine-fortitudo-007,FORTITUDO,7,0.691784,True,74,252.03,0.702713,0.486126,True,0.07375
74,engine-temperantia-008,TEMPERANTIA,8,0.525934,True,94,562.28,0.917843,0.482725,True,0.0921
74,engine-iustitia-009,IUSTITIA,9,0.659148,True,46,490.77,0.956433,0.630431,True,0.041114
74,engine-sapientia-010,SAPIENTIA,10,0.584811,True,67,185.89,0.965724,0.564766,True,0.033223
74,engine-memoria-011,MEMORIA,11,0.584372,True,386,285.77,0.864521,0.505202,True,0.033662
74,engine-imaginatio-012,IMAGINATIO,12,0.607807,True,253,494.23,0.96608,0.58719,True,0.010227
74,engine-veritas-013,VERITAS,13,0.679291,True,62,107.14,0.767843,0.521589,True,0.061257
74,engine-libertas-014,LIBERTAS,14,0.703515,True,605,139.4,0.900109,0.63324,True,0.085481
74,engine-dignitas-015,DIGNITAS,15,0.578618,True,878,324.57,0.765305,0.442819,True,0.039416
74,engine-concordia-016,CONCORDIA,16,0.62468,True,763,36.23,0.814041,0.508515,True,0.006646
74,engine-aeternitas-017,AETERNITAS,17,0.678549,True,798,560.94,0.933273,0.633271,True,0.060515
74,engine-providentia-018,PROVIDENTIA,18,0.541128,True,694,320.65,0.984665,0.532829,True,0.076906
74,engine-scientia-019,SCIENTIA,19,0.70377,True,305,168.18,0.748514,0.526782,True,0.085736
74,engine-mathematica-020,MATHEMATICA,20,0.490985,True,233,69.2,0.720164,0.35359,True,0.127049
74,engine-cryptographia-021,CRYPTOGRAPHIA,21,0.630872,True,869,370.8,0.991694,0.625632,True,0.012838
74,engine-logica-022,LOGICA,22,0.509161,True,152,642.6,0.987047,0.502566,True,0.108873
74,engine-natura-023,NATURA,23,0.853035,True,626,540.72,0.958446,0.817588,True,0.235001
75,engine-cognitio-000,COGNITIO,0,0.620004,True,3,698.04,0.756023,0.468737,True,0.00197
75,engine-intelligentia-001,INTELLIGENTIA,1,0.660568,True,3,286.28,0.731936,0.483493,True,0.042534
75,engine-quantumia-002,QUANTUMIA,2,0.635164,True,8,536.25,0.963406,0.611921,True,0.01713
75,engine-resonantia-003,RESONANTIA,3,0.486599,True,2,45.03,0.798126,0.388367,True,0.131435
75,engine-harmonia-004,HARMONIA,4,0.537513,True,10,93.66,0.943929,0.507374,True,0.080521
75,engine-velocitas-005,VELOCITAS,5,0.617455,True,33,432.28,0.900213,0.555841,True,0.000579
75,engine-prudentia-006,PRUDENTIA,6,0.678303,True,12,489.8,0.86971,0.589927,True,0.060269
75,engine-fortitudo-007,FORTITUDO,7,0.732771,True,17,198.35,0.820337,0.601119,True,0.114737
75,engine-temperantia-008,TEMPERANTIA,8,0.589648,True,2,433.16,0.928954,0.547756,True,0.028386
75,engine-iustitia-009,IUSTITIA,9,0.571729,True,166,286.97,0.904666,0.517224,True,0.046305
75,engine-sapientia-010,SAPIENTIA,10,0.665683,True,374,457.92,0.967882,0.644302,True,0.047649
75,engine-memoria-011,MEMORIA,11,0.564326,True,386,148.83,0.882461,0.497996,True,0.053708
75,engine-imaginatio-012,IMAGINATIO,12,0.52157,True,644,356.38,0.864818,0.451063,True,0.096464
75,engine-veritas-013,VERITAS,13,0.71455,True,260,184.47,0.71965,0.514226,True,0.096516
75,engine-libertas-014,LIBERTAS,14,0.58432,True,67,243.24,0.874702,0.511106,True,0.033714
75,engine-dignitas-015,DIGNITAS,15,0.479924,True,80,378.77,0.962722,0.462033,True,0.13811
75,engine-concordia-016,CONCORDIA,16,0.42487,True,977,468.63,0.983825,0.417997,True,0.193164
75,engine-aeternitas-017,AETERNITAS,17,0.679051,True,500,120.54,0.92763,0.629908,True,0.061017
75,engine-providentia-018,PROVIDENTIA,18,0.7707,True,389,39.71,0.736878,0.567912,True,0.152666
75,engine-scientia-019,SCIENTIA,19,0.438276,True,815,607.04,0.758103,0.332258,True,0.179758
75,engine-mathematica-020,MATHEMATICA,20,0.640812,True,858,457.33,0.92804,0.594699,True,0.022778
75,engine-cryptographia-021,CRYPTOGRAPHIA,21,0.751714,True,880,39.74,0.976371,0.733951,True,0.13368
75,engine-logica-022,LOGICA,22,0.684507,True,847,275.21,0.741043,0.507249,True,0.066473
75,engine-natura-023,NATURA,23,0.648104,True,398,52.68,0.803824,0.520962,True,0.03007
76,engine-cognitio-000,COGNITIO,0,0.504369,True,3,209.17,0.78072,0.393771,True,0.113665
76,engine-intelligentia-001,INTELLIGENTIA,1,0.680517,True,2,418.02,0.920054,0.626112,True,0.062483
76,engine-quantumia-002,QUANTUMIA,2,0.694533,True,7,249.78,0.97375,0.676301,True,0.076499
76,engine-resonantia-003,RESONANTIA,3,0.553833,True,13,140.68,0.735363,0.407269,True,0.064201
76,engine-harmonia-004,HARMONIA,4,0.68804,True,2,10.93,0.986012,0.678416,True,0.070006
76,engine-velocitas-005,VELOCITAS,5,0.560636,True,30,599.12,0.745911,0.418185,True,0.057398
76,engine-prudentia-006,PRUDENTIA,6,0.496642,True,5,526.7,0.831422,0.412919,True,0.121392
76,engine-fortitudo-007,FORTITUDO,7,0.670404,True,65,191.99,0.831268,0.557285,True,0.05237
76,engine-temperantia-008,TEMPERANTIA,8,0.571482,True,111,365.63,0.720172,0.411565,True,0.046552
76,engine-iustitia-009,IUSTITIA,9,0.629064,True,88,615.29,0.962159,0.60526,True,0.01103
76,engine-sapientia-010,SAPIENTIA,10,0.626053,True,219,189.95,0.701191,0.438983,True,0.008019
76,engine-memoria-011,MEMORIA,11,0.347548,True,442,303.75,0.7281,0.253049,True,0.270486
76,engine-imaginatio-012,IMAGINATIO,12,0.57304,True,528,159.99,0.722048,0.413763,True,0.044994
76,engine-veritas-013,VERITAS,13,0.577835,True,479,262.96,0.761373,0.439948,True,0.040199
76,engine-libertas-014,LIBERTAS,14,0.567238,True,383,160.09,0.787305,0.44659,True,0.050796
76,engine-dignitas-015,DIGNITAS,15,0.661726,True,63,217.21,0.761772,0.504085,True,0.043692
76,engine-concordia-016,CONCORDIA,16,0.569383,True,220,322.13,0.706217,0.402108,True,0.048651
76,engine-aeternitas-017,AETERNITAS,17,0.650175,True,38,336.24,0.965197,0.627547,True,0.032141
76,engine-providentia-018,PROVIDENTIA,18,0.501964,True,950,274.44,0.730749,0.36681,True,0.11607
76,engine-scientia-019,SCIENTIA,19,0.679241,True,885,482.32,0.825239,0.560536,True,0.061207
76,engine-mathematica-020,MATHEMATICA,20,0.387269,True,300,332.02,0.807269,0.31263,True,0.230765
76,engine-cryptographia-021,CRYPTOGRAPHIA,21,0.682595,True,987,538.51,0.726937,0.496203,True,0.064561
76,engine-logica-022,LOGICA,22,0.564627,True,187,101.21,0.989561,0.558733,True,0.053407
76,engine-natura-023,NATURA,23,0.666178,True,713,70.47,0.953256,0.635038,True,0.048144
77,engine-cognitio-000,COGNITIO,0,0.584093,True,1,387.13,0.722256,0.421865,True,0.033941
77,engine-intelligentia-001,INTELLIGENTIA,1,0.482031,True,2,357.27,0.991932,0.478142,True,0.136003
77,engine-quantumia-002,QUANTUMIA,2,0.587615,True,5,690.55,0.859175,0.504864,True,0.030419
77,engine-resonantia-003,RESONANTIA,3,0.791383,True,11,198.02,0.779772,0.617098,True,0.173349
77,engine-harmonia-004,HARMONIA,4,0.673623,True,4,684.5,0.91807,0.618433,True,0.055589
77,engine-velocitas-005,VELOCITAS,5,0.701007,True,28,677.75,0.981522,0.688054,True,0.082973
77,engine-prudentia-006,PRUDENTIA,6,0.626449,True,20,326.92,0.958692,0.600571,True,0.008415
77,engine-fortitudo-007,FORTITUDO,7,0.785398,True,46,283.45,0.803857,0.631348,True,0.167364
77,engine-temperantia-008,TEMPERANTIA,8,0.64068,True,2,409.92,0.894208,0.572901,True,0.022646
77,engine-iustitia-009,IUSTITIA,9,0.553183,True,35,631.19,0.755096,0.417707,True,0.064851
77,engine-sapientia-010,SAPIENTIA,10,0.531781,True,160,606.57,0.767013,0.407883,True,0.086253
77,engine-memoria-011,MEMORIA,11,0.706267,True,445,427.07,0.925311,0.653517,True,0.088233
77,engine-imaginatio-012,IMAGINATIO,12,0.491025,True,847,15.1,0.842876,0.413873,True,0.127009
77,engine-veritas-013,VERITAS,13,0.517455,True,621,500.66,0.946267,0.489651,True,0.100579
77,engine-libertas-014,LIBERTAS,14,0.767176,True,844,376.87,0.922051,0.707375,True,0.149142
77,engine-dignitas-015,DIGNITAS,15,0.472706,True,369,651.65,0.732678,0.346341,True,0.145328
77,engine-concordia-016,CONCORDIA,16,0.651292,True,118,195.03,0.76904,0.50087,True,0.033258
77,engine-aeternitas-017,AETERNITAS,17,0.661608,True,543,318.85,0.934089,0.618,True,0.043574
77,engine-providentia-018,PROVIDENTIA,18,0.650095,True,727,11.87,0.867129,0.563717,True,0.032061
77,engine-scientia-019,SCIENTIA,19,0.607074,True,19,526.63,0.818378,0.496816,True,0.01096
77,engine-mathematica-020,MATHEMATICA,20,0.462324,True,79,381.19,0.971182,0.449,True,0.15571
77,engine-cryptographia-021,CRYPTOGRAPHIA,21,0.732808,True,451,12.61,0.945185,0.69264,True,0.114775
77,engine-logica-022,LOGICA,22,0.546334,True,54,32.63,0.815329,0.445442,True,0.0717
77,engine-natura-023,NATURA,23,0.557747,True,99,254.2,0.858062,0.478582,True,0.060287
78,engine-cognitio-000,COGNITIO,0,0.562999,True,3,117.25,0.715979,0.403095,True,0.055035
78,engine-intelligentia-001,INTELLIGENTIA,1,0.54691,True,4,343.0,0.991152,0.54207,True,0.071124
78,engine-quantumia-002,QUANTUMIA,2,0.785481,True,8,599.49,0.85995,0.675475,True,0.167447
78,engine-resonantia-003,RESONANTIA,3,0.566693,True,1,31.03,0.708769,0.401655,True,0.051341
78,engine-harmonia-004,HARMONIA,4,0.485162,True,21,620.81,0.968132,0.469701,True,0.132872
78,engine-velocitas-005,VELOCITAS,5,0.560062,True,24,536.1,0.737677,0.413145,True,0.057972
78,engine-prudentia-006,PRUDENTIA,6,0.563243,True,5,29.78,0.807309,0.454711,True,0.054791
78,engine-fortitudo-007,FORTITUDO,7,0.607074,True,54,422.95,0.709025,0.430431,True,0.01096
78,engine-temperantia-008,TEMPERANTIA,8,0.542547,True,10,686.13,0.751811,0.407893,True,0.075487
78,engine-iustitia-009,IUSTITIA,9,0.600736,True,155,332.93,0.706516,0.42443,True,0.017298
78,engine-sapientia-010,SAPIENTIA,10,0.677657,True,190,509.94,0.955537,0.647526,True,0.059623
78,engine-memoria-011,MEMORIA,11,0.680129,True,316,209.97,0.947839,0.644652,True,0.062095
78,engine-imaginatio-012,IMAGINATIO,12,0.712239,True,503,463.11,0.718448,0.511707,True,0.094205
78,engine-veritas-013,VERITAS,13,0.757964,True,548,457.82,0.85281,0.646399,True,0.13993
78,engine-libertas-014,LIBERTAS,14,0.632797,True,410,438.59,0.771908,0.488461,True,0.014763
78,engine-dignitas-015,DIGNITAS,15,0.677114,True,245,218.84,0.946895,0.641156,True,0.05908
78,engine-concordia-016,CONCORDIA,16,0.684715,True,883,281.47,0.944311,0.646584,True,0.066681
78,engine-aeternitas-017,AETERNITAS,17,0.542319,True,166,386.84,0.700857,0.380088,True,0.075715
78,engine-providentia-018,PROVIDENTIA,18,0.692278,True,425,322.42,0.928217,0.642584,True,0.074244
78,engine-scientia-019,SCIENTIA,19,0.555321,True,418,616.82,0.938773,0.52132,True,0.062713
78,engine-mathematica-020,MATHEMATICA,20,0.407624,True,586,372.26,0.872128,0.3555,True,0.21041
78,engine-cryptographia-021,CRYPTOGRAPHIA,21,0.680384,True,540,553.57,0.983532,0.669179,True,0.06235
78,engine-logica-022,LOGICA,22,0.675742,True,513,387.27,0.978195,0.661007,True,0.057708
78,engine-natura-023,NATURA,23,0.588537,True,78,151.6,0.891083,0.524435,True,0.029497
79,engine-cognitio-000,COGNITIO,0,0.603934,True,1,161.13,0.75389,0.4553,True,0.0141
79,engine-intelligentia-001,INTELLIGENTIA,1,0.611968,True,2,24.11,0.90682,0.554945,True,0.006066
79,engine-quantumia-002,QUANTUMIA,2,0.63841,True,6,435.72,0.887859,0.566818,True,0.020376
79,engine-resonantia-003,RESONANTIA,3,0.639923,True,12,613.42,0.899054,0.575326,True,0.021889
79,engine-harmonia-004,HARMONIA,4,0.62473,True,20,601.61,0.716205,0.447434,True,0.006696
79,engine-velocitas-005,VELOCITAS,5,0.611351,True,19,619.34,0.770667,0.471148,True,0.006683
79,engine-prudentia-006,PRUDENTIA,6,0.664874,True,53,344.8,0.98151,0.65258,True,0.04684
79,engine-fortitudo-007,FORTITUDO,7,0.776162,True,45,584.87,0.913044,0.70867,True,0.158128
79,engine-temperantia-008,TEMPERANTIA,8,0.565263,True,136,468.32,0.754873,0.426702,True,0.052771
79,engine-iustitia-009,IUSTITIA,9,0.624972,True,89,620.58,0.937974,0.586208,True,0.006938
79,engine-sapientia-010,SAPIENTIA,10,0.401253,True,113,206.51,0.819876,0.328978,True,0.216781
79,engine-memoria-011,MEMORIA,11,0.599136,True,232,636.25,0.713283,0.427354,True,0.018898
79,engine-imaginatio-012,IMAGINATIO,12,0.63445,True,871,644.4,0.814946,0.517042,True,0.016416
79,engine-veritas-013,VERITAS,13,0.791902,True,902,535.27,0.857517,0.679069,True,0.173868
79,engine-libertas-014,LIBERTAS,14,0.494365,True,951,577.47,0.882743,0.436397,True,0.123669
79,engine-dignitas-015,DIGNITAS,15,0.74766,True,411,489.1,0.94697,0.708012,True,0.129626
79,engine-concordia-016,CONCORDIA,16,0.583814,True,588,539.9,0.822245,0.480038,True,0.03422
79,engine-aeternitas-017,AETERNITAS,17,0.58733,True,640,225.79,0.823381,0.483597,True,0.030704
79,engine-providentia-018,PROVIDENTIA,18,0.621629,True,139,453.33,0.768522,0.477736,True,0.003595
79,engine-scientia-019,SCIENTIA,19,0.450354,True,273,507.61,0.94695,0.426462,True,0.16768
79,engine-mathematica-020,MATHEMATICA,20,0.737823,True,102,150.42,0.722611,0.533159,True,0.119789
79,engine-cryptographia-021,CRYPTOGRAPHIA,21,0.562321,True,859,678.91,0.961868,0.540879,True,0.055713
79,engine-logica-022,LOGICA,22,0.571871,True,911,403.64,0.979645,0.560231,True,0.046163
79,engine-natura-023,NATURA,23,0.784802,True,833,272.41,0.851146,0.667981,True,0.166768
80,engine-cognitio-000,COGNITIO,0,0.663591,True,1,480.3,0.89807,0.595951,True,0.045557
80,engine-intelligentia-001,INTELLIGENTIA,1,0.869362,True,4,86.33,0.712853,0.619727,True,0.251328
80,engine-quantumia-002,QUANTUMIA,2,0.490212,True,1,582.75,0.928569,0.455196,True,0.127822
80,engine-resonantia-003,RESONANTIA,3,0.617369,True,4,256.76,0.828124,0.511258,True,0.000665
80,engine-harmonia-004,HARMONIA,4,0.500754,True,19,33.13,0.865747,0.433526,True,0.11728
80,engine-velocitas-005,VELOCITAS,5,0.526671,True,16,575.72,0.974086,0.513023,True,0.091363
80,engine-prudentia-006,PRUDENTIA,6,0.580398,True,50,469.75,0.81022,0.47025,True,0.037636
80,engine-fortitudo-007,FORTITUDO,7,0.629125,True,22,504.04,0.779708,0.490534,True,0.011091
80,engine-temperantia-008,TEMPERANTIA,8,0.714126,True,38,591.0,0.939325,0.670797,True,0.096092
80,engine-iustitia-009,IUSTITIA,9,0.663946,True,121,531.98,0.819484,0.544093,True,0.045912
80,engine-sapientia-010,SAPIENTIA,10,0.614461,True,130,150.61,0.929712,0.571272,True,0.003573
80,engine-memoria-011,MEMORIA,11,0.593206,True,314,270.05,0.707123,0.419469,True,0.024828
80,engine-imaginatio-012,IMAGINATIO,12,0.593552,True,947,95.28,0.817106,0.484995,True,0.024482
80,engine-veritas-013,VERITAS,13,0.493688,True,279,427.0,0.961379,0.474621,True,0.124346
80,engine-libertas-014,LIBERTAS,14,0.905914,True,297,563.05,0.71011,0.643298,True,0.28788
80,engine-dignitas-015,DIGNITAS,15,0.637238,True,568,204.21,0.946641,0.603236,True,0.019204
80,engine-concordia-016,CONCORDIA,16,0.620456,True,449,279.33,0.714888,0.443557,True,0.002422
80,engine-aeternitas-017,AETERNITAS,17,0.673688,True,382,644.85,0.843202,0.568055,True,0.055654
80,engine-providentia-018,PROVIDENTIA,18,0.70812,True,717,387.52,0.839894,0.594746,True,0.090086
80,engine-scientia-019,SCIENTIA,19,0.545925,True,876,560.06,0.871287,0.475657,True,0.072109
80,engine-mathematica-020,MATHEMATICA,20,0.688514,True,94,393.91,0.993186,0.683822,True,0.07048
80,engine-cryptographia-021,CRYPTOGRAPHIA,21,0.830984,True,691,58.28,0.708584,0.588822,True,0.21295
80,engine-logica-022,LOGICA,22,0.418592,True,545,608.2,0.867951,0.363318,True,0.199442
80,engine-natura-023,NATURA,23,0.506779,True,316,22.6,0.761033,0.385675,True,0.111255
81,engine-cognitio-000,COGNITIO,0,0.554086,True,2,644.67,0.808849,0.448172,True,0.063948
81,engine-intelligentia-001,INTELLIGENTIA,1,0.558358,True,3,183.75,0.761702,0.425302,True,0.059676
81,engine-quantumia-002,QUANTUMIA,2,0.791138,True,5,50.87,0.90952,0.719556,True,0.173104
81,engine-resonantia-003,RESONANTIA,3,0.805384,True,6,683.47,0.929303,0.748446,True,0.18735
81,engine-harmonia-004,HARMONIA,4,0.662229,True,3,355.04,0.943958,0.625116,True,0.044195
81,engine-velocitas-005,VELOCITAS,5,0.636327,True,18,403.55,0.824287,0.524516,True,0.018293
81,engine-prudentia-006,PRUDENTIA,6,0.580317,True,4,279.47,0.857639,0.497703,True,0.037717
81,engine-fortitudo-007,FORTITUDO,7,0.614896,True,41,686.96,0.840375,0.516743,True,0.003138
81,engine-temperantia-008,TEMPERANTIA,8,0.686452,True,36,371.52,0.872372,0.598841,True,0.068418
81,engine-iustitia-009,IUSTITIA,9,0.528051,True,39,663.62,0.923391,0.487598,True,0.089983
81,engine-sapientia-010,SAPIENTIA,10,0.561692,True,131,495.35,0.84406,0.474102,True,0.056342
81,engine-memoria-011,MEMORIA,11,0.660311,True,473,368.27,0.952442,0.628908,True,0.042277
81,engine-imaginatio-012,IMAGINATIO,12,0.654448,True,184,650.56,0.776108,0.507922,True,0.036414
81,engine-veritas-013,VERITAS,13,0.77174,True,213,491.93,0.941032,0.726232,True,0.153706
81,engine-libertas-014,LIBERTAS,14,0.576435,True,306,515.82,0.953546,0.549657,True,0.041599
81,engine-dignitas-015,DIGNITAS,15,0.67349,True,808,503.48,0.941317,0.633968,True,0.055456
81,engine-concordia-016,CONCORDIA,16,0.615753,True,593,154.02,0.756527,0.465834,True,0.002281
81,engine-aeternitas-017,AETERNITAS,17,0.81993,True,352,286.31,0.887581,0.727754,True,0.201896
81,engine-providentia-018,PROVIDENTIA,18,0.616961,True,613,554.98,0.727622,0.448915,True,0.001073
81,engine-scientia-019,SCIENTIA,19,0.669856,True,313,511.61,0.951554,0.637404,True,0.051822
81,engine-mathematica-020,MATHEMATICA,20,0.413312,True,153,307.1,0.729902,0.301677,True,0.204722
81,engine-cryptographia-021,CRYPTOGRAPHIA,21,0.54754,True,318,267.97,0.982316,0.537858,True,0.070494
81,engine-logica-022,LOGICA,22,0.545475,True,298,609.31,0.946655,0.516377,True,0.072559
81,engine-natura-023,NATURA,23,0.664741,True,332,280.04,0.747499,0.496893,True,0.046707
82,engine-cognitio-000,COGNITIO,0,0.605572,True,2,651.47,0.87741,0.531335,True,0.012462
82,engine-intelligentia-001,INTELLIGENTIA,1,0.483715,True,1,591.29,0.934061,0.45182,True,0.134318
82,engine-quantumia-002,QUANTUMIA,2,0.559411,True,3,161.2,0.830419,0.464546,True,0.058623
82,engine-resonantia-003,RESONANTIA,3,0.61804,True,11,621.47,0.720619,0.445372,True,6e-06
82,engine-harmonia-004,HARMONIA,4,0.643651,True,14,380.85,0.972957,0.626245,True,0.025617
82,engine-velocitas-005,VELOCITAS,5,0.680059,True,12,645.29,0.851174,0.578848,True,0.062025
82,engine-prudentia-006,PRUDENTIA,6,0.476563,True,43,136.33,0.86462,0.412045,True,0.141471
82,engine-fortitudo-007,FORTITUDO,7,0.500301,True,41,237.1,0.915973,0.458262,True,0.117733
82,engine-temperantia-008,TEMPERANTIA,8,0.455763,True,29,297.02,0.789439,0.359797,True,0.162271
82,engine-iustitia-009,IUSTITIA,9,0.664939,True,46,481.42,0.951373,0.632605,True,0.046905
82,engine-sapientia-010,SAPIENTIA,10,0.686651,True,143,113.73,0.896239,0.615404,True,0.068617
82,engine-memoria-011,MEMORIA,11,0.43569,True,380,649.23,0.768664,0.334899,True,0.182344
82,engine-imaginatio-012,IMAGINATIO,12,0.709117,True,132,416.26,0.893641,0.633696,True,0.091083
82,engine-veritas-013,VERITAS,13,0.551945,True,303,322.07,0.889731,0.491083,True,0.066089
82,engine-libertas-014,LIBERTAS,14,0.529162,True,157,378.86,0.980235,0.518703,True,0.088872
82,engine-dignitas-015,DIGNITAS,15,0.517183,True,445,453.67,0.897032,0.46393,True,0.100851
82,engine-concordia-016,CONCORDIA,16,0.593896,True,713,96.85,0.979869,0.58194,True,0.024138
82,engine-aeternitas-017,AETERNITAS,17,0.413566,True,883,169.75,0.73247,0.302925,True,0.204468
82,engine-providentia-018,PROVIDENTIA,18,0.458529,True,936,542.05,0.926549,0.424849,True,0.159505
82,engine-scientia-019,SCIENTIA,19,0.721878,True,122,341.2,0.803351,0.579922,True,0.103844
82,engine-mathematica-020,MATHEMATICA,20,0.526518,True,941,155.1,0.733594,0.386251,True,0.091516
82,engine-cryptographia-021,CRYPTOGRAPHIA,21,0.623748,True,320,549.29,0.8701,0.542723,True,0.005714
82,engine-logica-022,LOGICA,22,0.541669,True,117,285.36,0.992606,0.537664,True,0.076365
82,engine-natura-023,NATURA,23,0.656274,True,245,564.15,0.885076,0.580852,True,0.03824
83,engine-cognitio-000,COGNITIO,0,0.518114,True,2,147.16,0.807961,0.418616,True,0.09992
83,engine-intelligentia-001,INTELLIGENTIA,1,0.551085,True,5,126.49,0.812892,0.447972,True,0.066949
83,engine-quantumia-002,QUANTUMIA,2,0.386247,True,7,190.92,0.810237,0.312951,True,0.231787
83,engine-resonantia-003,RESONANTIA,3,0.648078,True,2,542.98,0.868088,0.562588,True,0.030044
83,engine-harmonia-004,HARMONIA,4,0.539086,True,5,583.45,0.807729,0.435436,True,0.078948
83,engine-velocitas-005,VELOCITAS,5,0.690032,True,24,534.41,0.975789,0.673326,True,0.071998
83,engine-prudentia-006,PRUDENTIA,6,0.562883,True,12,626.66,0.850045,0.478476,True,0.055151
83,engine-fortitudo-007,FORTITUDO,7,0.648593,True,5,563.58,0.818776,0.531053,True,0.030559
83,engine-temperantia-008,TEMPERANTIA,8,0.629145,True,69,145.12,0.977656,0.615087,True,0.011111
83,engine-iustitia-009,IUSTITIA,9,0.768856,True,13,112.84,0.800297,0.615313,True,0.150822
83,engine-sapientia-010,SAPIENTIA,10,0.67703,True,140,500.34,0.850495,0.57581,True,0.058996
83,engine-memoria-011,MEMORIA,11,0.5404,True,435,467.99,0.705477,0.38124,True,0.077634
83,engine-imaginatio-012,IMAGINATIO,12,0.322641,True,606,369.74,0.962067,0.310402,True,0.295393
83,engine-veritas-013,VERITAS,13,0.550628,True,522,73.71,0.975954,0.537388,True,0.067406
83,engine-libertas-014,LIBERTAS,14,0.495739,True,685,27.28,0.927476,0.459786,True,0.122295
83,engine-dignitas-015,DIGNITAS,15,0.488425,True,361,196.87,0.735169,0.359075,True,0.129609
83,engine-concordia-016,CONCORDIA,16,0.709592,True,443,459.86,0.808471,0.573684,True,0.091558
83,engine-aeternitas-017,AETERNITAS,17,0.506609,True,157,174.86,0.759486,0.384762,True,0.111425
83,engine-providentia-018,PROVIDENTIA,18,0.532902,True,666,665.47,0.758236,0.404065,True,0.085132
83,engine-scientia-019,SCIENTIA,19,0.524419,True,697,51.83,0.977881,0.51282,True,0.093615
83,engine-mathematica-020,MATHEMATICA,20,0.584406,True,390,27.1,0.707969,0.413741,True,0.033628
83,engine-cryptographia-021,CRYPTOGRAPHIA,21,0.590523,True,822,608.88,0.863611,0.509983,True,0.027511
83,engine-logica-022,LOGICA,22,0.621521,True,435,171.24,0.768771,0.477807,True,0.003487
83,engine-natura-023,NATURA,23,0.847204,True,930,375.65,0.726701,0.615664,True,0.22917
84,engine-cognitio-000,COGNITIO,0,0.592833,True,3,673.37,0.750813,0.445107,True,0.025201
84,engine-intelligentia-001,INTELLIGENTIA,1,0.616966,True,3,557.94,0.903608,0.557496,True,0.001068
84,engine-quantumia-002,QUANTUMIA,2,0.378721,True,1,603.32,0.717325,0.271666,True,0.239313
84,engine-resonantia-003,RESONANTIA,3,0.521404,True,12,633.49,0.795214,0.414628,True,0.09663
84,engine-harmonia-004,HARMONIA,4,0.538112,True,2,391.25,0.858193,0.461804,True,0.079922
84,engine-velocitas-005,VELOCITAS,5,0.603348,True,21,333.85,0.835498,0.504096,True,0.014686
84,engine-prudentia-006,PRUDENTIA,6,0.491501,True,2,351.5,0.781034,0.383879,True,0.126533
84,engine-fortitudo-007,FORTITUDO,7,0.432366,True,49,19.89,0.949979,0.410738,True,0.185668
84,engine-temperantia-008,TEMPERANTIA,8,0.624017,True,101,694.14,0.910777,0.568341,True,0.005983
84,engine-iustitia-009,IUSTITIA,9,0.730496,True,208,380.25,0.970472,0.708925,True,0.112462
84,engine-sapientia-010,SAPIENTIA,10,0.608621,True,52,675.34,0.883752,0.53787,True,0.009413
84,engine-memoria-011,MEMORIA,11,0.644197,True,137,63.29,0.808737,0.520986,True,0.026163
84,engine-imaginatio-012,IMAGINATIO,12,0.73039,True,99,403.5,0.914828,0.668181,True,0.112356
84,engine-veritas-013,VERITAS,13,0.746273,True,952,656.44,0.748182,0.558348,True,0.128239
84,engine-libertas-014,LIBERTAS,14,0.694616,True,478,52.85,0.729444,0.506683,True,0.076582
84,engine-dignitas-015,DIGNITAS,15,0.565462,True,253,254.21,0.997295,0.563933,True,0.052572
84,engine-concordia-016,CONCORDIA,16,0.604908,True,43,502.44,0.800909,0.484476,True,0.013126
84,engine-aeternitas-017,AETERNITAS,17,0.72182,True,637,437.46,0.790769,0.570793,True,0.103786
84,engine-providentia-018,PROVIDENTIA,18,0.459437,True,790,607.48,0.821192,0.377286,True,0.158597
84,engine-scientia-019,SCIENTIA,19,0.69396,True,428,45.89,0.894667,0.620863,True,0.075926
84,engine-mathematica-020,MATHEMATICA,20,0.510227,True,600,442.55,0.732385,0.373683,True,0.107807
84,engine-cryptographia-021,CRYPTOGRAPHIA,21,0.606598,True,257,667.73,0.959251,0.58188,True,0.011436
84,engine-logica-022,LOGICA,22,0.58386,True,406,426.54,0.839373,0.490076,True,0.034174
84,engine-natura-023,NATURA,23,0.511312,True,842,315.47,0.760391,0.388797,True,0.106722
85,engine-cognitio-000,COGNITIO,0,0.730746,True,3,124.33,0.747499,0.546232,True,0.112713
85,engine-intelligentia-001,INTELLIGENTIA,1,0.725353,True,3,691.33,0.797703,0.578616,True,0.107319
85,engine-quantumia-002,QUANTUMIA,2,0.720566,True,6,323.25,0.759278,0.54711,True,0.102532
85,engine-resonantia-003,RESONANTIA,3,0.518084,True,2,273.16,0.853198,0.442028,True,0.09995
85,engine-harmonia-004,HARMONIA,4,0.578805,True,7,237.43,0.710486,0.411233,True,0.039229
85,engine-velocitas-005,VELOCITAS,5,0.738548,True,8,150.07,0.789085,0.582777,True,0.120514
85,engine-prudentia-006,PRUDENTIA,6,0.728383,True,55,534.03,0.910399,0.66312,True,0.110349
85,engine-fortitudo-007,FORTITUDO,7,0.571022,True,22,570.47,0.719701,0.410965,True,0.047012
85,engine-temperantia-008,TEMPERANTIA,8,0.591673,True,96,108.73,0.762965,0.451426,True,0.026361
85,engine-iustitia-009,IUSTITIA,9,0.611614,True,202,450.54,0.949248,0.580574,True,0.00642
85,engine-sapientia-010,SAPIENTIA,10,0.522991,True,48,479.07,0.731924,0.38279,True,0.095043
85,engine-memoria-011,MEMORIA,11,0.531476,True,547,174.07,0.701008,0.372569,True,0.086558
85,engine-imaginatio-012,IMAGINATIO,12,0.425836,True,428,321.34,0.931581,0.3967,True,0.192198
85,engine-veritas-013,VERITAS,13,0.655336,True,343,258.96,0.818478,0.536378,True,0.037302
85,engine-libertas-014,LIBERTAS,14,0.605299,True,624,188.38,0.976325,0.590969,True,0.012735
85,engine-dignitas-015,DIGNITAS,15,0.475912,True,85,162.88,0.855695,0.407235,True,0.142122
85,engine-concordia-016,CONCORDIA,16,0.661599,True,653,500.62,0.863956,0.571592,True,0.043565
85,engine-aeternitas-017,AETERNITAS,17,0.519844,True,775,450.51,0.939429,0.488356,True,0.09819
85,engine-providentia-018,PROVIDENTIA,18,0.514268,True,891,527.68,0.758633,0.390141,True,0.103766
85,engine-scientia-019,SCIENTIA,19,0.448246,True,2,69.08,0.731389,0.327842,True,0.169788
85,engine-mathematica-020,MATHEMATICA,20,0.462931,True,252,16.49,0.889286,0.411678,True,0.155103
85,engine-cryptographia-021,CRYPTOGRAPHIA,21,0.680094,True,186,633.19,0.801675,0.545214,True,0.06206
85,engine-logica-022,LOGICA,22,0.845626,True,450,628.4,0.980666,0.829277,True,0.227592
85,engine-natura-023,NATURA,23,0.648266,True,164,463.82,0.723761,0.46919,True,0.030232
86,engine-cognitio-000,COGNITIO,0,0.698798,True,3,379.03,0.879562,0.614636,True,0.080764
86,engine-intelligentia-001,INTELLIGENTIA,1,0.748086,True,4,247.29,0.910746,0.681316,True,0.130052
86,engine-quantumia-002,QUANTUMIA,2,0.746584,True,8,367.28,0.893098,0.666773,True,0.12855
86,engine-resonantia-003,RESONANTIA,3,0.638278,True,13,576.32,0.856778,0.546862,True,0.020244
86,engine-harmonia-004,HARMONIA,4,0.668218,True,15,515.54,0.72949,0.487458,True,0.050184
86,engine-velocitas-005,VELOCITAS,5,0.63159,True,34,269.5,0.833271,0.526286,True,0.013556
86,engine-prudentia-006,PRUDENTIA,6,0.510292,True,4,413.23,0.828467,0.42276,True,0.107742
86,engine-fortitudo-007,FORTITUDO,7,0.420592,True,32,22.34,0.956709,0.402384,True,0.197442
86,engine-temperantia-008,TEMPERANTIA,8,0.705833,True,85,433.12,0.933442,0.658854,True,0.087799
86,engine-iustitia-009,IUSTITIA,9,0.548834,True,73,626.2,0.934973,0.513145,True,0.0692
86,engine-sapientia-010,SAPIENTIA,10,0.643888,True,84,665.01,0.877201,0.564819,True,0.025854
86,engine-memoria-011,MEMORIA,11,0.618622,True,362,266.31,0.91709,0.567332,True,0.000588
86,engine-imaginatio-012,IMAGINATIO,12,0.665033,True,921,677.05,0.868774,0.577764,True,0.046999
86,engine-veritas-013,VERITAS,13,0.478545,True,687,284.59,0.938491,0.44911,True,0.139489
86,engine-libertas-014,LIBERTAS,14,0.589993,True,418,308.68,0.847414,0.499968,True,0.028041
86,engine-dignitas-015,DIGNITAS,15,0.549396,True,825,284.7,0.773035,0.424703,True,0.068638
86,engine-concordia-016,CONCORDIA,16,0.612739,True,615,458.7,0.934212,0.572428,True,0.005295
86,engine-aeternitas-017,AETERNITAS,17,0.600139,True,628,376.16,0.706593,0.424054,True,0.017895
86,engine-providentia-018,PROVIDENTIA,18,0.813795,True,934,378.56,0.846524,0.688897,True,0.195761
86,engine-scientia-019,SCIENTIA,19,0.586506,True,411,547.09,0.844001,0.495011,True,0.031528
86,engine-mathematica-020,MATHEMATICA,20,0.456768,True,868,74.64,0.905547,0.413625,True,0.161266
86,engine-cryptographia-021,CRYPTOGRAPHIA,21,0.545276,True,706,535.45,0.881303,0.480554,True,0.072758
86,engine-logica-022,LOGICA,22,0.663863,True,980,22.95,0.768675,0.510295,True,0.045829
86,engine-natura-023,NATURA,23,0.653139,True,196,471.63,0.976665,0.637898,True,0.035105
87,engine-cognitio-000,COGNITIO,0,0.651134,True,2,319.61,0.714104,0.464978,True,0.0331
87,engine-intelligentia-001,INTELLIGENTIA,1,0.44056,True,4,172.31,0.713541,0.314358,True,0.177474
87,engine-quantumia-002,QUANTUMIA,2,0.675101,True,2,235.1,0.782246,0.528095,True,0.057067
87,engine-resonantia-003,RESONANTIA,3,0.497109,True,3,142.61,0.916222,0.455462,True,0.120925
87,engine-harmonia-004,HARMONIA,4,0.56593,True,21,374.13,0.788905,0.446465,True,0.052104
87,engine-velocitas-005,VELOCITAS,5,0.416924,True,25,581.54,0.882216,0.367817,True,0.20111
87,engine-prudentia-006,PRUDENTIA,6,0.657607,True,52,627.78,0.897106,0.589944,True,0.039574
87,engine-fortitudo-007,FORTITUDO,7,0.542074,True,18,397.73,0.874315,0.473944,True,0.07596
87,engine-temperantia-008,TEMPERANTIA,8,0.595313,True,20,564.18,0.734956,0.437529,True,0.022721
87,engine-iustitia-009,IUSTITIA,9,0.693187,True,180,521.81,0.788067,0.546278,True,0.075153
87,engine-sapientia-010,SAPIENTIA,10,0.562006,True,62,123.72,0.974292,0.547558,True,0.056028
87,engine-memoria-011,MEMORIA,11,0.646627,True,480,421.09,0.851268,0.550453,True,0.028593
87,engine-imaginatio-012,IMAGINATIO,12,0.549948,True,953,379.69,0.826637,0.454608,True,0.068086
87,engine-veritas-013,VERITAS,13,0.652147,True,658,141.76,0.840329,0.548018,True,0.034113
87,engine-libertas-014,LIBERTAS,14,0.551394,True,335,526.87,0.788227,0.434623,True,0.06664
87,engine-dignitas-015,DIGNITAS,15,0.479406,True,888,244.06,0.814547,0.390498,True,0.138628
87,engine-concordia-016,CONCORDIA,16,0.5373,True,881,292.42,0.902473,0.484898,True,0.080734
87,engine-aeternitas-017,AETERNITAS,17,0.815791,True,695,227.75,0.866062,0.706525,True,0.197757
87,engine-providentia-018,PROVIDENTIA,18,0.543593,True,808,499.23,0.9201,0.50016,True,0.074441
87,engine-scientia-019,SCIENTIA,19,0.480571,True,250,688.27,0.88159,0.423667,True,0.137463
87,engine-mathematica-020,MATHEMATICA,20,0.551273,True,743,323.93,0.837047,0.461441,True,0.066761
87,engine-cryptographia-021,CRYPTOGRAPHIA,21,0.578101,True,434,301.73,0.812732,0.469841,True,0.039933
87,engine-logica-022,LOGICA,22,0.750914,True,15,158.11,0.870929,0.653993,True,0.13288
87,engine-natura-023,NATURA,23,0.640022,True,889,114.41,0.814189,0.521099,True,0.021988
88,engine-cognitio-000,COGNITIO,0,0.61853,True,3,530.09,0.985754,0.609718,True,0.000496
88,engine-intelligentia-001,INTELLIGENTIA,1,0.702674,True,4,439.96,0.919531,0.64613,True,0.08464
88,engine-quantumia-002,QUANTUMIA,2,0.705783,True,8,67.61,0.867949,0.612584,True,0.087749
88,engine-resonantia-003,RESONANTIA,3,0.601239,True,6,65.21,0.770175,0.463059,True,0.016795
88,engine-harmonia-004,HARMONIA,4,0.499431,True,12,400.75,0.767677,0.383402,True,0.118603
88,engine-velocitas-005,VELOCITAS,5,0.47849,True,7,11.73,0.797358,0.381528,True,0.139544
88,engine-prudentia-006,PRUDENTIA,6,0.657722,True,40,690.08,0.898447,0.590928,True,0.039688
88,engine-fortitudo-007,FORTITUDO,7,0.50306,True,45,130.51,0.965091,0.485499,True,0.114974
88,engine-temperantia-008,TEMPERANTIA,8,0.513981,True,114,523.9,0.706255,0.363001,True,0.104053
88,engine-iustitia-009,IUSTITIA,9,0.757104,True,224,182.02,0.979051,0.741243,True,0.13907
88,engine-sapientia-010,SAPIENTIA,10,0.590344,True,328,262.49,0.728147,0.429857,True,0.02769
88,engine-memoria-011,MEMORIA,11,0.56319,True,221,177.94,0.936073,0.527187,True,0.054844
88,engine-imaginatio-012,IMAGINATIO,12,0.531293,True,293,181.59,0.742408,0.394436,True,0.086741
88,engine-veritas-013,VERITAS,13,0.515847,True,819,655.36,0.905449,0.467074,True,0.102187
88,engine-libertas-014,LIBERTAS,14,0.519264,True,202,654.32,0.884114,0.459089,True,0.09877
88,engine-dignitas-015,DIGNITAS,15,0.530769,True,229,223.12,0.743497,0.394625,True,0.087265
88,engine-concordia-016,CONCORDIA,16,0.604558,True,855,490.46,0.856931,0.518064,True,0.013476
88,engine-aeternitas-017,AETERNITAS,17,0.640971,True,446,160.6,0.892854,0.572294,True,0.022937
88,engine-providentia-018,PROVIDENTIA,18,0.72808,True,912,692.11,0.714733,0.520383,True,0.110047
88,engine-scientia-019,SCIENTIA,19,0.548999,True,605,168.48,0.849513,0.466382,True,0.069035
88,engine-mathematica-020,MATHEMATICA,20,0.613274,True,906,172.99,0.921796,0.565313,True,0.00476
88,engine-cryptographia-021,CRYPTOGRAPHIA,21,0.729404,True,599,610.73,0.833642,0.608062,True,0.11137
88,engine-logica-022,LOGICA,22,0.651312,True,427,516.29,0.959439,0.624895,True,0.033278
88,engine-natura-023,NATURA,23,0.5659,True,631,205.6,0.900915,0.509828,True,0.052134
89,engine-cognitio-000,COGNITIO,0,0.55685,True,1,168.41,0.800415,0.445711,True,0.061184
89,engine-intelligentia-001,INTELLIGENTIA,1,0.649463,True,1,249.67,0.804707,0.522628,True,0.031429
89,engine-quantumia-002,QUANTUMIA,2,0.640389,True,4,137.91,0.805631,0.515917,True,0.022355
89,engine-resonantia-003,RESONANTIA,3,0.689451,True,2,194.75,0.767687,0.529282,True,0.071417
89,engine-harmonia-004,HARMONIA,4,0.56496,True,2,620.13,0.903345,0.510354,True,0.053074
89,engine-velocitas-005,VELOCITAS,5,0.709919,True,1,560.03,0.708208,0.50277,True,0.091885
89,engine-prudentia-006,PRUDENTIA,6,0.415966,True,54,140.7,0.833802,0.346834,True,0.202068
89,engine-fortitudo-007,FORTITUDO,7,0.588197,True,19,252.22,0.814045,0.478819,True,0.029837
89,engine-temperantia-008,TEMPERANTIA,8,0.718247,True,84,285.01,0.726851,0.522059,True,0.100213
89,engine-iustitia-009,IUSTITIA,9,0.761198,True,84,146.13,0.9135,0.695355,True,0.143164
89,engine-sapientia-010,SAPIENTIA,10,0.653976,True,272,173.94,0.897243,0.586775,True,0.035942
89,engine-memoria-011,MEMORIA,11,0.610761,True,502,653.24,0.787412,0.48092,True,0.007273
89,engine-imaginatio-012,IMAGINATIO,12,0.658481,True,945,253.72,0.887837,0.584623,True,0.040447
89,engine-veritas-013,VERITAS,13,0.455311,True,70,310.74,0.782159,0.356126,True,0.162723
89,engine-libertas-014,LIBERTAS,14,0.768399,True,901,93.46,0.720144,0.553358,True,0.150365
89,engine-dignitas-015,DIGNITAS,15,0.425087,True,945,441.63,0.812144,0.345232,True,0.192947
89,engine-concordia-016,CONCORDIA,16,0.545971,True,659,595.79,0.735782,0.401716,True,0.072063
89,engine-aeternitas-017,AETERNITAS,17,0.77427,True,268,627.73,0.729071,0.564498,True,0.156236
89,engine-providentia-018,PROVIDENTIA,18,0.471772,True,66,687.27,0.907934,0.428337,True,0.146262
89,engine-scientia-019,SCIENTIA,19,0.56022,True,546,391.22,0.996636,0.558335,True,0.057814
89,engine-mathematica-020,MATHEMATICA,20,0.576946,True,367,398.83,0.76444,0.441041,True,0.041088
89,engine-cryptographia-021,CRYPTOGRAPHIA,21,0.559217,True,106,533.68,0.785646,0.439347,True,0.058817
89,engine-logica-022,LOGICA,22,0.501005,True,94,621.01,0.743258,0.372376,True,0.117029
89,engine-natura-023,NATURA,23,0.605551,True,117,466.77,0.809005,0.489894,True,0.012483
90,engine-cognitio-000,COGNITIO,0,0.653541,True,1,157.19,0.943977,0.616927,True,0.035507
90,engine-intelligentia-001,INTELLIGENTIA,1,0.64757,True,2,416.21,0.932676,0.603973,True,0.029536
90,engine-quantumia-002,QUANTUMIA,2,0.686434,True,8,376.95,0.991879,0.68086,True,0.0684
90,engine-resonantia-003,RESONANTIA,3,0.764081,True,10,199.19,0.823763,0.629422,True,0.146047
90,engine-harmonia-004,HARMONIA,4,0.503024,True,2,328.11,0.90982,0.457661,True,0.11501
90,engine-velocitas-005,VELOCITAS,5,0.479212,True,22,337.9,0.808092,0.387247,True,0.138822
90,engine-prudentia-006,PRUDENTIA,6,0.461171,True,47,120.85,0.797388,0.367732,True,0.156863
90,engine-fortitudo-007,FORTITUDO,7,0.491817,True,32,591.94,0.919644,0.452296,True,0.126217
90,engine-temperantia-008,TEMPERANTIA,8,0.641974,True,1,682.49,0.782875,0.502585,True,0.02394
90,engine-iustitia-009,IUSTITIA,9,0.710645,True,147,224.42,0.862936,0.613241,True,0.092611
90,engine-sapientia-010,SAPIENTIA,10,0.638818,True,113,567.05,0.843002,0.538525,True,0.020784
90,engine-memoria-011,MEMORIA,11,0.546327,True,392,194.36,0.75392,0.411887,True,0.071707
90,engine-imaginatio-012,IMAGINATIO,12,0.568297,True,512,326.47,0.964603,0.548181,True,0.049737
90,engine-veritas-013,VERITAS,13,0.542376,True,639,37.79,0.854195,0.463295,True,0.075658
90,engine-libertas-014,LIBERTAS,14,0.523991,True,681,357.18,0.801625,0.420045,True,0.094043
90,engine-dignitas-015,DIGNITAS,15,0.510601,True,541,54.53,0.734142,0.374853,True,0.107433
90,engine-concordia-016,CONCORDIA,16,0.528869,True,398,526.0,0.990692,0.523946,True,0.089165
90,engine-aeternitas-017,AETERNITAS,17,0.651192,True,637,460.46,0.968322,0.630564,True,0.033158
90,engine-providentia-018,PROVIDENTIA,18,0.672203,True,504,57.37,0.813125,0.546585,True,0.054169
90,engine-scientia-019,SCIENTIA,19,0.682487,True,472,433.67,0.880154,0.600694,True,0.064453
90,engine-mathematica-020,MATHEMATICA,20,0.592079,True,368,237.32,0.919056,0.544154,True,0.025955
90,engine-cryptographia-021,CRYPTOGRAPHIA,21,0.651946,True,594,329.71,0.880362,0.573949,True,0.033912
90,engine-logica-022,LOGICA,22,0.790923,True,44,561.56,0.9227,0.729785,True,0.172889
90,engine-natura-023,NATURA,23,0.360456,True,226,157.74,0.840073,0.302809,True,0.257578
91,engine-cognitio-000,COGNITIO,0,0.613458,True,3,409.84,0.725016,0.444767,True,0.004576
91,engine-intelligentia-001,INTELLIGENTIA,1,0.582921,True,3,605.73,0.932498,0.543572,True,0.035113
91,engine-quantumia-002,QUANTUMIA,2,0.497666,True,4,111.04,0.744607,0.370566,True,0.120368
91,engine-resonantia-003,RESONANTIA,3,0.503563,True,5,65.34,0.93643,0.471551,True,0.114471
91,engine-harmonia-004,HARMONIA,4,0.652033,True,18,217.82,0.770784,0.502576,True,0.033999
91,engine-velocitas-005,VELOCITAS,5,0.747785,True,8,203.08,0.871124,0.651413,True,0.129751
91,engine-prudentia-006,PRUDENTIA,6,0.553028,True,37,93.73,0.760298,0.420466,True,0.065006
91,engine-fortitudo-007,FORTITUDO,7,0.69789,True,2,519.25,0.889548,0.620806,True,0.079856
91,engine-temperantia-008,TEMPERANTIA,8,0.538688,True,27,76.87,0.816798,0.439999,True,0.079346
91,engine-iustitia-009,IUSTITIA,9,0.540146,True,212,559.17,0.972557,0.525322,True,0.077888
91,engine-sapientia-010,SAPIENTIA,10,0.562337,True,39,145.67,0.710049,0.399287,True,0.055697
91,engine-memoria-011,MEMORIA,11,0.694137,True,498,328.77,0.750601,0.52102,True,0.076103
91,engine-imaginatio-012,IMAGINATIO,12,0.502254,True,810,401.72,0.987515,0.495984,True,0.11578
91,engine-veritas-013,VERITAS,13,0.668195,True,618,212.36,0.844065,0.564,True,0.050161
91,engine-libertas-014,LIBERTAS,14,0.531403,True,590,362.94,0.995871,0.529209,True,0.086631
91,engine-dignitas-015,DIGNITAS,15,0.777748,True,149,395.39,0.842662,0.655379,True,0.159714
91,engine-concordia-016,CONCORDIA,16,0.551164,True,313,66.0,0.988342,0.544739,True,0.06687
91,engine-aeternitas-017,AETERNITAS,17,0.679705,True,614,129.88,0.813486,0.55293,True,0.061671
91,engine-providentia-018,PROVIDENTIA,18,0.448083,True,575,640.97,0.909393,0.407483,True,0.169951
91,engine-scientia-019,SCIENTIA,19,0.596772,True,902,57.86,0.99061,0.591168,True,0.021262
91,engine-mathematica-020,MATHEMATICA,20,0.515912,True,156,532.63,0.844906,0.435897,True,0.102122
91,engine-cryptographia-021,CRYPTOGRAPHIA,21,0.648253,True,77,22.07,0.978775,0.634494,True,0.030219
91,engine-logica-022,LOGICA,22,0.663094,True,776,353.19,0.946023,0.627303,True,0.04506
91,engine-natura-023,NATURA,23,0.51412,True,766,149.21,0.873858,0.449268,True,0.103914
92,engine-cognitio-000,COGNITIO,0,0.595353,True,3,525.36,0.788924,0.469688,True,0.022681
92,engine-intelligentia-001,INTELLIGENTIA,1,0.695337,True,2,86.87,0.815695,0.567183,True,0.077303
92,engine-quantumia-002,QUANTUMIA,2,0.542158,True,5,590.51,0.977558,0.529991,True,0.075876
92,engine-resonantia-003,RESONANTIA,3,0.438241,True,13,337.86,0.858307,0.376146,True,0.179793
92,engine-harmonia-004,HARMONIA,4,0.799897,True,14,551.56,0.795832,0.636583,True,0.181863
92,engine-velocitas-005,VELOCITAS,5,0.594049,True,30,332.97,0.85357,0.507062,True,0.023985
92,engine-prudentia-006,PRUDENTIA,6,0.331592,True,34,434.18,0.766037,0.254012,True,0.286442
92,engine-fortitudo-007,FORTITUDO,7,0.689688,True,24,565.6,0.875033,0.6035,True,0.071654
92,engine-temperantia-008,TEMPERANTIA,8,0.748165,True,12,30.8,0.769691,0.575856,True,0.130131
92,engine-iustitia-009,IUSTITIA,9,0.586578,True,178,149.53,0.981238,0.575573,True,0.031456
92,engine-sapientia-010,SAPIENTIA,10,0.427003,True,291,242.04,0.72254,0.308527,True,0.191031
92,engine-memoria-011,MEMORIA,11,0.629053,True,174,443.01,0.823512,0.518033,True,0.011019
92,engine-imaginatio-012,IMAGINATIO,12,0.592986,True,441,311.45,0.940851,0.557912,True,0.025048
92,engine-veritas-013,VERITAS,13,0.661898,True,515,238.84,0.81165,0.537229,True,0.043864
92,engine-libertas-014,LIBERTAS,14,0.896293,True,859,288.11,0.995794,0.892523,True,0.278259
92,engine-dignitas-015,DIGNITAS,15,0.695762,True,752,405.52,0.732509,0.509652,True,0.077728
92,engine-concordia-016,CONCORDIA,16,0.624576,True,649,39.62,0.765289,0.477981,True,0.006542
92,engine-aeternitas-017,AETERNITAS,17,0.533621,True,178,89.3,0.732336,0.39079,True,0.084413
92,engine-providentia-018,PROVIDENTIA,18,0.754972,True,445,243.94,0.757048,0.57155,True,0.136938
92,engine-scientia-019,SCIENTIA,19,0.589547,True,240,452.26,0.724607,0.42719,True,0.028486
92,engine-mathematica-020,MATHEMATICA,20,0.744492,True,741,306.38,0.807456,0.601145,True,0.126458
92,engine-cryptographia-021,CRYPTOGRAPHIA,21,0.556697,True,221,677.65,0.717169,0.399246,True,0.061337
92,engine-logica-022,LOGICA,22,0.673108,True,134,530.31,0.708515,0.476907,True,0.055074
92,engine-natura-023,NATURA,23,0.670668,True,965,361.52,0.79162,0.530914,True,0.052634
93,engine-cognitio-000,COGNITIO,0,0.631882,True,3,69.94,0.923685,0.583659,True,0.013848
93,engine-intelligentia-001,INTELLIGENTIA,1,0.539284,True,3,330.73,0.71019,0.382994,True,0.07875
93,engine-quantumia-002,QUANTUMIA,2,0.618429,True,3,461.56,0.786181,0.486197,True,0.000395
93,engine-resonantia-003,RESONANTIA,3,0.553204,True,1,436.05,0.7003,0.387409,True,0.06483
93,engine-harmonia-004,HARMONIA,4,0.631517,True,6,694.51,0.991676,0.62626,True,0.013483
93,engine-velocitas-005,VELOCITAS,5,0.622097,True,11,13.15,0.825316,0.513427,True,0.004063
93,engine-prudentia-006,PRUDENTIA,6,0.74777,True,42,333.27,0.895172,0.669383,True,0.129736
93,engine-fortitudo-007,FORTITUDO,7,0.632939,True,57,372.03,0.89295,0.565183,True,0.014905
93,engine-temperantia-008,TEMPERANTIA,8,0.540944,True,48,74.83,0.932627,0.504499,True,0.07709
93,engine-iustitia-009,IUSTITIA,9,0.643122,True,206,119.31,0.7498,0.482213,True,0.025088
93,engine-sapientia-010,SAPIENTIA,10,0.498346,True,340,492.56,0.911551,0.454268,True,0.119688
93,engine-memoria-011,MEMORIA,11,0.699819,True,307,462.94,0.894178,0.625763,True,0.081785
93,engine-imaginatio-012,IMAGINATIO,12,0.734044,True,210,480.61,0.875002,0.64229,True,0.11601
93,engine-veritas-013,VERITAS,13,0.684548,True,701,216.43,0.72355,0.495305,True,0.066514
93,engine-libertas-014,LIBERTAS,14,0.543907,True,530,165.91,0.785951,0.427485,True,0.074127
93,engine-dignitas-015,DIGNITAS,15,0.538744,True,159,395.45,0.827548,0.445837,True,0.079289
93,engine-concordia-016,CONCORDIA,16,0.56643,True,260,57.45,0.70989,0.402103,True,0.051604
93,engine-aeternitas-017,AETERNITAS,17,0.689722,True,113,574.37,0.994551,0.685964,True,0.071688
93,engine-providentia-018,PROVIDENTIA,18,0.636966,True,566,669.05,0.863431,0.549976,True,0.018932
93,engine-scientia-019,SCIENTIA,19,0.662105,True,338,156.32,0.945699,0.626152,True,0.044071
93,engine-mathematica-020,MATHEMATICA,20,0.638444,True,150,611.0,0.859231,0.548571,True,0.02041
93,engine-cryptographia-021,CRYPTOGRAPHIA,21,0.452855,True,811,399.39,0.808288,0.366037,True,0.165179
93,engine-logica-022,LOGICA,22,0.656403,True,117,637.13,0.781311,0.512855,True,0.038369
93,engine-natura-023,NATURA,23,0.573739,True,181,445.37,0.752207,0.43157,True,0.044295
94,engine-cognitio-000,COGNITIO,0,0.629548,True,1,563.65,0.938528,0.590849,True,0.011514
94,engine-intelligentia-001,INTELLIGENTIA,1,0.582685,True,4,55.32,0.935542,0.545126,True,0.035349
94,engine-quantumia-002,QUANTUMIA,2,0.541333,True,1,196.85,0.753679,0.407991,True,0.076701
94,engine-resonantia-003,RESONANTIA,3,0.552487,True,6,39.2,0.747278,0.412861,True,0.065547
94,engine-harmonia-004,HARMONIA,4,0.724872,True,1,262.42,0.774735,0.561584,True,0.106838
94,engine-velocitas-005,VELOCITAS,5,0.55072,True,25,259.21,0.833708,0.459139,True,0.067314
94,engine-prudentia-006,PRUDENTIA,6,0.596255,True,39,69.67,0.763712,0.455367,True,0.021779
94,engine-fortitudo-007,FORTITUDO,7,0.569073,True,14,106.31,0.773183,0.439997,True,0.048961
94,engine-temperantia-008,TEMPERANTIA,8,0.671263,True,35,523.07,0.703978,0.472554,True,0.053229
94,engine-iustitia-009,IUSTITIA,9,0.634404,True,228,461.22,0.966216,0.612972,True,0.01637
94,engine-sapientia-010,SAPIENTIA,10,0.623732,True,110,112.94,0.790099,0.49281,True,0.005698
94,engine-memoria-011,MEMORIA,11,0.750781,True,66,149.05,0.8928,0.670298,True,0.132747
94,engine-imaginatio-012,IMAGINATIO,12,0.836104,True,49,622.8,0.745042,0.622933,True,0.218071
94,engine-veritas-013,VERITAS,13,0.533208,True,97,224.62,0.929128,0.495419,True,0.084826
94,engine-libertas-014,LIBERTAS,14,0.65343,True,572,367.5,0.802674,0.524492,True,0.035396
94,engine-dignitas-015,DIGNITAS,15,0.796174,True,647,63.86,0.906383,0.721638,True,0.17814
94,engine-concordia-016,CONCORDIA,16,0.662531,True,215,417.26,0.891933,0.590934,True,0.044497
94,engine-aeternitas-017,AETERNITAS,17,0.600986,True,565,473.1,0.746566,0.448675,True,0.017048
94,engine-providentia-018,PROVIDENTIA,18,0.575683,True,479,201.12,0.956144,0.550435,True,0.042351
94,engine-scientia-019,SCIENTIA,19,0.572289,True,66,141.39,0.933502,0.534233,True,0.045745
94,engine-mathematica-020,MATHEMATICA,20,0.582807,True,739,59.15,0.745109,0.434255,True,0.035227
94,engine-cryptographia-021,CRYPTOGRAPHIA,21,0.653655,True,945,638.92,0.795771,0.520159,True,0.035621
94,engine-logica-022,LOGICA,22,0.779767,True,90,416.55,0.730093,0.569302,True,0.161733
94,engine-natura-023,NATURA,23,0.637953,True,784,52.77,0.930492,0.59361,True,0.019919
95,engine-cognitio-000,COGNITIO,0,0.77203,True,3,553.85,0.84385,0.651478,True,0.153996
95,engine-intelligentia-001,INTELLIGENTIA,1,0.611385,True,3,351.27,0.842304,0.514972,True,0.006649
95,engine-quantumia-002,QUANTUMIA,2,0.433518,True,7,12.52,0.784779,0.340216,True,0.184516
95,engine-resonantia-003,RESONANTIA,3,0.583867,True,4,28.8,0.832905,0.486305,True,0.034167
95,engine-harmonia-004,HARMONIA,4,0.481608,True,8,650.62,0.894998,0.431038,True,0.136426
95,engine-velocitas-005,VELOCITAS,5,0.729313,True,26,24.62,0.810683,0.591242,True,0.111279
95,engine-prudentia-006,PRUDENTIA,6,0.737598,True,50,217.45,0.8763,0.646358,True,0.119564
95,engine-fortitudo-007,FORTITUDO,7,0.605714,True,83,501.85,0.851655,0.515859,True,0.01232
95,engine-temperantia-008,TEMPERANTIA,8,0.587291,True,114,606.65,0.778249,0.457059,True,0.030743
95,engine-iustitia-009,IUSTITIA,9,0.599952,True,24,54.64,0.973238,0.583896,True,0.018082
95,engine-sapientia-010,SAPIENTIA,10,0.683246,True,82,32.81,0.818865,0.559486,True,0.065212
95,engine-memoria-011,MEMORIA,11,0.477377,True,276,256.35,0.846087,0.403902,True,0.140657
95,engine-imaginatio-012,IMAGINATIO,12,0.615414,True,930,492.78,0.900042,0.553899,True,0.00262
95,engine-veritas-013,VERITAS,13,0.590545,True,762,477.36,0.871591,0.514714,True,0.027489
95,engine-libertas-014,LIBERTAS,14,0.746359,True,825,443.07,0.916975,0.684392,True,0.128325
95,engine-dignitas-015,DIGNITAS,15,0.552441,True,2,679.72,0.884888,0.488848,True,0.065593
95,engine-concordia-016,CONCORDIA,16,0.65644,True,483,362.65,0.875593,0.574774,True,0.038406
95,engine-aeternitas-017,AETERNITAS,17,0.836115,True,262,539.04,0.896034,0.749187,True,0.218081
95,engine-providentia-018,PROVIDENTIA,18,0.504021,True,871,64.87,0.860158,0.433538,True,0.114013
95,engine-scientia-019,SCIENTIA,19,0.621545,True,944,688.1,0.89204,0.554443,True,0.003511
95,engine-mathematica-020,MATHEMATICA,20,0.316196,True,543,434.89,0.822622,0.26011,True,0.301838
95,engine-cryptographia-021,CRYPTOGRAPHIA,21,0.590649,True,908,55.0,0.711739,0.420388,True,0.027385
95,engine-logica-022,LOGICA,22,0.642815,True,436,416.87,0.726002,0.466685,True,0.024781
95,engine-natura-023,NATURA,23,0.598554,True,463,348.41,0.960398,0.57485,True,0.01948
96,engine-cognitio-000,COGNITIO,0,0.576984,True,3,17.11,0.800533,0.461895,True,0.04105
96,engine-intelligentia-001,INTELLIGENTIA,1,0.640807,True,5,293.87,0.957493,0.613568,True,0.022773
96,engine-quantumia-002,QUANTUMIA,2,0.754067,True,3,183.48,0.792142,0.597328,True,0.136033
96,engine-resonantia-003,RESONANTIA,3,0.517765,True,7,483.8,0.829269,0.429366,True,0.100269
96,engine-harmonia-004,HARMONIA,4,0.737085,True,18,209.04,0.772536,0.569425,True,0.119051
96,engine-velocitas-005,VELOCITAS,5,0.535032,True,24,684.78,0.813136,0.435054,True,0.083002
96,engine-prudentia-006,PRUDENTIA,6,0.50692,True,40,363.64,0.944518,0.478796,True,0.111113
96,engine-fortitudo-007,FORTITUDO,7,0.408247,True,23,472.62,0.849491,0.346802,True,0.209787
96,engine-temperantia-008,TEMPERANTIA,8,0.587438,True,46,558.36,0.782232,0.459513,True,0.030596
96,engine-iustitia-009,IUSTITIA,9,0.684661,True,215,431.88,0.978424,0.669889,True,0.066627
96,engine-sapientia-010,SAPIENTIA,10,0.748658,True,24,89.6,0.930962,0.696972,True,0.130624
96,engine-memoria-011,MEMORIA,11,0.6562,True,387,38.1,0.778518,0.510864,True,0.038166
96,engine-imaginatio-012,IMAGINATIO,12,0.668901,True,75,472.84,0.839735,0.561699,True,0.050867
96,engine-veritas-013,VERITAS,13,0.690924,True,487,160.54,0.732038,0.505782,True,0.07289
96,engine-libertas-014,LIBERTAS,14,0.472554,True,305,117.16,0.819108,0.387073,True,0.14548
96,engine-dignitas-015,DIGNITAS,15,0.615417,True,556,473.52,0.746036,0.459123,True,0.002617
96,engine-concordia-016,CONCORDIA,16,0.767356,True,196,578.33,0.867344,0.665562,True,0.149322
96,engine-aeternitas-017,AETERNITAS,17,0.524864,True,768,197.63,0.867906,0.455532,True,0.09317
96,engine-providentia-018,PROVIDENTIA,18,0.652057,True,718,78.74,0.850559,0.554613,True,0.034023
96,engine-scientia-019,SCIENTIA,19,0.771066,True,836,292.15,0.735877,0.56741,True,0.153032
96,engine-mathematica-020,MATHEMATICA,20,0.670165,True,983,474.3,0.891853,0.597689,True,0.052131
96,engine-cryptographia-021,CRYPTOGRAPHIA,21,0.652465,True,878,634.28,0.773847,0.504908,True,0.034431
96,engine-logica-022,LOGICA,22,0.787566,True,254,489.37,0.834668,0.657356,True,0.169532
96,engine-natura-023,NATURA,23,0.516534,True,903,79.56,0.905208,0.467571,True,0.1015
97,engine-cognitio-000,COGNITIO,0,0.674139,True,2,354.04,0.86074,0.580258,True,0.056105
97,engine-intelligentia-001,INTELLIGENTIA,1,0.589088,True,2,247.34,0.974186,0.573882,True,0.028946
97,engine-quantumia-002,QUANTUMIA,2,0.599158,True,6,110.73,0.90507,0.54228,True,0.018876
97,engine-resonantia-003,RESONANTIA,3,0.494487,True,9,146.48,0.831904,0.411366,True,0.123547
97,engine-harmonia-004,HARMONIA,4,0.579975,True,18,25.72,0.932584,0.540876,True,0.038059
97,engine-velocitas-005,VELOCITAS,5,0.686176,True,13,673.07,0.976194,0.669841,True,0.068142
97,engine-prudentia-006,PRUDENTIA,6,0.691428,True,24,217.03,0.86255,0.596391,True,0.073394
97,engine-fortitudo-007,FORTITUDO,7,0.717453,True,65,306.04,0.945169,0.678114,True,0.099419
97,engine-temperantia-008,TEMPERANTIA,8,0.636773,True,39,551.9,0.813617,0.518089,True,0.018739
97,engine-iustitia-009,IUSTITIA,9,0.567809,True,95,298.14,0.785816,0.446193,True,0.050225
97,engine-sapientia-010,SAPIENTIA,10,0.50704,True,367,629.33,0.783341,0.397185,True,0.110994
97,engine-memoria-011,MEMORIA,11,0.61253,True,609,250.18,0.983075,0.602163,True,0.005504
97,engine-imaginatio-012,IMAGINATIO,12,0.578397,True,601,237.9,0.852741,0.493223,True,0.039637
97,engine-veritas-013,VERITAS,13,0.501749,True,612,224.29,0.802436,0.402622,True,0.116285
97,engine-libertas-014,LIBERTAS,14,0.729707,True,111,143.31,0.749032,0.546574,True,0.111673
97,engine-dignitas-015,DIGNITAS,15,0.564651,True,486,298.3,0.965028,0.544904,True,0.053383
97,engine-concordia-016,CONCORDIA,16,0.727709,True,881,546.84,0.987883,0.718891,True,0.109675
97,engine-aeternitas-017,AETERNITAS,17,0.757616,True,609,237.25,0.81618,0.618351,True,0.139582
97,engine-providentia-018,PROVIDENTIA,18,0.742556,True,385,254.24,0.705344,0.523757,True,0.124522
97,engine-scientia-019,SCIENTIA,19,0.672504,True,906,445.07,0.77936,0.524123,True,0.05447
97,engine-mathematica-020,MATHEMATICA,20,0.605471,True,547,193.1,0.955555,0.578561,True,0.012563
97,engine-cryptographia-021,CRYPTOGRAPHIA,21,0.679856,True,409,274.34,0.826567,0.561946,True,0.061822
97,engine-logica-022,LOGICA,22,0.332568,True,284,207.05,0.916954,0.30495,True,0.285466
97,engine-natura-023,NATURA,23,0.725819,True,808,673.49,0.939335,0.681787,True,0.107785
98,engine-cognitio-000,COGNITIO,0,0.656509,True,2,60.87,0.899233,0.590354,True,0.038475
98,engine-intelligentia-001,INTELLIGENTIA,1,0.722067,True,3,171.08,0.965488,0.697147,True,0.104033
98,engine-quantumia-002,QUANTUMIA,2,0.598578,True,6,249.45,0.980048,0.586636,True,0.019456
98,engine-resonantia-003,RESONANTIA,3,0.712687,True,12,541.19,0.762129,0.543159,True,0.094653
98,engine-harmonia-004,HARMONIA,4,0.705183,True,12,305.32,0.78427,0.553054,True,0.087149
98,engine-velocitas-005,VELOCITAS,5,0.612937,True,32,240.65,0.89314,0.547438,True,0.005097
98,engine-prudentia-006,PRUDENTIA,6,0.635668,True,50,215.39,0.942141,0.598889,True,0.017634
98,engine-fortitudo-007,FORTITUDO,7,0.700348,True,27,454.11,0.952548,0.667115,True,0.082314
98,engine-temperantia-008,TEMPERANTIA,8,0.552988,True,17,643.01,0.985148,0.544775,True,0.065046
98,engine-iustitia-009,IUSTITIA,9,0.561375,True,58,525.08,0.957542,0.53754,True,0.056659
98,engine-sapientia-010,SAPIENTIA,10,0.485627,True,191,481.13,0.859765,0.417525,True,0.132407
98,engine-memoria-011,MEMORIA,11,0.551608,True,197,502.29,0.777172,0.428694,True,0.066426
98,engine-imaginatio-012,IMAGINATIO,12,0.615861,True,202,219.44,0.777113,0.478594,True,0.002173
98,engine-veritas-013,VERITAS,13,0.677644,True,463,568.87,0.757008,0.512982,True,0.05961
98,engine-libertas-014,LIBERTAS,14,0.63659,True,649,418.32,0.784566,0.499447,True,0.018556
98,engine-dignitas-015,DIGNITAS,15,0.513464,True,306,314.0,0.785862,0.403512,True,0.10457
98,engine-concordia-016,CONCORDIA,16,0.503524,True,526,106.13,0.836315,0.421105,True,0.11451
98,engine-aeternitas-017,AETERNITAS,17,0.562523,True,797,113.84,0.943834,0.530928,True,0.055511
98,engine-providentia-018,PROVIDENTIA,18,0.520778,True,288,51.69,0.967836,0.504027,True,0.097256
98,engine-scientia-019,SCIENTIA,19,0.556197,True,266,43.59,0.983232,0.546871,True,0.061837
98,engine-mathematica-020,MATHEMATICA,20,0.768463,True,400,274.5,0.756176,0.581093,True,0.150429
98,engine-cryptographia-021,CRYPTOGRAPHIA,21,0.502945,True,472,538.05,0.878841,0.442009,True,0.115089
98,engine-logica-022,LOGICA,22,0.664305,True,381,366.53,0.824068,0.547432,True,0.046271
98,engine-natura-023,NATURA,23,0.612707,True,199,565.98,0.881008,0.5398,True,0.005327
99,engine-cognitio-000,COGNITIO,0,0.691198,True,3,491.75,0.774485,0.535322,True,0.073164
99,engine-intelligentia-001,INTELLIGENTIA,1,0.324531,True,3,326.11,0.803674,0.260817,True,0.293503
99,engine-quantumia-002,QUANTUMIA,2,0.457004,True,1,550.84,0.88,0.402163,True,0.16103
99,engine-resonantia-003,RESONANTIA,3,0.781114,True,9,86.86,0.744598,0.581616,True,0.16308
99,engine-harmonia-004,HARMONIA,4,0.573613,True,12,235.42,0.713664,0.409367,True,0.044421
99,engine-velocitas-005,VELOCITAS,5,0.49272,True,22,147.99,0.805619,0.396945,True,0.125314
99,engine-prudentia-006,PRUDENTIA,6,0.747425,True,17,617.99,0.934532,0.698492,True,0.129391
99,engine-fortitudo-007,FORTITUDO,7,0.605451,True,22,633.77,0.771021,0.466815,True,0.012583
99,engine-temperantia-008,TEMPERANTIA,8,0.597878,True,88,648.73,0.971423,0.580792,True,0.020156
99,engine-iustitia-009,IUSTITIA,9,0.849781,True,97,604.34,0.77759,0.660781,True,0.231747
99,engine-sapientia-010,SAPIENTIA,10,0.574227,True,255,199.68,0.755761,0.433978,True,0.043807
99,engine-memoria-011,MEMORIA,11,0.605454,True,472,234.38,0.936847,0.567218,True,0.01258
99,engine-imaginatio-012,IMAGINATIO,12,0.703943,True,394,478.98,0.777938,0.547624,True,0.085909
99,engine-veritas-013,VERITAS,13,0.617435,True,739,54.31,0.855687,0.528331,True,0.000599
99,engine-libertas-014,LIBERTAS,14,0.596711,True,96,405.14,0.78432,0.468013,True,0.021323
99,engine-dignitas-015,DIGNITAS,15,0.704754,True,368,519.76,0.834984,0.588458,True,0.08672
99,engine-concordia-016,CONCORDIA,16,0.837268,True,26,480.75,0.926114,0.775405,True,0.219234
99,engine-aeternitas-017,AETERNITAS,17,0.743453,True,621,52.58,0.894303,0.664872,True,0.125419
99,engine-providentia-018,PROVIDENTIA,18,0.736577,True,582,683.52,0.76464,0.563216,True,0.118543
99,engine-scientia-019,SCIENTIA,19,0.791288,True,539,597.29,0.871974,0.689983,True,0.173254
99,engine-mathematica-020,MATHEMATICA,20,0.617624,True,525,346.49,0.734039,0.45336,True,0.00041
99,engine-cryptographia-021,CRYPTOGRAPHIA,21,0.673493,True,878,277.38,0.926363,0.623899,True,0.055459
99,engine-logica-022,LOGICA,22,0.567636,True,203,97.68,0.983699,0.558383,True,0.050398
99,engine-natura-023,NATURA,23,0.679623,True,894,130.09,0.920838,0.625823,True,0.061589
100,engine-cognitio-000,COGNITIO,0,0.656272,True,1,20.22,0.945919,0.62078,True,0.038238
100,engine-intelligentia-001,INTELLIGENTIA,1,0.680239,True,4,377.99,0.765787,0.520918,True,0.062205
100,engine-quantumia-002,QUANTUMIA,2,0.738429,True,8,605.05,0.829987,0.612887,True,0.120395
100,engine-resonantia-003,RESONANTIA,3,0.592244,True,7,592.7,0.911952,0.540098,True,0.02579
100,engine-harmonia-004,HARMONIA,4,0.565533,True,1,112.48,0.732798,0.414422,True,0.052501
100,engine-velocitas-005,VELOCITAS,5,0.527718,True,31,177.05,0.98884,0.521828,True,0.090316
100,engine-prudentia-006,PRUDENTIA,6,0.680177,True,35,468.89,0.908867,0.61819,True,0.062143
100,engine-fortitudo-007,FORTITUDO,7,0.481939,True,38,232.44,0.989401,0.476831,True,0.136095
100,engine-temperantia-008,TEMPERANTIA,8,0.702528,True,104,586.9,0.910687,0.639783,True,0.084494
100,engine-iustitia-009,IUSTITIA,9,0.561556,True,224,59.35,0.992349,0.55726,True,0.056478
100,engine-sapientia-010,SAPIENTIA,10,0.658897,True,198,627.61,0.932333,0.614311,True,0.040863
100,engine-memoria-011,MEMORIA,11,0.657914,True,590,66.09,0.812603,0.534623,True,0.03988
100,engine-imaginatio-012,IMAGINATIO,12,0.663517,True,816,20.71,0.764782,0.507446,True,0.045483
100,engine-veritas-013,VERITAS,13,0.769275,True,905,301.13,0.76319,0.587103,True,0.151241
100,engine-libertas-014,LIBERTAS,14,0.589523,True,385,597.87,0.988781,0.582909,True,0.028511
100,engine-dignitas-015,DIGNITAS,15,0.631308,True,262,51.26,0.950492,0.600054,True,0.013274
100,engine-concordia-016,CONCORDIA,16,0.693931,True,949,176.1,0.892801,0.619542,True,0.075897
100,engine-aeternitas-017,AETERNITAS,17,0.552993,True,551,696.49,0.985859,0.545173,True,0.065041
100,engine-providentia-018,PROVIDENTIA,18,0.90273,True,342,40.12,0.787851,0.711216,True,0.284696
100,engine-scientia-019,SCIENTIA,19,0.634471,True,675,139.01,0.969316,0.615003,True,0.016437
100,engine-mathematica-020,MATHEMATICA,20,0.581762,True,777,160.16,0.954071,0.555042,True,0.036272
100,engine-cryptographia-021,CRYPTOGRAPHIA,21,0.801234,True,987,502.39,0.948704,0.760134,True,0.1832
100,engine-logica-022,LOGICA,22,0.579199,True,284,39.87,0.719634,0.416811,True,0.038835
100,engine-natura-023,NATURA,23,0.680197,True,291,10.65,0.917605,0.624152,True,0.062163
