experiment_id,oscillator_count_N,coupling_topology,frequency_distribution,coupling_strength_K,critical_coupling_Kc,K_over_Kc_ratio,order_parameter_R,susceptibility_chi,relaxation_time_tau,phase_locked_fraction,mean_field_frequency,chimera_state_detected,lyapunov_exponent_max,simulation_timesteps,integration_method,thermalization_steps
OSC-000000,64,small_world,gaussian,1.497172,1.395902,1.072548,0.25846971,1.01999239,9.015002,0.214036,7.837916,False,-0.11657395,50000,verlet,5000
OSC-000001,96,ring,uniform,1.634752,0.06545,24.977177,0.97713302,1.29664985,0.479308,0.951645,7.767715,False,-0.11915874,100000,symplectic_4th,5000
OSC-000002,128,small_world,lorentzian,2.48616,1.849677,1.344105,0.5079482,2.44467188,1.617465,0.527938,7.927342,False,-0.13736698,50000,verlet,10000
OSC-000003,16,lattice_2d,uniform,3.19497,1.954818,1.634408,0.61691902,0.24070328,0.678439,0.621081,7.761333,False,-0.0848685,500000,euler,5000
OSC-000004,96,ring,lorentzian,0.756018,0.06545,11.551107,0.9560965,0.54173304,1.427105,0.95131,7.841015,False,-0.09640009,50000,euler,5000
OSC-000005,24,ring,gaussian,3.706007,0.261799,14.155904,0.97453307,0.01494974,0.299256,0.985789,7.943436,False,-0.08227171,10000,euler,10000
OSC-000006,64,scale_free,bimodal,4.59772,1.610857,2.854207,0.8065273,0.51627354,0.305896,0.787773,7.968923,False,-0.10558273,100000,verlet,10000
OSC-000007,24,scale_free,bimodal,4.193798,1.210606,3.464214,0.84785654,0.00806122,0.323936,0.898175,7.76366,False,-0.12423387,500000,symplectic_4th,10000
OSC-000008,8,random_erdos_renyi,gaussian,2.255504,1.981634,1.138204,0.34952372,0.17541815,3.511767,0.377522,7.90463,False,-0.0773218,10000,euler,5000
OSC-000009,64,lattice_2d,uniform,1.132449,1.159821,0.9764,0.01653545,1.28117535,84.560731,0.031238,7.834175,True,0.03938574,10000,euler,1000
OSC-000010,24,small_world,gaussian,2.631539,1.420774,1.852187,0.66937756,0.59447228,0.685931,0.591261,7.804399,False,-0.13676187,10000,euler,5000
OSC-000011,128,scale_free,gaussian,0.799289,1.559029,0.512684,0.08923069,0.61816552,106.299887,0.04648,7.746398,False,0.06503724,500000,rk4,1000
OSC-000012,96,scale_free,gaussian,0.631994,1.896729,0.333202,0.0596499,2.77762827,75.973646,0.058221,7.856551,False,0.05726676,500000,rk4,10000
OSC-000013,16,all_to_all,bimodal,3.331024,0.63662,5.23236,0.90445973,0.04493452,0.605402,0.905348,7.783881,False,-0.1191499,500000,verlet,1000
OSC-000014,96,ring,bimodal,3.968822,0.06545,60.639139,0.98972137,1.82913539,0.246383,0.905183,7.815097,False,-0.10856609,50000,verlet,5000
OSC-000015,32,all_to_all,lorentzian,3.031633,0.63662,4.762077,0.88619601,0.2529547,0.580697,0.889031,7.951474,False,-0.09891332,10000,symplectic_4th,10000
OSC-000016,32,lattice_2d,lorentzian,2.187751,1.380299,1.584983,0.60842794,0.10592537,1.18354,0.545596,7.800993,False,-0.14729392,500000,euler,5000
OSC-000017,128,ring,lorentzian,2.83956,0.049087,57.847037,0.98777662,2.52562238,0.387526,0.911583,7.74913,False,-0.10874436,10000,euler,5000
OSC-000018,24,all_to_all,gaussian,2.590883,0.63662,4.06975,0.86982479,0.33691103,0.334043,0.812544,7.730241,False,-0.08119649,10000,rk4,1000
OSC-000019,128,random_erdos_renyi,bimodal,0.531889,1.595684,0.33333,0.00699143,2.50804458,96.167904,0,7.921738,False,0.04146255,100000,rk4,1000
OSC-000020,128,scale_free,uniform,4.039159,1.631112,2.476322,0.77459145,1.20492313,0.439039,0.725765,7.759505,False,-0.09859939,10000,verlet,1000
OSC-000021,8,ring,uniform,4.984404,0.785398,6.34634,0.92212007,0.09384117,0.145865,0.869609,7.911313,False,-0.13248128,10000,rk4,10000
OSC-000022,48,lattice_2d,lorentzian,1.802628,1.445458,1.247098,0.44595464,0.16488355,2.830722,0.433286,7.822049,False,-0.09890401,50000,symplectic_4th,10000
OSC-000023,16,random_erdos_renyi,uniform,0.673344,1.226589,0.548957,0.00453751,0.03690999,15.794003,0,7.788105,False,0.04998077,500000,symplectic_4th,1000
OSC-000024,64,scale_free,bimodal,4.492967,1.824437,2.462659,0.77252735,0.08041059,0.368515,0.821578,7.84697,False,-0.11369823,50000,verlet,5000
OSC-000025,64,random_erdos_renyi,uniform,1.507719,1.428667,1.055333,0.22711708,0.21641932,11.328014,0.192376,7.936516,False,-0.09245956,50000,verlet,1000
OSC-000026,32,scale_free,gaussian,1.250821,1.734545,0.721123,0.00692681,0.57101905,33.582544,0.101025,7.878433,False,0.0339299,10000,rk4,1000
OSC-000027,128,random_erdos_renyi,uniform,0.307089,1.533485,0.200256,0.10993671,0.49120902,131.957715,0,7.843983,False,0.08215648,500000,euler,10000
OSC-000028,48,scale_free,gaussian,3.77583,1.135467,3.325354,0.83867165,0.90294792,0.167415,0.893668,7.920444,False,-0.09624654,50000,symplectic_4th,1000
OSC-000029,128,small_world,uniform,2.94694,1.705832,1.727567,0.64905198,0.47521943,0.921856,0.645211,7.955886,False,-0.09817722,100000,verlet,1000
OSC-000030,128,scale_free,gaussian,2.153555,1.837621,1.171926,0.38304229,0.06007654,2.979302,0.415049,7.579125,False,-0.12415571,50000,rk4,10000
OSC-000031,48,ring,bimodal,4.295913,0.1309,32.818356,0.98636866,1.29224453,0.231379,0.929923,7.934432,False,-0.09871989,50000,verlet,5000
OSC-000032,48,small_world,uniform,0.394178,1.130998,0.348523,0.13173152,0.6931716,37.943545,0.094279,7.750372,False,0.04040053,100000,verlet,1000
OSC-000033,96,all_to_all,lorentzian,4.350106,0.63662,6.833131,0.92559893,1.58235781,0.253267,0.861307,7.76357,False,-0.08410226,100000,verlet,10000
OSC-000034,128,lattice_2d,bimodal,4.459199,1.964683,2.269679,0.74687098,1.99482559,0.361425,0.726276,7.919897,False,-0.06844411,100000,symplectic_4th,10000
OSC-000035,96,all_to_all,uniform,0.893797,0.63662,1.403974,0.53665343,1.79026251,3.722555,0.574779,7.781102,False,-0.11254978,500000,verlet,10000
OSC-000036,128,scale_free,gaussian,3.666085,1.526175,2.402139,0.76435511,0.31628146,0.262992,0.758128,7.791091,False,-0.09534955,10000,symplectic_4th,10000
OSC-000037,8,all_to_all,bimodal,2.667516,0.63662,4.190124,0.87540795,0.11746634,0.488808,0.85994,7.801636,False,-0.08192792,50000,euler,10000
OSC-000038,48,scale_free,gaussian,0.743258,1.37573,0.540264,0.01834779,0.38184499,38.153992,0,7.778246,False,0.07025115,100000,symplectic_4th,1000
OSC-000039,24,random_erdos_renyi,bimodal,2.863524,1.210147,2.366261,0.75560723,0.09912813,0.580206,0.7387,7.915938,False,-0.13503006,500000,verlet,5000
OSC-000040,96,small_world,gaussian,1.587507,1.366254,1.161941,0.37707672,0.9610239,4.377271,0.339595,7.817317,False,-0.09950286,500000,symplectic_4th,5000
OSC-000041,8,scale_free,lorentzian,2.78624,1.060883,2.626341,0.77969334,0.14228313,0.767843,0.744698,7.859194,False,-0.10629843,500000,euler,5000
OSC-000042,16,scale_free,gaussian,2.631389,1.078109,2.440745,0.77043066,0.04975586,0.612192,0.733048,7.75661,False,-0.11979617,100000,symplectic_4th,1000
OSC-000043,16,ring,gaussian,1.519017,0.392699,3.868145,0.85656785,0.00817557,0.860679,0.92571,7.837541,False,-0.09634019,10000,rk4,1000
OSC-000044,16,small_world,lorentzian,0.1402,1.727824,0.081143,0.18994725,0.18325084,16.295917,0.200635,7.932206,False,0.05522944,100000,symplectic_4th,10000
OSC-000045,8,small_world,uniform,4.233377,1.156435,3.660713,0.85483422,0.07187158,0.330122,0.83584,7.765811,False,-0.09756334,100000,symplectic_4th,1000
OSC-000046,16,lattice_2d,gaussian,1.311095,0.889541,1.473901,0.57602762,0.26657902,2.314918,0.573982,7.785765,False,-0.10688649,500000,verlet,5000
OSC-000047,24,lattice_2d,uniform,3.74915,1.322782,2.834292,0.80249034,0.20245199,0.326773,0.807448,7.809083,False,-0.09497069,50000,rk4,1000
OSC-000048,96,small_world,uniform,0.686283,1.619669,0.423718,0.07123071,0.99130668,93.50574,0.155669,7.875622,False,0.02338951,100000,rk4,1000
OSC-000049,24,scale_free,uniform,3.461129,1.562525,2.215088,0.73494916,0.77909411,0.526056,0.717384,7.794415,False,-0.09088624,10000,euler,5000
OSC-000050,32,small_world,lorentzian,1.04553,1.610217,0.64931,0.17854363,0.20774514,26.406687,0.249431,7.990268,False,0.02863702,100000,symplectic_4th,1000
OSC-000051,24,random_erdos_renyi,lorentzian,1.686036,1.529677,1.102217,0.29647933,0.33522272,5.849544,0.238809,7.895726,False,-0.07918746,500000,verlet,5000
OSC-000052,64,scale_free,uniform,3.694923,1.55776,2.371945,0.75759993,1.29988519,0.372422,0.711894,7.934909,False,-0.10310916,500000,euler,10000
OSC-000053,128,random_erdos_renyi,gaussian,3.103892,1.597998,1.942363,0.69542212,2.92462101,0.753229,0.734349,8.00347,False,-0.08454978,50000,euler,1000
OSC-000054,32,all_to_all,bimodal,1.038922,0.63662,1.631934,0.62724321,0.41105317,2.336659,0.664616,7.734928,False,-0.11877006,10000,verlet,1000
OSC-000055,16,all_to_all,gaussian,3.313172,0.63662,5.204318,0.90731135,0.02857267,0.232355,0.921538,7.724115,False,-0.0747025,500000,verlet,10000
OSC-000056,8,random_erdos_renyi,lorentzian,4.188837,1.019661,4.108067,0.86772644,0.12923904,0.347351,0.844799,7.824358,False,-0.09765224,50000,euler,10000
OSC-000057,24,random_erdos_renyi,bimodal,3.755931,1.793872,2.093757,0.72331185,0.07299313,0.435945,0.654049,7.787948,False,-0.09585186,50000,symplectic_4th,10000
OSC-000058,64,lattice_2d,gaussian,4.674248,1.103105,4.237355,0.87335772,1.30174038,0.206557,0.969863,7.82618,False,-0.12413847,100000,euler,10000
OSC-000059,32,scale_free,lorentzian,1.864042,1.722372,1.082253,0.2671172,0.55904716,6.61982,0.267134,7.826102,False,-0.09645856,50000,verlet,1000
OSC-000060,48,ring,gaussian,4.29303,0.1309,32.796334,0.98994948,0.60121352,0.209971,0.952616,7.709691,False,-0.10843519,50000,rk4,1000
OSC-000061,128,small_world,gaussian,2.952563,1.685105,1.752154,0.6564819,1.52921047,0.964323,0.698812,7.885159,False,-0.07167802,100000,symplectic_4th,1000
OSC-000062,128,lattice_2d,uniform,3.016633,1.25903,2.395997,0.76241506,3.25056741,0.529864,0.753093,7.991185,False,-0.08818239,100000,symplectic_4th,5000
OSC-000063,16,ring,uniform,3.206047,0.392699,8.164131,0.93563164,0.12058944,0.267506,0.928939,7.74833,False,-0.1070577,50000,euler,1000
OSC-000064,96,scale_free,uniform,2.03218,1.543306,1.316771,0.49213837,1.22876481,2.035161,0.477813,7.816199,False,-0.10679805,500000,euler,1000
OSC-000065,128,random_erdos_renyi,gaussian,2.490519,1.574881,1.581402,0.60566812,0.58883618,0.958649,0.551347,7.830909,False,-0.09229034,500000,verlet,10000
OSC-000066,16,all_to_all,bimodal,2.175349,0.63662,3.41703,0.83849318,0.27471617,0.627293,0.832336,7.729897,False,-0.04419157,500000,euler,5000
OSC-000067,8,ring,gaussian,3.45826,0.785398,4.403194,0.88550185,0.18729387,0.513504,0.927614,7.836083,False,-0.07216656,50000,verlet,1000
OSC-000068,64,lattice_2d,uniform,1.726196,1.385051,1.246305,0.44720866,0.61230482,2.778953,0.367429,7.782091,False,-0.12663436,50000,rk4,5000
OSC-000069,8,small_world,gaussian,0.394539,1.373512,0.287249,0.16645047,0.19766467,7.761436,0.221872,7.864946,False,0.04749251,100000,verlet,1000
OSC-000070,8,small_world,bimodal,4.885399,1.534668,3.183359,0.83504429,0.13645042,0.348553,0.876278,7.738533,False,-0.09083211,500000,rk4,1000
OSC-000071,32,random_erdos_renyi,lorentzian,1.734491,1.825714,0.950034,0.08099663,0.43610955,28.594606,0.119218,7.778166,False,0.03960312,100000,rk4,10000
OSC-000072,48,scale_free,uniform,1.205355,2.187533,0.551011,0.12112238,0.21853984,56.039047,0.173754,7.952874,False,0.02014577,50000,symplectic_4th,1000
OSC-000073,24,scale_free,lorentzian,4.557703,1.441375,3.162053,0.82445308,0.50356359,0.334523,0.850761,7.656582,False,-0.10922042,50000,verlet,10000
OSC-000074,24,scale_free,gaussian,0.874435,1.284957,0.680517,0.2189261,0.50967411,26.448074,0.212839,7.767375,False,0.05598172,10000,verlet,5000
OSC-000075,96,small_world,bimodal,3.753488,1.357673,2.764648,0.80019579,0.27007244,0.411457,0.771565,7.850191,False,-0.09017527,10000,verlet,10000
OSC-000076,32,random_erdos_renyi,gaussian,0.48943,1.508252,0.324501,0.04035188,0.35199153,28.625882,0.072294,7.737427,False,0.04247579,500000,symplectic_4th,5000
OSC-000077,24,ring,gaussian,1.208738,0.261799,4.617039,0.88300312,0.29063819,1.188078,0.992275,7.719398,False,-0.09488035,50000,euler,1000
OSC-000078,24,scale_free,bimodal,3.470527,1.940901,1.788101,0.66960376,0.13266313,0.494091,0.707639,7.684764,False,-0.12340029,100000,symplectic_4th,10000
OSC-000079,8,random_erdos_renyi,uniform,0.307838,0.963803,0.319399,0.19827891,0.17671531,7.949385,0.133685,7.929417,False,0.02746782,10000,euler,5000
OSC-000080,128,scale_free,lorentzian,3.891017,1.371799,2.836434,0.80440074,2.0328941,0.333609,0.912172,7.750302,False,-0.14022387,500000,symplectic_4th,1000
OSC-000081,16,ring,gaussian,2.026027,0.392699,5.159235,0.89737109,0.19217872,0.404439,0.927936,7.994166,False,-0.12520641,10000,verlet,5000
OSC-000082,24,lattice_2d,uniform,3.206955,1.894572,1.692707,0.64317529,0.56344271,0.836263,0.62349,7.560962,False,-0.10899809,500000,rk4,1000
OSC-000083,64,random_erdos_renyi,gaussian,0.894408,1.385349,0.645619,0.1316033,1.50425827,74.419092,0.145199,7.798336,False,-0.00054261,100000,euler,1000
OSC-000084,24,ring,uniform,3.150546,0.261799,12.034198,0.95746237,0.50583535,0.421988,0.908085,8.036894,False,-0.09850426,50000,euler,10000
OSC-000085,128,scale_free,bimodal,0.132208,1.120035,0.118039,0.04280456,2.0428637,114.058636,0,7.696067,False,0.05336337,10000,verlet,1000
OSC-000086,24,all_to_all,lorentzian,1.722444,0.63662,2.705609,0.79649388,0.33818351,0.937696,0.826131,7.827666,False,-0.10630485,50000,symplectic_4th,10000
OSC-000087,64,all_to_all,uniform,3.865709,0.63662,6.072241,0.91754771,0.03651002,0.500228,0.953559,7.677601,False,-0.09594551,500000,euler,1000
OSC-000088,48,small_world,bimodal,2.670766,1.408433,1.896268,0.68616815,0.14265645,0.911047,0.73745,7.626537,False,-0.14277962,500000,verlet,5000
OSC-000089,64,small_world,lorentzian,2.532345,1.871422,1.353166,0.5093483,0.54204789,1.374129,0.546301,7.636187,False,-0.09820471,50000,rk4,1000
OSC-000090,8,scale_free,uniform,3.713595,1.747077,2.125605,0.73028805,0.18662995,0.47971,0.738085,7.723866,False,-0.07064833,50000,rk4,10000
OSC-000091,32,lattice_2d,lorentzian,1.571392,1.496879,1.049778,0.21908148,0.19949982,11.77986,0.253069,7.889051,True,-0.12060541,10000,euler,1000
OSC-000092,64,small_world,bimodal,4.589199,1.736501,2.642786,0.78947694,0.24156343,0.20979,0.797625,7.926631,False,-0.11557138,100000,symplectic_4th,5000
OSC-000093,8,random_erdos_renyi,lorentzian,2.820368,1.08533,2.598626,0.7801096,0.18427436,0.588454,0.725422,8.02396,False,-0.09789967,50000,verlet,1000
OSC-000094,64,scale_free,gaussian,2.89781,1.393517,2.079494,0.7179108,1.19044816,0.770415,0.65518,7.805894,False,-0.11669855,10000,verlet,5000
OSC-000095,16,scale_free,gaussian,1.582881,1.10967,1.426442,0.55355878,0.06198339,2.059751,0.543846,7.849618,False,-0.09738616,10000,symplectic_4th,10000
OSC-000096,24,ring,lorentzian,4.62582,0.261799,17.669331,0.97300914,0.20781935,0.10758,0.977451,7.775097,False,-0.07425269,50000,euler,10000
OSC-000097,8,scale_free,bimodal,3.597019,1.097934,3.276171,0.83289059,0.07898399,0.537411,0.801456,7.794589,False,-0.10476691,500000,rk4,1000
OSC-000098,48,all_to_all,lorentzian,3.230369,0.63662,5.074252,0.89654388,0.79099392,0.355986,0.956563,7.85128,False,-0.12952197,100000,euler,1000
OSC-000099,48,all_to_all,uniform,4.79566,0.63662,7.533006,0.93001445,0.39836409,0.118083,0.913345,7.798404,False,-0.05250537,100000,euler,1000
OSC-000100,16,small_world,lorentzian,0.242064,1.406328,0.172125,0.02034438,0.20227006,15.412108,0.004551,7.858345,False,0.02569343,500000,verlet,5000
OSC-000101,64,ring,uniform,4.871041,0.098175,49.616019,0.9923238,0.66585088,0.097189,1.0,7.964862,False,-0.08032272,500000,verlet,10000
OSC-000102,128,scale_free,gaussian,4.742497,1.336983,3.547163,0.84972623,3.41702945,0.287975,0.897189,7.92078,False,-0.05920731,100000,verlet,5000
OSC-000103,128,all_to_all,uniform,2.429138,0.63662,3.815682,0.85785482,2.42410137,0.636368,0.932953,7.788637,False,-0.10637038,10000,symplectic_4th,10000
OSC-000104,16,small_world,uniform,2.064001,1.597499,1.29202,0.46946361,0.03068932,2.170696,0.340535,7.749876,False,-0.11360381,500000,symplectic_4th,10000
OSC-000105,64,random_erdos_renyi,gaussian,0.948119,1.682615,0.563479,0.099199,0.27846043,58.222904,0.006716,7.93138,False,0.06772299,100000,rk4,5000
OSC-000106,24,small_world,bimodal,4.088927,1.630403,2.507924,0.77624176,0.27131831,0.308377,0.702828,7.835265,False,-0.06894322,10000,euler,10000
OSC-000107,24,scale_free,lorentzian,2.010915,1.797832,1.118522,0.32314272,0.16551074,4.446231,0.283492,7.630109,False,-0.11889718,100000,symplectic_4th,10000
OSC-000108,64,all_to_all,uniform,3.096305,0.63662,4.863664,0.88644846,0.55874607,0.426466,0.872094,8.043206,False,-0.13054242,10000,verlet,1000
OSC-000109,48,all_to_all,gaussian,2.215406,0.63662,3.479952,0.84076737,0.11908268,0.60513,0.791197,7.766747,False,-0.09454353,50000,symplectic_4th,1000
OSC-000110,32,random_erdos_renyi,bimodal,2.144454,1.656918,1.294243,0.47402616,0.16446435,2.207051,0.479409,7.84084,False,-0.10664641,500000,symplectic_4th,1000
OSC-000111,16,ring,bimodal,4.314749,0.392699,10.987417,0.951169,0.3535797,0.158735,1.0,7.770755,False,-0.12015494,500000,symplectic_4th,5000
OSC-000112,32,ring,bimodal,3.062409,0.19635,15.596721,0.9684608,0.22699966,0.256587,0.973368,7.947626,False,-0.12129702,100000,rk4,1000
OSC-000113,128,lattice_2d,lorentzian,0.654505,1.700381,0.384917,0.13445894,1.50695419,154.033034,0.197589,8.115342,False,0.04409095,100000,symplectic_4th,10000
OSC-000114,16,random_erdos_renyi,uniform,3.352311,1.512685,2.216133,0.74783965,0.04127553,0.408215,0.684,7.797903,False,-0.13279849,10000,symplectic_4th,5000
OSC-000115,128,random_erdos_renyi,lorentzian,2.162979,1.076921,2.008484,0.71166499,0.71856648,0.90582,0.72467,7.977213,False,-0.11550278,100000,rk4,10000
OSC-000116,128,random_erdos_renyi,gaussian,1.529591,1.106687,1.382134,0.52467306,1.25614549,2.286531,0.498752,7.834979,False,-0.06900152,100000,euler,10000
OSC-000117,48,small_world,lorentzian,0.169595,1.743812,0.097255,0.06834141,0.67177281,43.392927,0.052737,7.65848,False,0.06194917,100000,euler,5000
OSC-000118,24,random_erdos_renyi,uniform,0.810844,1.430602,0.566785,0.07154325,0.36708294,22.880005,0,7.838089,False,0.05188174,500000,euler,1000
OSC-000119,64,all_to_all,lorentzian,3.801871,0.63662,5.971965,0.91061434,0.92917679,0.355275,0.876553,7.880319,False,-0.10080823,50000,symplectic_4th,10000
OSC-000120,96,scale_free,lorentzian,0.811234,0.998859,0.812161,0.01081386,0.85206195,114.803822,0,7.719031,False,0.00397185,10000,rk4,10000
OSC-000121,64,scale_free,lorentzian,0.581556,1.379654,0.421523,0.0848285,0.27946724,53.483449,0.096881,7.665463,False,0.04737653,50000,verlet,10000
OSC-000122,24,small_world,uniform,3.396729,1.10203,3.082247,0.82223636,0.20756512,0.472187,0.835728,7.763635,False,-0.09530998,100000,verlet,1000
OSC-000123,8,all_to_all,uniform,0.378721,0.63662,0.594894,0.62175299,0.01450147,8.44785,0.687919,8.011462,False,0.08485734,10000,euler,5000
OSC-000124,24,all_to_all,gaussian,1.341345,0.63662,2.10698,0.71546429,0.35605978,1.253575,0.628846,7.812586,False,-0.07918312,100000,verlet,1000
OSC-000125,16,small_world,uniform,0.394287,1.300095,0.303276,0.15101184,0.28061135,15.309127,0.096851,7.872436,False,0.07473933,50000,symplectic_4th,1000
OSC-000126,24,random_erdos_renyi,bimodal,1.170094,1.321335,0.885539,0.27992907,0.17528213,23.516569,0.257131,7.946737,False,0.06151422,100000,symplectic_4th,1000
OSC-000127,128,ring,uniform,4.671179,0.049087,95.160482,0.9940205,0.41397668,0.148965,0.89092,7.72263,False,-0.11088048,500000,symplectic_4th,5000
OSC-000128,96,lattice_2d,uniform,4.775361,1.476353,3.234567,0.83112616,1.41616619,0.197801,0.724488,7.734115,False,-0.11913458,500000,rk4,10000
OSC-000129,16,small_world,lorentzian,0.494238,1.851787,0.266898,0.41277275,0.22846696,14.805102,0.387811,7.925474,False,0.05481728,50000,verlet,10000
OSC-000130,96,all_to_all,lorentzian,2.483867,0.63662,3.90165,0.86402504,0.27950542,0.548441,0.876543,8.161079,False,-0.08935689,50000,symplectic_4th,5000
OSC-000131,16,random_erdos_renyi,lorentzian,4.077713,0.723345,5.637303,0.90700431,0.18847374,0.293439,0.882855,7.906867,False,-0.10369455,50000,symplectic_4th,10000
OSC-000132,24,lattice_2d,gaussian,4.631597,1.199106,3.862543,0.86306915,0.27045502,0.226351,0.81662,7.856648,False,-0.10301697,50000,rk4,1000
OSC-000133,8,small_world,uniform,2.996108,1.323366,2.264005,0.74837405,0.0956755,0.551089,0.658797,7.833216,False,-0.09335714,500000,verlet,10000
OSC-000134,96,small_world,uniform,4.881681,2.032751,2.401515,0.76294912,0.72028439,0.441509,0.686961,7.841972,False,-0.12671307,100000,rk4,1000
OSC-000135,48,ring,bimodal,0.923449,0.1309,7.054632,0.9252312,0.69022591,1.251302,0.991218,7.948376,False,-0.07369363,500000,euler,1000
OSC-000136,128,all_to_all,uniform,0.135398,0.63662,0.212682,0.12380179,0.38257599,110.609378,0.101112,7.768384,False,0.0167549,500000,euler,1000
OSC-000137,24,lattice_2d,lorentzian,4.696639,1.194063,3.933325,0.86296703,0.18893136,0.266967,0.888029,7.936518,False,-0.07326345,100000,verlet,5000
OSC-000138,8,random_erdos_renyi,gaussian,1.040324,1.370521,0.759072,0.96651903,0.06154801,5.660843,0.898802,7.948614,False,0.04802526,500000,euler,5000
OSC-000139,8,ring,uniform,4.003404,0.785398,5.097292,0.88919729,0.11326982,0.248306,0.894183,7.81572,False,-0.10520595,100000,verlet,1000
OSC-000140,96,small_world,lorentzian,2.320423,1.031905,2.248678,0.74230744,1.20971418,0.790134,0.713784,7.816357,False,-0.07634331,10000,euler,10000
OSC-000141,128,random_erdos_renyi,lorentzian,2.153425,1.565534,1.375521,0.52242753,1.45673318,1.678581,0.546392,7.840237,False,-0.08542846,500000,euler,5000
OSC-000142,32,all_to_all,bimodal,2.966952,0.63662,4.660477,0.88980942,0.43464679,0.456222,0.956828,7.872238,False,-0.08260157,500000,euler,10000
OSC-000143,64,small_world,gaussian,2.886463,1.460625,1.976184,0.70338075,0.58063738,0.744098,0.652554,7.852364,False,-0.09908507,100000,euler,10000
OSC-000144,24,random_erdos_renyi,gaussian,0.523724,1.289048,0.406288,0.14732641,0.02231523,30.421234,0.145504,7.872056,False,0.03617483,500000,euler,1000
OSC-000145,64,scale_free,gaussian,0.829952,1.812334,0.457946,0.10517377,0.58222433,63.423069,0.11936,7.826449,False,0.01636156,10000,symplectic_4th,10000
OSC-000146,96,scale_free,uniform,2.316963,1.59411,1.453452,0.55870963,2.18537926,1.52627,0.565035,7.880745,False,-0.10330227,100000,euler,10000
OSC-000147,16,all_to_all,bimodal,3.378274,0.63662,5.306581,0.90378108,0.3108749,0.24377,0.875455,7.940417,False,-0.10329586,50000,symplectic_4th,1000
OSC-000148,64,lattice_2d,bimodal,3.173795,1.495524,2.122196,0.72705431,0.09500668,0.693726,0.685902,7.813806,False,-0.09943838,50000,rk4,10000
OSC-000149,64,lattice_2d,uniform,2.622209,1.035801,2.531576,0.77981869,0.31376461,0.71956,0.79546,7.801791,False,-0.09875205,100000,euler,10000
OSC-000150,16,random_erdos_renyi,gaussian,2.744206,1.674794,1.638533,0.62770854,0.00493427,0.794718,0.629157,7.627587,False,-0.10976814,50000,verlet,5000
OSC-000151,48,random_erdos_renyi,bimodal,1.458012,1.020038,1.429371,0.55052864,0.65127238,2.110418,0.555814,7.942822,False,-0.07807592,100000,symplectic_4th,10000
OSC-000152,64,lattice_2d,uniform,0.527813,1.735197,0.30418,0.24022548,0.32936852,69.094818,0.25955,7.819624,False,0.05497512,50000,symplectic_4th,1000
OSC-000153,32,random_erdos_renyi,uniform,1.53653,1.625765,0.945112,0.21672359,0.24407526,35.987428,0.250755,7.695,False,0.05993964,100000,euler,1000
OSC-000154,8,ring,lorentzian,2.117289,0.785398,2.695817,0.78751897,0.1762522,0.683335,0.847032,7.767058,False,-0.1362932,500000,symplectic_4th,5000
OSC-000155,24,small_world,gaussian,1.922321,1.552549,1.238171,0.43574594,0.12988663,2.820903,0.460132,7.895677,False,-0.07327406,50000,verlet,1000
OSC-000156,24,lattice_2d,gaussian,0.890148,1.386839,0.641854,0.48278012,0.75271853,19.381139,0.458446,7.783713,False,0.05989889,10000,verlet,5000
OSC-000157,24,small_world,bimodal,1.577643,1.326857,1.189008,0.39809808,0.45448075,3.785749,0.370071,7.830205,False,-0.11696517,10000,verlet,10000
OSC-000158,48,scale_free,lorentzian,4.851067,1.568689,3.092435,0.82281702,1.05652604,0.2143,0.745118,7.799618,False,-0.14479863,100000,rk4,10000
OSC-000159,128,all_to_all,gaussian,3.422241,0.63662,5.375643,0.90250009,1.47221062,0.305521,0.878753,7.774469,False,-0.08611812,50000,euler,5000
OSC-000160,32,all_to_all,uniform,2.73822,0.63662,4.301186,0.87110511,0.48045954,0.575727,0.90235,7.859907,False,-0.08356466,10000,verlet,5000
OSC-000161,24,lattice_2d,bimodal,1.494787,1.302118,1.147966,0.36189872,0.15319816,5.155667,0.376971,7.79959,True,-0.10300671,500000,symplectic_4th,5000
OSC-000162,24,lattice_2d,bimodal,3.670167,1.177983,3.115637,0.81738152,0.47410261,0.354177,0.801308,7.732013,False,-0.04360735,100000,rk4,10000
OSC-000163,96,all_to_all,uniform,2.106357,0.63662,3.308658,0.83713586,0.45119448,0.527976,0.810099,7.831788,False,-0.1108479,50000,symplectic_4th,5000
OSC-000164,128,all_to_all,lorentzian,4.189467,0.63662,6.5808,0.92014039,2.82542833,0.25796,0.922795,7.908059,False,-0.09975998,500000,rk4,10000
OSC-000165,48,scale_free,gaussian,1.299276,1.042812,1.245935,0.44451044,0.76302008,3.807771,0.46308,7.828677,False,-0.10073498,500000,verlet,10000
OSC-000166,128,lattice_2d,uniform,1.928691,1.104417,1.746343,0.65370353,1.04054334,1.190741,0.719594,7.897518,False,-0.08233217,50000,verlet,1000
OSC-000167,8,small_world,lorentzian,1.844323,0.921228,2.002027,0.71501857,0.05565136,1.190688,0.770328,7.783214,False,-0.09868767,10000,euler,10000
OSC-000168,64,small_world,lorentzian,1.430149,1.310137,1.091603,0.28892022,0.064851,7.600679,0.278932,7.863609,False,-0.09147695,100000,verlet,5000
OSC-000169,96,small_world,gaussian,1.183456,1.639072,0.722028,0.03548551,1.73248757,133.915277,0,7.706616,False,0.02567009,10000,symplectic_4th,5000
OSC-000170,16,all_to_all,gaussian,4.624708,0.63662,7.264474,0.92763571,0.02288502,0.261209,0.867756,7.970098,False,-0.07923512,100000,euler,10000
OSC-000171,48,all_to_all,uniform,1.189553,0.63662,1.868546,0.67929229,0.64543043,1.733008,0.683087,7.881195,False,-0.0944682,10000,rk4,1000
OSC-000172,128,scale_free,uniform,1.06212,1.588605,0.668587,0.12704944,1.66454961,103.989773,0.095959,7.854968,False,0.0467658,100000,rk4,1000
OSC-000173,16,random_erdos_renyi,gaussian,3.385943,1.329175,2.547402,0.7776392,0.24823201,0.494101,0.776677,7.749417,False,-0.11634585,50000,rk4,1000
OSC-000174,8,random_erdos_renyi,gaussian,3.607477,1.365705,2.641475,0.79253664,0.06906403,0.44433,0.787881,7.794957,False,-0.14488813,500000,verlet,10000
OSC-000175,24,scale_free,uniform,1.960114,1.618227,1.211272,0.42110535,0.27838926,2.911881,0.530756,8.018126,False,-0.09310296,50000,symplectic_4th,5000
OSC-000176,48,random_erdos_renyi,uniform,0.503015,1.601671,0.314056,0.14215887,0.49868526,32.898295,0.163971,7.756096,False,0.01460141,50000,symplectic_4th,5000
OSC-000177,96,ring,uniform,4.484298,0.06545,68.515023,0.99423785,1.18890578,0.215,1.0,7.761502,False,-0.12653949,500000,symplectic_4th,10000
OSC-000178,16,all_to_all,gaussian,2.034576,0.63662,3.195905,0.82425013,0.25490518,0.698887,0.718819,7.876477,False,-0.08340852,50000,verlet,1000
OSC-000179,96,all_to_all,gaussian,4.206735,0.63662,6.607923,0.92097502,0.19369851,0.249293,0.856671,7.804607,False,-0.06506011,500000,verlet,5000
OSC-000180,96,scale_free,lorentzian,0.698731,1.69856,0.411367,0.08982218,0.26606229,96.930853,0.10131,7.821303,False,0.04711484,500000,rk4,1000
OSC-000181,96,random_erdos_renyi,lorentzian,0.84841,0.936608,0.905832,0.03309632,0.66034013,124.411872,0.071689,7.849548,False,0.01473377,50000,verlet,10000
OSC-000182,128,scale_free,lorentzian,2.748592,0.973008,2.824839,0.80289146,3.44168513,0.578869,0.905704,7.817986,False,-0.08397388,500000,symplectic_4th,5000
OSC-000183,8,all_to_all,gaussian,2.827666,0.63662,4.441688,0.88552461,0.12345046,0.388978,0.869674,7.718107,False,-0.07894588,500000,rk4,10000
OSC-000184,128,lattice_2d,bimodal,2.431964,1.855905,1.310393,0.48797424,0.07387223,1.61564,0.52482,7.966219,False,-0.1050427,100000,verlet,5000
OSC-000185,8,all_to_all,uniform,0.728171,0.63662,1.143808,0.34597861,0.18843021,9.700206,0.303127,7.76086,False,-0.1138547,500000,verlet,5000
OSC-000186,96,small_world,uniform,3.275606,1.380236,2.373222,0.75937218,0.80217597,0.404204,0.798456,7.864119,False,-0.10208724,100000,rk4,5000
OSC-000187,96,random_erdos_renyi,bimodal,1.406433,1.551023,0.906777,0.04526879,0.24543371,114.627135,0.040918,7.729387,False,0.06658292,500000,rk4,10000
OSC-000188,32,small_world,bimodal,1.763743,0.98959,1.782296,0.66241034,0.09168305,1.212496,0.608475,7.875884,False,-0.07980051,50000,verlet,5000
OSC-000189,8,small_world,bimodal,4.042555,1.067929,3.785416,0.84518347,0.06202315,0.308573,0.780835,7.763031,False,-0.10872178,500000,symplectic_4th,1000
OSC-000190,64,all_to_all,lorentzian,2.572734,0.63662,4.041241,0.86635898,1.53846569,0.473749,0.914034,7.829043,False,-0.07592807,50000,rk4,10000
OSC-000191,24,random_erdos_renyi,bimodal,3.736819,1.677065,2.22819,0.75259578,0.31272967,0.531152,0.68502,7.801817,False,-0.09744388,10000,euler,5000
OSC-000192,128,ring,gaussian,0.837316,0.049087,17.057662,0.9683733,0.85232438,1.175153,0.928133,7.864593,False,-0.096475,50000,symplectic_4th,5000
OSC-000193,48,lattice_2d,gaussian,1.356589,1.404127,0.966144,0.11848465,0.18903635,52.738368,0.139848,7.835196,True,0.08746398,500000,symplectic_4th,10000
OSC-000194,96,scale_free,uniform,0.242795,1.571129,0.154535,0.07777176,1.15104632,80.989269,0.009499,7.784963,False,0.08090219,10000,rk4,1000
OSC-000195,64,random_erdos_renyi,lorentzian,4.349142,1.625971,2.674797,0.79336309,0.25733431,0.270161,0.848735,8.031953,False,-0.07425818,50000,euler,1000
OSC-000196,16,random_erdos_renyi,lorentzian,3.039124,1.369552,2.219065,0.74123651,0.18014646,0.509589,0.781665,7.6879,False,-0.08865276,500000,euler,1000
OSC-000197,16,ring,gaussian,4.852625,0.392699,12.357108,0.95093325,0.04618393,0.252153,0.901816,7.768107,False,-0.13440503,100000,symplectic_4th,5000
OSC-000198,32,small_world,gaussian,1.87869,2.017992,0.93097,0.07022213,0.26016527,48.556101,0.08745,7.678951,False,0.02631816,10000,euler,5000
OSC-000199,96,small_world,lorentzian,2.721062,1.874281,1.45179,0.55607467,1.0486754,1.274848,0.683154,7.842572,False,-0.05983693,100000,rk4,1000
OSC-000200,48,ring,gaussian,4.587865,0.1309,35.048706,0.9827913,0.18978582,0.072718,0.988152,7.72845,False,-0.0607738,500000,symplectic_4th,10000
OSC-000201,96,small_world,bimodal,4.39613,1.627187,2.701674,0.79526301,0.65904899,0.322056,0.738939,7.748924,False,-0.07822055,100000,symplectic_4th,10000
OSC-000202,8,all_to_all,gaussian,3.187766,0.63662,5.007331,0.89556576,0.03815684,0.276288,0.936676,7.813853,False,-0.09236982,50000,euler,10000
OSC-000203,24,random_erdos_renyi,bimodal,2.443991,1.569671,1.557008,0.59466228,0.22264686,1.053429,0.558816,7.657019,False,-0.09592422,500000,verlet,1000
OSC-000204,96,scale_free,gaussian,0.2016,1.309927,0.153901,0.12915847,1.13656416,85.45027,0.105842,7.924454,False,0.06181881,100000,euler,1000
OSC-000205,96,random_erdos_renyi,bimodal,4.794361,1.362252,3.519438,0.8454028,1.55774172,0.403986,0.906245,7.84082,False,-0.09328541,500000,rk4,1000
OSC-000206,32,ring,lorentzian,1.511014,0.19635,7.695529,0.92473792,0.15109334,0.756843,0.966676,7.723724,False,-0.08369461,50000,symplectic_4th,1000
OSC-000207,96,ring,uniform,1.521946,0.06545,23.253615,0.97821156,0.86139371,0.820189,1.0,7.777169,False,-0.10888682,10000,symplectic_4th,1000
OSC-000208,64,lattice_2d,bimodal,3.465577,1.195808,2.898106,0.80839175,0.33829737,0.431931,0.770066,7.858747,False,-0.0960779,100000,euler,5000
OSC-000209,64,random_erdos_renyi,uniform,1.966595,1.855339,1.059965,0.23795013,1.58514557,8.226037,0.309108,7.985887,False,-0.08784179,50000,symplectic_4th,5000
OSC-000210,128,ring,uniform,1.654855,0.049087,33.712433,0.98534106,0.58503382,0.608394,0.996498,7.850136,False,-0.07186353,100000,verlet,5000
OSC-000211,48,small_world,lorentzian,2.633166,1.937558,1.359013,0.51238224,0.59318508,1.407636,0.454449,7.951152,False,-0.10786439,500000,rk4,1000
OSC-000212,24,all_to_all,gaussian,0.997392,0.63662,1.5667,0.59903081,0.26665819,2.648461,0.604122,7.92243,False,-0.11430669,500000,verlet,10000
OSC-000213,128,scale_free,bimodal,0.825463,1.863888,0.442872,0.09155664,0.77388285,142.005303,0.071367,8.015473,False,0.0499852,50000,rk4,10000
OSC-000214,24,scale_free,uniform,1.306171,0.942099,1.386449,0.52613458,0.24126798,2.63448,0.562135,7.880659,False,-0.10119373,100000,rk4,5000
OSC-000215,24,all_to_all,uniform,2.355143,0.63662,3.699449,0.85299279,0.02477691,0.523707,0.8244,7.781155,False,-0.11497547,10000,symplectic_4th,5000
OSC-000216,24,ring,uniform,4.027634,0.261799,15.384429,0.96545213,0.6601831,0.25994,0.902563,7.794722,False,-0.10528313,100000,euler,1000
OSC-000217,96,all_to_all,uniform,4.276495,0.63662,6.717502,0.92441605,2.38572977,0.23759,1.0,7.801257,False,-0.10835272,500000,symplectic_4th,10000
OSC-000218,48,lattice_2d,gaussian,1.900538,1.414659,1.343461,0.50662702,0.64146982,2.119865,0.476468,7.881131,False,-0.10702535,500000,verlet,10000
OSC-000219,24,scale_free,bimodal,0.555443,1.423092,0.390307,0.54746716,0.18591497,20.908639,0.482829,7.77767,False,0.00499402,10000,verlet,5000
OSC-000220,96,all_to_all,bimodal,1.571927,0.63662,2.469177,0.77445127,0.81538859,1.034306,0.810379,7.71348,False,-0.08862553,10000,rk4,10000
OSC-000221,16,random_erdos_renyi,bimodal,3.629519,1.213481,2.990999,0.81878699,0.21766952,0.325678,0.745305,7.742377,False,-0.06731956,500000,euler,1000
OSC-000222,96,all_to_all,uniform,2.139633,0.63662,3.360927,0.83847283,0.72437225,0.577665,0.824837,7.66393,False,-0.1345436,100000,euler,1000
OSC-000223,24,all_to_all,lorentzian,4.370917,0.63662,6.865821,0.92660471,0.47294391,0.343668,0.951494,7.83183,False,-0.08924609,500000,symplectic_4th,5000
OSC-000224,64,lattice_2d,bimodal,4.04274,1.801151,2.244531,0.7457771,0.82042677,0.511,0.831482,7.808519,False,-0.1121805,10000,euler,5000
OSC-000225,24,lattice_2d,gaussian,3.971057,1.113001,3.567881,0.85061215,0.31367138,0.427519,0.795426,7.85582,False,-0.08805826,50000,symplectic_4th,5000
OSC-000226,128,all_to_all,bimodal,2.967609,0.63662,4.661509,0.88641711,1.78017964,0.550968,0.894544,7.802052,False,-0.07181595,500000,symplectic_4th,5000
OSC-000227,48,all_to_all,bimodal,2.058434,0.63662,3.23338,0.83130079,0.28815667,0.684954,0.930957,7.744167,False,-0.09021315,10000,rk4,5000
OSC-000228,64,random_erdos_renyi,uniform,1.412459,1.338939,1.05491,0.22502071,0.43747213,12.076699,0.271822,7.763792,False,-0.11733484,500000,rk4,1000
OSC-000229,48,lattice_2d,gaussian,2.587416,1.183878,2.185544,0.73710597,0.141679,0.627899,0.823485,7.737464,False,-0.10487757,100000,symplectic_4th,5000
OSC-000230,64,scale_free,gaussian,3.147028,1.17075,2.688044,0.79161113,1.6824647,0.477277,0.768812,7.872582,False,-0.0740754,10000,symplectic_4th,5000
OSC-000231,48,ring,gaussian,2.82847,0.1309,21.607915,0.9793077,0.47789946,0.359134,1.0,7.920254,False,-0.06472976,10000,rk4,5000
OSC-000232,96,all_to_all,gaussian,0.691371,0.63662,1.086004,0.28166747,1.69153891,15.393275,0.321168,8.026253,False,-0.08814691,100000,euler,10000
OSC-000233,16,lattice_2d,uniform,2.339965,1.788369,1.308435,0.48313148,0.2022297,1.739958,0.537154,7.914782,False,-0.09026011,10000,rk4,1000
OSC-000234,16,ring,lorentzian,0.869459,0.392699,2.21406,0.72861333,0.11482356,2.158579,0.647465,7.823984,False,-0.07657198,100000,euler,1000
OSC-000235,32,scale_free,bimodal,3.869175,1.752948,2.207238,0.7462611,0.34512838,0.389229,0.753032,7.867341,False,-0.08615658,500000,verlet,10000
OSC-000236,32,ring,bimodal,3.957357,0.19635,20.154654,0.97729752,0.57821094,0.451154,0.924661,7.945024,False,-0.10718165,100000,rk4,5000
OSC-000237,24,all_to_all,uniform,0.515413,0.63662,0.809609,0.22905179,0.86443847,24.876572,0.244343,7.838481,False,0.02066427,50000,rk4,10000
OSC-000238,48,scale_free,bimodal,4.380377,1.851091,2.366376,0.75692788,0.40594893,0.308426,0.704693,7.985486,False,-0.0777624,50000,symplectic_4th,5000
OSC-000239,32,random_erdos_renyi,bimodal,3.517608,1.258319,2.795482,0.80611752,0.04203573,0.385949,0.824835,7.821267,False,-0.09479556,100000,symplectic_4th,10000
OSC-000240,24,random_erdos_renyi,lorentzian,1.630037,1.58114,1.030925,0.17795948,0.05597022,17.098431,0.281947,7.860829,False,-0.11499025,100000,symplectic_4th,10000
OSC-000241,16,lattice_2d,uniform,4.223759,1.442369,2.928349,0.8111221,0.35007048,0.477992,0.87011,7.931808,False,-0.10786365,10000,symplectic_4th,5000
OSC-000242,32,lattice_2d,gaussian,3.945467,1.355281,2.911181,0.81258192,0.21528128,0.238813,0.799132,7.711924,False,-0.09973491,50000,verlet,5000
OSC-000243,16,ring,bimodal,4.159344,0.392699,10.591684,0.95607934,0.20990397,0.282432,0.999554,7.756687,False,-0.11811427,500000,symplectic_4th,5000
OSC-000244,128,lattice_2d,bimodal,4.982908,1.595584,3.122937,0.82288679,1.60515229,0.282444,0.771295,7.891816,False,-0.07972731,500000,symplectic_4th,1000
OSC-000245,16,lattice_2d,gaussian,0.868515,1.425762,0.609158,0.01779144,0.17657745,13.382297,0.089596,7.962778,False,0.06477724,100000,rk4,10000
OSC-000246,24,all_to_all,lorentzian,1.594131,0.63662,2.504054,0.77752073,0.09887872,1.092781,0.804857,7.839711,False,-0.09558864,100000,verlet,1000
OSC-000247,24,lattice_2d,bimodal,0.11022,1.19305,0.092385,0.07297134,0.21358356,29.283557,0.088842,7.789793,False,0.07042217,100000,symplectic_4th,5000
OSC-000248,24,ring,bimodal,3.832226,0.261799,14.638025,0.96408573,0.12170292,0.273299,0.942666,7.73101,False,-0.11974088,500000,euler,5000
OSC-000249,64,random_erdos_renyi,uniform,3.705973,2.10864,1.757518,0.65515016,0.14054428,0.463035,0.637847,7.704402,False,-0.09103315,10000,rk4,1000
OSC-000250,8,random_erdos_renyi,gaussian,3.777737,1.049313,3.600202,0.84847332,0.07974254,0.298019,0.796825,7.907961,False,-0.10375613,50000,euler,10000
OSC-000251,128,all_to_all,lorentzian,2.06881,0.63662,3.249678,0.8354105,1.99044242,0.799439,0.843217,7.659465,False,-0.07981084,100000,symplectic_4th,5000
OSC-000252,16,all_to_all,uniform,2.754718,0.63662,4.327102,0.87616891,0.25912814,0.476545,0.84742,7.973917,False,-0.10892136,10000,verlet,1000
OSC-000253,8,lattice_2d,uniform,0.798057,1.459345,0.546859,0.15393491,0.1283495,7.230379,0.253977,7.753066,False,0.06402429,50000,symplectic_4th,10000
OSC-000254,96,all_to_all,lorentzian,0.397097,0.63662,0.623758,0.024191,0.0023361,100.303568,0,7.840159,False,0.05425207,100000,rk4,1000
OSC-000255,24,small_world,bimodal,2.285313,2.12214,1.076891,0.26994428,0.00742267,5.785949,0.242823,7.771261,False,-0.10305095,50000,symplectic_4th,10000
OSC-000256,128,all_to_all,uniform,4.081954,0.63662,6.411919,0.92110522,0.84883938,0.254778,0.896284,8.039825,False,-0.08333148,100000,verlet,10000
OSC-000257,96,small_world,gaussian,0.322875,1.191605,0.270958,0.06219012,0.87610073,71.349266,0.046501,7.925268,False,0.05785468,100000,symplectic_4th,1000
OSC-000258,64,lattice_2d,lorentzian,3.212332,1.614862,1.98923,0.70907928,0.51193195,0.600864,0.781983,7.800077,False,-0.08761472,100000,rk4,10000
OSC-000259,24,lattice_2d,uniform,0.146935,1.478458,0.099384,0.01193861,0.38130535,29.422653,0,7.720614,False,0.04356899,10000,rk4,10000
OSC-000260,128,lattice_2d,uniform,1.829674,1.576994,1.160229,0.37289335,0.9352768,3.767718,0.397207,7.847408,True,-0.13071118,10000,rk4,5000
OSC-000261,64,ring,bimodal,0.14588,0.098175,1.485923,0.57167322,0.43775871,17.262973,0.500452,7.896137,False,-0.06564141,100000,euler,1000
OSC-000262,128,small_world,uniform,3.564143,1.37513,2.59186,0.78745428,1.49501585,0.518649,0.809155,7.739431,False,-0.08224458,500000,euler,10000
OSC-000263,32,lattice_2d,gaussian,0.420267,1.216087,0.34559,0.04490208,0.40466688,31.49755,0.109735,7.846794,False,0.07410485,100000,euler,10000
OSC-000264,8,lattice_2d,lorentzian,0.109579,1.237751,0.088531,0.66414826,0.02730454,9.057813,0.606524,7.671312,False,0.03292052,500000,verlet,1000
OSC-000265,128,scale_free,lorentzian,2.634559,2.018827,1.304995,0.48615978,1.83179975,1.812321,0.518713,7.744606,False,-0.10352679,500000,euler,5000
OSC-000266,16,random_erdos_renyi,uniform,3.47879,1.714137,2.029471,0.71200375,0.50448328,0.504991,0.726643,7.914435,False,-0.07413331,10000,symplectic_4th,5000
OSC-000267,8,random_erdos_renyi,lorentzian,4.218487,1.661699,2.538659,0.77866192,0.17061172,0.572338,0.754467,7.882685,False,-0.12180837,50000,rk4,10000
OSC-000268,128,all_to_all,bimodal,2.936779,0.63662,4.613082,0.88553744,1.51187044,0.517673,0.894553,7.851122,False,-0.10599541,50000,rk4,5000
OSC-000269,8,small_world,bimodal,2.840364,1.91335,1.484498,0.57556304,0.05816224,1.161361,0.644372,7.924578,False,-0.09713415,10000,symplectic_4th,5000
OSC-000270,128,scale_free,uniform,1.764121,1.903601,0.926728,0.1427632,0.42493271,106.110115,0.155454,7.84646,False,0.05870893,10000,euler,10000
OSC-000271,24,lattice_2d,lorentzian,3.142169,1.288621,2.438396,0.7717354,0.2911819,0.586687,0.796874,7.844289,False,-0.12069078,100000,verlet,10000
OSC-000272,24,ring,bimodal,1.612505,0.261799,6.159314,0.91274839,0.11310663,0.814964,0.979106,7.836745,False,-0.10299207,10000,symplectic_4th,5000
OSC-000273,32,ring,gaussian,3.947793,0.19635,20.105943,0.97372101,0.06152339,0.390433,0.925555,7.563574,False,-0.1145274,100000,verlet,5000
OSC-000274,64,ring,uniform,2.32608,0.098175,23.693259,0.97735425,0.68580859,0.41837,0.978176,7.838448,False,-0.09755925,50000,euler,5000
OSC-000275,64,lattice_2d,bimodal,1.10605,1.713938,0.645327,0.1521111,2.4165365,60.738865,0.166966,7.878596,False,0.05185516,100000,symplectic_4th,1000
OSC-000276,64,all_to_all,uniform,1.075702,0.63662,1.689709,0.63851758,1.0796366,2.222102,0.669374,7.87322,False,-0.11229361,50000,rk4,1000
OSC-000277,48,all_to_all,uniform,4.174084,0.63662,6.556636,0.9233281,1.0116668,0.350075,0.893277,7.857291,False,-0.07860951,100000,verlet,10000
OSC-000278,24,random_erdos_renyi,bimodal,0.807718,1.57965,0.511327,0.05193546,0.6196093,20.080704,0.069398,7.92101,False,0.03095689,50000,rk4,10000
OSC-000279,32,random_erdos_renyi,lorentzian,3.96898,1.788332,2.219375,0.74068201,0.41350876,0.513897,0.643276,7.986491,False,-0.14223392,500000,euler,10000
OSC-000280,16,scale_free,uniform,4.423868,1.647433,2.685309,0.79651804,0.16110611,0.262051,0.765336,7.822562,False,-0.10570278,500000,symplectic_4th,5000
OSC-000281,48,random_erdos_renyi,bimodal,3.226717,1.143823,2.820994,0.80449529,0.19275146,0.534203,0.90681,7.760202,False,-0.09566513,50000,verlet,5000
OSC-000282,96,random_erdos_renyi,gaussian,2.797705,1.766895,1.583402,0.60622051,1.22725678,0.992101,0.56248,7.861802,False,-0.11933545,100000,symplectic_4th,5000
OSC-000283,128,scale_free,bimodal,1.900809,1.331019,1.428086,0.54609364,1.29577898,1.83143,0.554444,7.826106,False,-0.09209232,10000,verlet,10000
OSC-000284,16,small_world,gaussian,0.287579,1.594058,0.180407,0.05575906,0.19252495,18.015231,0.035482,7.904609,False,0.06214774,100000,euler,10000
OSC-000285,24,lattice_2d,lorentzian,0.141816,1.08299,0.130949,0.11606086,0.66474805,25.00884,0.066306,7.720713,False,0.06470252,10000,symplectic_4th,10000
OSC-000286,24,scale_free,gaussian,2.424747,1.572077,1.542384,0.59972164,0.17934374,1.14176,0.603554,7.67006,False,-0.13440083,100000,euler,5000
OSC-000287,96,ring,bimodal,2.304862,0.06545,35.215705,0.98656814,0.09174384,0.409769,0.963408,7.805471,False,-0.0973851,100000,verlet,1000
OSC-000288,96,scale_free,bimodal,3.837924,1.485419,2.583732,0.78229053,0.20570185,0.312642,0.748651,7.883622,False,-0.09779954,100000,symplectic_4th,5000
OSC-000289,32,scale_free,uniform,0.632328,1.310727,0.482426,0.02455545,0.00219903,29.032708,0.042014,7.802826,False,0.07011867,10000,symplectic_4th,1000
OSC-000290,24,ring,uniform,4.565592,0.261799,17.439277,0.97406305,0.11715423,0.276432,0.958494,7.947872,False,-0.11840824,10000,euler,5000
OSC-000291,96,scale_free,gaussian,4.949016,1.580854,3.130596,0.82643106,1.68488814,0.291744,0.776846,7.885909,False,-0.10774514,50000,verlet,5000
OSC-000292,128,ring,lorentzian,2.978711,0.049087,60.681793,0.98904001,1.24975221,0.338234,0.995074,7.8527,False,-0.094319,500000,euler,10000
OSC-000293,64,random_erdos_renyi,bimodal,3.712724,1.119158,3.317426,0.8366104,0.32841301,0.584591,0.761895,7.872086,False,-0.10401063,50000,symplectic_4th,1000
OSC-000294,24,random_erdos_renyi,bimodal,2.343358,1.255199,1.866921,0.68364052,0.15880452,0.819753,0.662743,7.899763,False,-0.10495527,50000,verlet,10000
OSC-000295,48,lattice_2d,uniform,1.164549,1.345976,0.865208,0.21888081,1.01804489,49.226647,0.064055,7.723278,True,0.05836154,100000,symplectic_4th,5000
OSC-000296,24,small_world,gaussian,2.579716,1.565436,1.647922,0.62548973,0.26203517,0.919407,0.547278,7.708503,False,-0.0775112,50000,symplectic_4th,1000
OSC-000297,8,small_world,uniform,3.384448,1.458693,2.320193,0.75061689,0.00675476,0.541374,0.814143,7.902521,False,-0.10486823,500000,verlet,1000
OSC-000298,24,all_to_all,uniform,0.968459,0.63662,1.521252,0.5810938,0.52061297,3.041031,0.617664,7.960032,False,-0.08406024,500000,verlet,1000
OSC-000299,32,lattice_2d,uniform,4.47417,1.516869,2.949608,0.80926078,0.25032663,0.4726,0.830237,7.684122,False,-0.10422237,10000,symplectic_4th,10000
OSC-000300,48,scale_free,uniform,1.949238,1.422712,1.370086,0.51920195,0.58864724,1.936184,0.547263,7.793766,False,-0.09526247,10000,verlet,1000
OSC-000301,16,ring,uniform,4.004928,0.392699,10.198466,0.94982816,0.20697222,0.223028,0.975637,7.919899,False,-0.08611822,50000,euler,10000
OSC-000302,96,scale_free,uniform,1.2388,1.667216,0.743035,0.07097222,1.48379202,123.848647,0.077825,7.898975,False,0.05104047,50000,rk4,10000
OSC-000303,48,lattice_2d,lorentzian,2.114374,2.100874,1.006426,0.081544,0.54213836,42.435898,0.160353,7.820555,True,-0.08841276,50000,verlet,1000
OSC-000304,64,lattice_2d,bimodal,3.421713,0.84464,4.051089,0.8716318,0.46991707,0.316512,0.933424,7.895246,False,-0.11165585,500000,rk4,5000
OSC-000305,8,random_erdos_renyi,bimodal,1.238885,1.1828,1.047417,0.21958189,0.12363488,14.976232,0.227131,7.967595,False,-0.0862998,500000,euler,10000
OSC-000306,16,all_to_all,gaussian,1.935166,0.63662,3.039751,0.81656566,0.13350428,0.819121,0.820495,7.856667,False,-0.07606339,500000,verlet,1000
OSC-000307,48,small_world,uniform,2.652277,1.312511,2.020765,0.71486101,0.3825508,0.735629,0.725492,7.881322,False,-0.11471544,50000,euler,10000
OSC-000308,8,lattice_2d,gaussian,1.189976,1.647129,0.722455,0.51753785,0.14768371,6.606726,0.546121,7.958861,False,0.07137366,50000,rk4,10000
OSC-000309,24,ring,gaussian,0.549621,0.261799,2.099398,0.725528,0.13818655,3.25402,0.758924,7.799494,False,-0.07166189,100000,euler,10000
OSC-000310,32,ring,bimodal,0.964534,0.19635,4.912331,0.89510888,0.32169851,1.367012,0.827782,7.875374,False,-0.1047747,10000,verlet,5000
OSC-000311,96,ring,bimodal,2.262743,0.06545,34.572163,0.98895688,0.60352524,0.447626,0.994956,7.645316,False,-0.0989186,500000,symplectic_4th,1000
OSC-000312,48,random_erdos_renyi,gaussian,2.808975,1.442219,1.947676,0.69881539,0.89943446,0.698293,0.737133,7.724114,False,-0.10871611,100000,euler,10000
OSC-000313,128,ring,gaussian,4.589046,0.049087,93.487287,0.99815213,1.34686551,0.207869,0.950104,7.744406,False,-0.08829601,500000,verlet,5000
OSC-000314,128,small_world,uniform,4.615856,1.429062,3.229991,0.83117386,0.04130359,0.398319,0.849553,7.930566,False,-0.10146032,100000,symplectic_4th,10000
OSC-000315,64,lattice_2d,uniform,3.289441,2.162745,1.520957,0.58890248,0.17492385,0.881015,0.602138,7.884547,False,-0.12604708,10000,euler,5000
OSC-000316,128,lattice_2d,gaussian,4.763713,1.489027,3.199211,0.83150898,1.38968762,0.29122,0.840956,7.687445,False,-0.08254596,10000,euler,5000
OSC-000317,24,scale_free,lorentzian,3.49,1.349317,2.586493,0.77814401,0.238796,0.565505,0.734745,7.81316,False,-0.13325071,10000,rk4,10000
OSC-000318,64,ring,lorentzian,3.768777,0.098175,38.388451,0.98916827,0.36554091,0.166458,1.0,7.832277,False,-0.10102782,10000,symplectic_4th,10000
OSC-000319,96,lattice_2d,lorentzian,1.935792,1.480484,1.30754,0.4837378,0.77840622,2.085431,0.534209,8.051647,False,-0.1349546,50000,euler,1000
OSC-000320,24,ring,lorentzian,4.916441,0.261799,18.779421,0.97529653,0.41902388,0.136544,0.995835,7.804995,False,-0.10533912,10000,symplectic_4th,1000
OSC-000321,48,all_to_all,lorentzian,0.245367,0.63662,0.385421,0.04450757,0.53281506,59.012103,0.044965,7.816209,False,0.04497215,10000,rk4,1000
OSC-000322,8,scale_free,lorentzian,4.667429,2.243886,2.080065,0.71426653,0.09214197,0.323968,0.734908,8.12859,False,-0.14930699,50000,verlet,10000
OSC-000323,96,scale_free,uniform,4.050724,2.102228,1.926872,0.69291812,2.90082805,0.514515,0.615446,7.939906,False,-0.09593466,10000,verlet,10000
OSC-000324,32,small_world,bimodal,3.129923,1.468947,2.130726,0.72630026,0.01457407,0.543303,0.743049,8.080424,False,-0.10435956,100000,rk4,10000
OSC-000325,64,all_to_all,lorentzian,3.421854,0.63662,5.375036,0.90249119,1.37287193,0.345705,0.813822,7.692959,False,-0.06143313,500000,rk4,10000
OSC-000326,96,small_world,gaussian,4.393547,1.356504,3.238874,0.82740995,1.29129791,0.173166,0.884941,7.85326,False,-0.06772076,500000,euler,5000
OSC-000327,16,scale_free,gaussian,1.292444,1.794998,0.720026,0.28792799,0.49736396,15.532304,0.265481,7.854333,False,0.04979689,100000,symplectic_4th,5000
OSC-000328,32,lattice_2d,lorentzian,3.385946,1.128027,3.001652,0.80909631,0.0467562,0.245805,0.770219,7.743409,False,-0.09492158,50000,rk4,10000
OSC-000329,64,scale_free,bimodal,3.304206,1.241084,2.662354,0.79160817,0.98583063,0.415105,0.805671,7.825264,False,-0.08344113,10000,rk4,5000
OSC-000330,32,lattice_2d,uniform,1.635524,1.359487,1.203045,0.41000788,0.06164608,3.607771,0.385116,7.953921,False,-0.09268565,500000,verlet,5000
OSC-000331,24,random_erdos_renyi,gaussian,0.622271,1.776387,0.350302,0.39860412,0.26708738,20.444413,0.482844,7.809617,False,0.06345462,500000,euler,10000
OSC-000332,48,ring,uniform,3.034514,0.1309,23.181976,0.97501378,1.84315261,0.585519,1.0,7.799224,False,-0.12196854,50000,symplectic_4th,5000
OSC-000333,96,all_to_all,lorentzian,0.848241,0.63662,1.332414,0.49866065,0.86317095,4.577642,0.484363,7.809709,False,-0.14512575,50000,symplectic_4th,10000
OSC-000334,96,small_world,gaussian,1.75331,1.877439,0.933884,0.00721785,0.3196009,43.427258,0.009631,7.730514,False,0.03393378,50000,symplectic_4th,1000
OSC-000335,24,small_world,uniform,4.264068,1.457402,2.9258,0.81016913,0.01693068,0.383107,0.833469,7.802372,False,-0.11564221,50000,euler,1000
OSC-000336,32,lattice_2d,uniform,0.599544,1.117102,0.536696,0.26509642,0.45996732,19.658424,0.163406,8.029443,False,0.04479326,10000,rk4,5000
OSC-000337,128,ring,uniform,0.675,0.049087,13.750978,0.96198347,0.12183065,1.563741,0.936042,7.85291,False,-0.10257329,10000,euler,5000
OSC-000338,128,small_world,gaussian,3.298705,1.278421,2.580296,0.78066795,2.66541474,0.533727,0.710324,7.864686,False,-0.13941118,500000,verlet,10000
OSC-000339,128,small_world,uniform,2.49717,1.59083,1.569728,0.60295343,0.53357424,0.987105,0.6675,7.848809,False,-0.11435876,10000,euler,5000
OSC-000340,128,lattice_2d,bimodal,1.56198,1.394267,1.120288,0.32878465,2.08400983,5.582088,0.231803,7.730863,True,-0.1047616,10000,symplectic_4th,10000
OSC-000341,128,all_to_all,uniform,3.79219,0.63662,5.956759,0.91289245,3.08991962,0.463249,0.979785,7.826513,False,-0.10194531,500000,verlet,1000
OSC-000342,8,ring,gaussian,3.297938,0.785398,4.199066,0.8774801,0.11230738,0.397236,0.85646,7.889658,False,-0.08811076,50000,symplectic_4th,10000
OSC-000343,8,ring,lorentzian,0.326215,0.785398,0.415349,0.72244047,0.02206759,7.467445,0.781955,7.9041,False,0.06788118,100000,verlet,10000
OSC-000344,32,lattice_2d,uniform,0.279996,1.452633,0.192751,0.04562237,0.71652558,41.79345,0.051443,7.882409,False,0.02464765,100000,euler,10000
OSC-000345,96,all_to_all,lorentzian,1.377305,0.63662,2.163465,0.73245576,0.62235313,1.283855,0.616684,7.895588,False,-0.12114444,50000,euler,1000
OSC-000346,48,lattice_2d,gaussian,3.60078,0.862491,4.174863,0.86820871,0.21004864,0.304154,0.866061,7.86791,False,-0.115709,500000,symplectic_4th,1000
OSC-000347,32,all_to_all,lorentzian,0.710644,0.63662,1.116277,0.32618101,0.57716636,12.032204,0.354968,7.771359,False,-0.08632369,100000,euler,1000
OSC-000348,48,all_to_all,uniform,1.948064,0.63662,3.060012,0.82325214,0.38871559,0.936886,0.893119,7.902631,False,-0.07116397,100000,symplectic_4th,1000
OSC-000349,64,lattice_2d,lorentzian,4.493194,1.111054,4.044084,0.8665094,1.37976652,0.507413,0.831139,7.88885,False,-0.10286799,500000,symplectic_4th,10000
OSC-000350,24,small_world,uniform,3.464626,0.714052,4.852064,0.88964302,0.1020239,0.443095,0.940213,7.805613,False,-0.05548753,100000,euler,10000
OSC-000351,96,lattice_2d,bimodal,4.012498,1.858425,2.159085,0.73815074,0.18881927,0.460966,0.631018,7.934525,False,-0.07304067,100000,rk4,5000
OSC-000352,96,small_world,uniform,3.209916,1.126834,2.848614,0.80691583,1.2896422,0.586636,0.843231,7.900738,False,-0.09168282,500000,rk4,5000
OSC-000353,24,scale_free,bimodal,4.451595,0.448959,9.915375,0.94688031,0.16127722,0.152653,0.864995,7.683248,False,-0.10081187,100000,euler,10000
OSC-000354,8,random_erdos_renyi,bimodal,4.826772,1.025374,4.707329,0.88077384,0.06711898,0.191737,0.875517,8.000341,False,-0.08260835,100000,rk4,5000
OSC-000355,128,scale_free,gaussian,4.578821,1.397129,3.277307,0.83420886,1.28235019,0.437782,0.836787,7.780184,False,-0.10507034,50000,rk4,10000
OSC-000356,96,ring,lorentzian,4.652634,0.06545,71.087013,0.99456257,2.07786323,0.186951,1.0,7.684697,False,-0.06968492,10000,verlet,1000
OSC-000357,128,small_world,lorentzian,1.834074,1.135667,1.614976,0.62080015,1.36711878,1.448153,0.663872,7.923585,False,-0.08615939,10000,euler,5000
OSC-000358,16,scale_free,uniform,1.207867,1.745118,0.69214,0.3031426,0.05318829,17.649332,0.274592,7.8576,False,0.05361835,500000,symplectic_4th,1000
OSC-000359,24,small_world,bimodal,0.12847,1.366709,0.094,0.23875091,0.01197997,27.018319,0.264983,7.899789,False,0.06556983,100000,rk4,1000
OSC-000360,32,scale_free,lorentzian,2.528281,1.755238,1.440421,0.55573631,0.25051198,1.229584,0.556332,7.655897,False,-0.1260211,500000,euler,1000
OSC-000361,16,all_to_all,gaussian,0.862156,0.63662,1.354271,0.51619808,0.11325549,4.245635,0.522576,7.980069,False,-0.12996046,10000,symplectic_4th,5000
OSC-000362,48,small_world,bimodal,0.504813,2.187531,0.230768,0.18052494,0.76734357,47.19719,0.148638,7.82039,False,0.05969834,100000,euler,10000
OSC-000363,96,ring,bimodal,3.561658,0.06545,54.418132,0.99193629,0.42743621,0.221985,0.991473,7.963609,False,-0.10125147,50000,euler,1000
OSC-000364,24,scale_free,uniform,0.816425,1.470725,0.555117,0.13186215,0.39918601,24.354753,0.164062,7.756348,False,0.01933936,50000,euler,5000
OSC-000365,96,scale_free,uniform,2.598332,1.427243,1.820526,0.67027251,0.31739673,0.836887,0.710552,7.768295,False,-0.08324202,100000,rk4,1000
OSC-000366,8,all_to_all,uniform,3.336111,0.63662,5.24035,0.89701884,0.13904083,0.343346,0.964087,7.760823,False,-0.09358564,500000,verlet,5000
OSC-000367,48,all_to_all,uniform,3.377843,0.63662,5.305903,0.89882501,0.27152249,0.428079,0.933357,7.890711,False,-0.13064797,100000,euler,10000
OSC-000368,48,ring,bimodal,0.527433,0.1309,4.029289,0.87026705,0.89917958,2.436601,0.861624,8.033486,False,-0.10820684,50000,euler,10000
OSC-000369,128,all_to_all,uniform,4.714908,0.63662,7.406161,0.92894358,0.54268586,0.077631,0.942598,7.773513,False,-0.10241799,50000,euler,5000
OSC-000370,48,random_erdos_renyi,lorentzian,3.614897,1.758495,2.055676,0.71468692,0.63227144,0.515895,0.613627,7.942769,False,-0.1042052,100000,euler,5000
OSC-000371,8,random_erdos_renyi,uniform,3.992513,1.498466,2.6644,0.78635,0.04333585,0.277857,0.831965,8.012952,False,-0.13883951,50000,symplectic_4th,10000
OSC-000372,96,random_erdos_renyi,bimodal,1.001925,1.306076,0.767126,0.04739762,1.32054547,107.363057,0.013626,7.635828,False,0.05557049,100000,verlet,1000
OSC-000373,48,lattice_2d,lorentzian,2.80554,1.179971,2.377634,0.76161189,0.6090189,0.613497,0.775693,7.95386,False,-0.06672923,50000,verlet,1000
OSC-000374,32,ring,uniform,0.10686,0.19635,0.544233,0.13852738,0.67697893,30.184281,0.153803,7.79513,False,0.02573309,50000,symplectic_4th,10000
OSC-000375,48,small_world,uniform,1.841867,1.469498,1.253399,0.44933531,0.43242426,2.534881,0.449001,7.847742,False,-0.12213528,10000,symplectic_4th,10000
OSC-000376,48,lattice_2d,gaussian,4.10255,0.995794,4.119878,0.87063414,0.85336802,0.162635,0.826062,7.831059,False,-0.11163175,50000,symplectic_4th,5000
OSC-000377,24,scale_free,uniform,4.09643,1.167376,3.509094,0.84570707,0.37955087,0.45636,0.87527,7.808021,False,-0.10344665,50000,symplectic_4th,10000
OSC-000378,32,all_to_all,gaussian,0.453039,0.63662,0.711631,0.14925789,0.34089674,46.010607,0.171842,7.821497,False,0.01823792,10000,rk4,5000
OSC-000379,96,all_to_all,uniform,4.150155,0.63662,6.519048,0.91955989,1.07650179,0.140501,0.955923,7.850506,False,-0.09040002,10000,rk4,1000
OSC-000380,64,lattice_2d,uniform,1.091376,1.583455,0.689237,0.15959202,0.74100684,56.823217,0.169819,7.801529,False,0.06009214,10000,verlet,10000
OSC-000381,16,all_to_all,uniform,0.603795,0.63662,0.948439,0.08662797,0.34333339,16.91512,0.062956,7.84877,False,0.0476887,500000,symplectic_4th,1000
OSC-000382,64,lattice_2d,lorentzian,1.985245,1.593065,1.246179,0.44954201,1.5292347,2.362747,0.47273,7.869563,False,-0.09286652,100000,verlet,1000
OSC-000383,64,all_to_all,lorentzian,4.624266,0.63662,7.26378,0.92935654,1.8316741,0.147591,0.904555,7.79177,False,-0.12656548,500000,euler,10000
OSC-000384,48,random_erdos_renyi,lorentzian,1.80709,1.422738,1.27015,0.46629095,1.12943592,2.413401,0.367494,7.88869,False,-0.12925972,10000,rk4,1000
OSC-000385,24,small_world,gaussian,3.949176,1.129326,3.496931,0.84914694,0.15122313,0.358419,0.737337,7.710982,False,-0.10154987,50000,euler,5000
OSC-000386,64,small_world,bimodal,2.176777,1.628545,1.336639,0.50095188,0.01975536,1.815685,0.457587,7.876878,False,-0.12758703,50000,symplectic_4th,5000
OSC-000387,128,random_erdos_renyi,bimodal,1.984674,0.954709,2.078825,0.71972329,0.10975268,0.910586,0.651852,7.757717,False,-0.10033615,50000,verlet,1000
OSC-000388,32,all_to_all,lorentzian,2.836035,0.63662,4.454833,0.87512928,1.01542078,0.393327,0.918275,7.863901,False,-0.07665208,50000,verlet,5000
OSC-000389,24,random_erdos_renyi,bimodal,1.288237,1.009926,1.275576,0.46545145,0.16815751,3.634233,0.562862,7.802229,False,-0.11866304,10000,symplectic_4th,5000
OSC-000390,8,lattice_2d,uniform,4.203442,1.438789,2.921513,0.80863163,0.09360224,0.342408,0.795194,7.860389,False,-0.07702885,500000,euler,1000
OSC-000391,128,lattice_2d,gaussian,3.765725,1.681236,2.239855,0.74353073,0.25589071,0.400386,0.767468,7.860215,False,-0.13023386,100000,rk4,1000
OSC-000392,8,lattice_2d,uniform,0.885709,1.353036,0.654608,0.13291161,0.01319545,9.017805,0.185058,7.794835,False,0.04628953,100000,euler,5000
OSC-000393,24,small_world,uniform,2.655355,1.274992,2.082644,0.72309084,0.22284354,0.752208,0.790571,7.842368,False,-0.08749986,10000,symplectic_4th,5000
OSC-000394,64,lattice_2d,bimodal,4.036362,1.584007,2.548197,0.77813779,0.3852935,0.353697,0.793772,7.855343,False,-0.1308686,10000,euler,5000
OSC-000395,24,random_erdos_renyi,uniform,0.420064,1.149198,0.365528,0.28120028,0.00884044,21.793019,0.340216,7.813449,False,0.04608021,100000,rk4,10000
OSC-000396,8,random_erdos_renyi,bimodal,4.723195,1.750083,2.698841,0.79513169,0.15503083,0.340222,0.784945,7.928688,False,-0.08866628,100000,euler,10000
OSC-000397,16,small_world,bimodal,4.492905,1.971129,2.279356,0.74328192,0.15575143,0.398413,0.73247,7.862497,False,-0.12182259,10000,verlet,1000
OSC-000398,24,lattice_2d,bimodal,4.76881,1.870259,2.549813,0.7823433,0.2593272,0.413046,0.770841,7.779927,False,-0.11244355,100000,symplectic_4th,1000
OSC-000399,64,small_world,lorentzian,3.155007,0.567617,5.558338,0.90625277,0.57282087,0.349865,0.83254,7.85331,False,-0.03196973,10000,euler,10000
OSC-000400,128,all_to_all,uniform,0.79885,0.63662,1.254831,0.45217189,0.10870695,5.977258,0.435266,7.867958,False,-0.09536961,100000,euler,5000
OSC-000401,24,all_to_all,lorentzian,2.924907,0.63662,4.594433,0.88355436,0.3134271,0.407912,0.829676,8.106041,False,-0.10481883,500000,euler,1000
OSC-000402,128,all_to_all,lorentzian,4.309116,0.63662,6.768744,0.92034773,2.75178616,0.317146,0.907277,7.70077,False,-0.07131894,100000,verlet,1000
OSC-000403,96,random_erdos_renyi,bimodal,3.444522,1.450693,2.374398,0.76496927,0.04196126,0.400274,0.762862,7.755179,False,-0.09890686,10000,verlet,5000
OSC-000404,24,random_erdos_renyi,bimodal,4.283763,1.465845,2.922385,0.81245789,0.72166206,0.308553,0.771985,7.708647,False,-0.09513083,500000,rk4,1000
OSC-000405,24,lattice_2d,uniform,3.864262,2.089259,1.849585,0.67316847,0.30689268,0.645044,0.604286,8.13622,False,-0.13101839,500000,rk4,5000
OSC-000406,128,all_to_all,gaussian,4.747815,0.63662,7.45785,0.93078119,1.82140763,0.297543,0.79576,7.706625,False,-0.09891229,100000,symplectic_4th,5000
OSC-000407,32,all_to_all,gaussian,4.353301,0.63662,6.838149,0.92273768,0.78417644,0.223855,0.913899,7.971005,False,-0.09344379,500000,rk4,5000
OSC-000408,128,scale_free,gaussian,3.381258,1.556991,2.171661,0.73432472,3.68758749,0.725226,0.793412,7.738584,False,-0.07198236,50000,euler,5000
OSC-000409,96,scale_free,bimodal,4.83139,0.987916,4.890488,0.89112959,0.99450069,0.344912,0.807014,7.750427,False,-0.13928932,50000,rk4,10000
OSC-000410,24,small_world,lorentzian,0.169515,1.262764,0.134241,0.37860168,0.09861221,19.813315,0.378754,7.869066,False,0.0210949,100000,rk4,5000
OSC-000411,24,lattice_2d,bimodal,0.278781,1.246615,0.223631,0.20553871,0.23582731,20.906465,0.17705,7.667113,False,0.03875682,50000,euler,10000
OSC-000412,8,small_world,lorentzian,0.179337,1.375936,0.130338,0.33255676,0.02287414,9.672357,0.275309,7.764532,False,0.03223492,500000,verlet,5000
OSC-000413,96,random_erdos_renyi,lorentzian,2.19908,1.641189,1.339931,0.50450892,1.53216346,1.881401,0.457249,7.803975,False,-0.08281462,500000,verlet,10000
OSC-000414,16,all_to_all,uniform,0.539226,0.63662,0.847014,0.31570297,0.52952497,16.765499,0.381905,7.930949,False,0.03212841,500000,rk4,10000
OSC-000415,48,scale_free,gaussian,1.192109,1.235853,0.964604,0.13568267,0.61222955,51.62619,0.188727,8.015855,False,0.0869106,500000,symplectic_4th,10000
OSC-000416,96,all_to_all,lorentzian,3.932761,0.63662,6.177566,0.91388191,0.92402017,0.255945,0.87789,8.009407,False,-0.12515969,50000,rk4,5000
OSC-000417,8,all_to_all,uniform,0.851539,0.63662,1.337595,0.49320762,0.18459337,4.503698,0.431974,7.701137,False,-0.05647695,500000,euler,10000
OSC-000418,96,ring,bimodal,4.159895,0.06545,63.558506,0.99295176,0.23577705,0.341729,1.0,7.891153,False,-0.10175198,100000,euler,5000
OSC-000419,32,all_to_all,gaussian,2.57086,0.63662,4.038297,0.86319526,0.09201662,0.591869,0.804608,7.82185,False,-0.07467548,100000,euler,1000
OSC-000420,16,all_to_all,bimodal,0.156537,0.63662,0.245887,0.01808912,0.06850735,13.045429,0,7.958289,False,0.04550538,10000,euler,5000
OSC-000421,64,ring,gaussian,3.297361,0.098175,33.586647,0.98529036,1.05352562,0.398254,0.917453,7.864221,False,-0.11825229,100000,rk4,5000
OSC-000422,16,ring,uniform,3.228094,0.392699,8.220274,0.93515118,0.12424915,0.221243,0.952247,7.893723,False,-0.0898452,50000,rk4,1000
OSC-000423,128,small_world,gaussian,0.207589,1.230234,0.16874,0.06508178,4.17804157,156.882227,0.132728,7.900346,False,0.03771219,500000,euler,1000
OSC-000424,48,all_to_all,gaussian,3.332365,0.63662,5.234467,0.90118918,0.16025353,0.225354,0.935131,7.891542,False,-0.13713709,10000,euler,10000
OSC-000425,48,all_to_all,gaussian,3.069943,0.63662,4.822255,0.89799699,0.08517238,0.382218,0.900399,7.760346,False,-0.12827349,10000,verlet,1000
OSC-000426,32,all_to_all,gaussian,1.411194,0.63662,2.216698,0.74654043,0.46665842,1.303165,0.70979,7.933123,False,-0.10909139,500000,symplectic_4th,10000
OSC-000427,96,ring,lorentzian,0.947502,0.06545,14.476758,0.96808934,0.18719051,0.928183,0.958397,7.927995,False,-0.12950621,100000,euler,1000
OSC-000428,128,scale_free,bimodal,2.176313,1.2433,1.750433,0.65470196,1.07440959,0.96249,0.607001,7.713145,False,-0.088879,100000,rk4,5000
OSC-000429,24,all_to_all,lorentzian,2.975659,0.63662,4.674155,0.88453693,0.67267994,0.26703,0.782125,7.815226,False,-0.09605192,50000,verlet,5000
OSC-000430,24,small_world,gaussian,1.922625,1.89392,1.015156,0.12482048,0.26260372,25.786355,0.121728,7.843452,False,-0.11064301,100000,euler,10000
OSC-000431,16,scale_free,lorentzian,3.048829,1.795344,1.698187,0.63890309,0.14728875,0.76747,0.706263,7.977363,False,-0.12652834,10000,symplectic_4th,10000
OSC-000432,96,small_world,lorentzian,2.520278,1.530645,1.646546,0.62724961,1.69593919,1.023578,0.667448,7.904797,False,-0.12149906,50000,rk4,5000
OSC-000433,8,lattice_2d,uniform,4.567051,1.261242,3.621075,0.84787866,0.23002103,0.12734,0.908856,7.854587,False,-0.10278294,10000,rk4,5000
OSC-000434,16,scale_free,lorentzian,2.061687,1.422455,1.449386,0.56509364,0.02994389,1.510177,0.527046,7.765156,False,-0.10726965,10000,verlet,10000
OSC-000435,16,all_to_all,gaussian,0.334388,0.63662,0.525255,0.25984191,0.23525441,16.098453,0.226133,7.966836,False,0.03876735,50000,verlet,10000
OSC-000436,8,lattice_2d,uniform,1.37247,1.572056,0.873041,0.03731906,0.0421597,8.597447,0.03088,7.76415,True,0.07419714,500000,verlet,10000
OSC-000437,24,ring,bimodal,0.687517,0.261799,2.626121,0.78592411,0.36315025,2.126818,0.736792,7.942735,False,-0.11738119,10000,euler,10000
OSC-000438,128,lattice_2d,bimodal,3.681236,1.761521,2.089806,0.72190963,1.43154922,0.595575,0.715955,7.869833,False,-0.13790614,50000,rk4,1000
OSC-000439,128,all_to_all,gaussian,0.164328,0.63662,0.258125,0.06452584,1.77937756,174.228505,0.07346,7.873462,False,0.05686406,100000,verlet,10000
OSC-000440,128,lattice_2d,gaussian,4.254254,1.887449,2.253971,0.74661601,1.69634945,0.506218,0.72195,7.69697,False,-0.09180249,50000,symplectic_4th,1000
OSC-000441,16,small_world,bimodal,4.362174,1.631939,2.673001,0.79480703,0.10617068,0.319602,0.853695,7.713981,False,-0.09748834,50000,verlet,1000
OSC-000442,128,lattice_2d,bimodal,1.824588,2.134605,0.854766,0.08225957,2.37530807,117.21736,0.109613,7.745327,True,0.06281033,100000,rk4,5000
OSC-000443,48,small_world,uniform,4.647298,1.780658,2.609877,0.786253,0.58734611,0.408461,0.804123,7.901972,False,-0.11887902,10000,rk4,10000
OSC-000444,32,all_to_all,gaussian,0.664421,0.63662,1.04367,0.20188223,0.65097163,26.374183,0.206228,7.952946,False,-0.10659398,500000,symplectic_4th,5000
OSC-000445,16,ring,lorentzian,2.526341,0.392699,6.433275,0.92921565,0.21139495,0.525831,0.878192,7.711426,False,-0.10037294,50000,symplectic_4th,10000
OSC-000446,48,lattice_2d,gaussian,0.93414,1.522996,0.613357,0.03639176,0.21664534,42.77765,0.084319,7.973954,False,0.04303877,500000,verlet,1000
OSC-000447,24,small_world,uniform,0.147696,1.742235,0.084774,0.30306965,0.07718467,28.357278,0.404687,7.831285,False,0.04400874,10000,verlet,1000
OSC-000448,24,ring,uniform,0.589963,0.261799,2.253493,0.74603087,0.31210392,2.871842,0.699636,7.835451,False,-0.12830535,100000,verlet,5000
OSC-000449,8,small_world,lorentzian,3.57977,1.374577,2.604271,0.79433709,0.00709521,0.585664,0.709971,7.789671,False,-0.10553677,10000,euler,5000
OSC-000450,32,lattice_2d,gaussian,2.930163,1.453113,2.016473,0.71068156,0.20655841,0.572418,0.716543,7.871627,False,-0.08288934,10000,verlet,10000
OSC-000451,128,random_erdos_renyi,gaussian,1.400016,1.360256,1.029229,0.1669263,1.13672013,20.016184,0.199791,7.915971,False,-0.1006546,10000,verlet,10000
OSC-000452,16,scale_free,bimodal,1.800289,1.013928,1.77556,0.6572999,0.17593463,1.26397,0.682611,7.805095,False,-0.11023615,100000,euler,5000
OSC-000453,128,small_world,uniform,4.018947,1.168733,3.438722,0.84264551,1.31620682,0.322004,0.908257,7.910715,False,-0.09439433,500000,verlet,10000
OSC-000454,8,all_to_all,lorentzian,0.774822,0.63662,1.217088,0.43130748,0.01687652,6.495259,0.429728,7.599956,False,-0.11846711,100000,euler,10000
OSC-000455,32,scale_free,uniform,4.67138,1.480557,3.155151,0.82734734,0.32385129,0.463064,0.789234,7.896154,False,-0.06515073,100000,verlet,1000
OSC-000456,96,lattice_2d,lorentzian,4.041463,1.140713,3.542928,0.84943676,2.21836736,0.343541,0.901321,7.856603,False,-0.0837901,100000,symplectic_4th,10000
OSC-000457,24,scale_free,bimodal,3.501254,1.802076,1.9429,0.6994718,0.12477429,0.581433,0.670223,7.902961,False,-0.14991218,500000,rk4,10000
OSC-000458,8,scale_free,uniform,3.803697,1.659699,2.2918,0.74627801,0.03503604,0.469788,0.806125,7.91725,False,-0.08204382,100000,rk4,5000
OSC-000459,24,scale_free,uniform,2.638241,1.004777,2.625698,0.7884643,0.29366033,0.572844,0.769968,8.120267,False,-0.0789853,100000,symplectic_4th,10000
OSC-000460,64,all_to_all,uniform,3.728317,0.63662,5.856427,0.91272254,0.16007623,0.176564,0.944735,7.852154,False,-0.07972945,500000,euler,1000
OSC-000461,24,small_world,lorentzian,3.623796,1.887706,1.919683,0.69896569,0.07132894,0.524982,0.6755,7.882581,False,-0.09528024,10000,rk4,1000
OSC-000462,32,all_to_all,bimodal,0.220816,0.63662,0.346857,0.17585658,0.30838495,36.831547,0.156935,7.766553,False,0.05130258,50000,verlet,10000
OSC-000463,128,lattice_2d,uniform,1.005558,1.111337,0.904818,0.05183039,2.06229986,93.948785,0.09111,7.974563,True,0.02822809,100000,verlet,10000
OSC-000464,16,random_erdos_renyi,bimodal,1.899963,1.401368,1.355792,0.5114951,0.31600896,2.000613,0.458375,7.851999,False,-0.11043713,100000,symplectic_4th,1000
OSC-000465,96,all_to_all,lorentzian,0.267009,0.63662,0.419417,0.08746165,0.17864679,56.574598,0.124805,7.796503,False,0.05866761,500000,verlet,1000
OSC-000466,24,small_world,gaussian,2.014059,1.226788,1.641733,0.63040707,0.56366672,1.310404,0.582813,7.957836,False,-0.11686494,50000,verlet,10000
OSC-000467,48,scale_free,uniform,4.589184,1.902576,2.41209,0.76341061,0.11108473,0.226458,0.776359,7.626607,False,-0.12106236,100000,euler,10000
OSC-000468,64,random_erdos_renyi,lorentzian,0.431093,1.013068,0.425532,0.11911759,1.66205719,67.835746,0.127602,7.97697,False,0.01983639,100000,euler,10000
OSC-000469,32,all_to_all,gaussian,3.667999,0.63662,5.76168,0.90910615,0.3229197,0.507993,0.9249,7.813244,False,-0.10001679,10000,symplectic_4th,5000
OSC-000470,8,ring,lorentzian,0.627539,0.785398,0.799007,0.09764215,0.03935651,8.266889,0.056204,7.733092,False,0.05777578,100000,euler,1000
OSC-000471,24,scale_free,gaussian,0.52149,1.828615,0.285183,0.51158897,0.33233842,25.026914,0.518978,7.836504,False,0.0515837,500000,rk4,5000
OSC-000472,24,lattice_2d,bimodal,4.155121,1.57515,2.637922,0.7905702,0.01465606,0.385603,0.869753,7.714569,False,-0.09315141,500000,rk4,10000
OSC-000473,16,ring,lorentzian,0.594474,0.392699,1.513815,0.57750024,0.10798258,4.722264,0.567168,7.824619,False,-0.09282902,100000,symplectic_4th,10000
OSC-000474,64,all_to_all,gaussian,4.843763,0.63662,7.608565,0.93010622,1.38687832,0.296383,1.0,7.645281,False,-0.12018962,10000,rk4,10000
OSC-000475,128,small_world,uniform,0.258146,1.499911,0.172108,0.05206745,1.6858937,134.831322,0.040748,7.882249,False,0.08533239,100000,rk4,1000
OSC-000476,128,all_to_all,uniform,1.794643,0.63662,2.819019,0.80494077,1.85122288,0.840665,0.690088,7.916813,False,-0.1148255,50000,verlet,10000
OSC-000477,8,all_to_all,uniform,2.533324,0.63662,3.979336,0.86629278,0.15339379,0.351769,0.878531,7.881299,False,-0.11007462,10000,rk4,1000
OSC-000478,96,lattice_2d,uniform,3.851839,1.407115,2.737402,0.79645805,0.61800489,0.307561,0.77206,7.854159,False,-0.13945559,100000,verlet,1000
OSC-000479,64,scale_free,uniform,1.267034,1.743175,0.726854,0.01488031,0.68969743,45.720164,0.058289,7.873989,False,0.0268209,10000,rk4,10000
OSC-000480,32,all_to_all,uniform,0.377607,0.63662,0.593144,0.13346967,0.41820367,28.591675,0.195941,8.103237,False,0.00503684,50000,symplectic_4th,5000
OSC-000481,16,lattice_2d,uniform,1.108719,2.12823,0.520958,0.2724839,0.07865395,10.366401,0.351646,7.711344,False,0.03407354,100000,verlet,10000
OSC-000482,32,random_erdos_renyi,lorentzian,1.662409,1.588489,1.046535,0.20926444,0.2813369,11.857424,0.251503,7.939884,False,-0.10705477,10000,euler,1000
OSC-000483,32,small_world,gaussian,3.960906,1.84561,2.146123,0.73474223,0.54836152,0.486883,0.655664,7.8923,False,-0.0960301,10000,verlet,5000
OSC-000484,96,small_world,uniform,0.392628,1.481903,0.264949,0.06135872,0.21182797,114.723442,0.06716,7.763066,False,0.05491291,500000,euler,10000
OSC-000485,96,random_erdos_renyi,uniform,3.838682,1.459618,2.629922,0.78681333,2.90520861,0.334232,0.788087,7.739504,False,-0.09263936,50000,rk4,5000
OSC-000486,96,scale_free,uniform,4.056244,1.29354,3.13577,0.82052855,0.18125112,0.435683,0.803583,7.953507,False,-0.10141527,500000,verlet,1000
OSC-000487,96,scale_free,gaussian,4.017986,1.535471,2.616777,0.78629781,1.3468602,0.388378,0.786324,7.955111,False,-0.11047295,100000,verlet,5000
OSC-000488,48,lattice_2d,uniform,0.709101,1.756237,0.403762,0.11544053,0.30392157,47.451146,0.146692,7.725268,False,0.05499757,500000,rk4,5000
OSC-000489,128,lattice_2d,gaussian,0.48978,1.168413,0.419184,0.06320174,2.57336599,108.462196,0.114778,7.798828,False,0.04823191,100000,symplectic_4th,1000
OSC-000490,32,lattice_2d,gaussian,0.819819,2.026723,0.404505,0.04158971,0.25110603,33.349387,0.050819,7.750526,False,0.01361995,100000,rk4,10000
OSC-000491,32,all_to_all,lorentzian,4.878883,0.63662,7.663732,0.93926926,0.38246368,0.308089,0.888691,7.900271,False,-0.09594241,10000,rk4,10000
OSC-000492,128,all_to_all,uniform,1.261196,0.63662,1.981082,0.70294161,2.37610591,1.621595,0.656401,7.701669,False,-0.13178492,50000,rk4,5000
OSC-000493,64,small_world,bimodal,4.71815,1.732367,2.723528,0.79404967,0.59598556,0.358005,0.765995,7.891042,False,-0.08428409,10000,euler,5000
OSC-000494,64,ring,bimodal,4.170561,0.098175,42.480987,0.99086608,1.64867568,0.277696,0.862439,8.067913,False,-0.09293184,50000,symplectic_4th,10000
OSC-000495,16,random_erdos_renyi,uniform,3.0748,1.556945,1.974894,0.69932447,0.00322817,0.627617,0.729389,7.634136,False,-0.12003519,100000,euler,5000
OSC-000496,32,scale_free,lorentzian,1.281128,1.498309,0.855049,0.0875439,0.2488855,18.891833,0.057434,7.901066,False,0.00565831,500000,euler,5000
OSC-000497,96,ring,gaussian,4.636013,0.06545,70.833062,0.99275552,1.02680292,0.437284,0.958773,7.698444,False,-0.12809639,100000,verlet,1000
OSC-000498,16,scale_free,bimodal,2.574627,1.170773,2.199084,0.74189949,0.31002144,0.756136,0.719376,7.876899,False,-0.08009444,50000,rk4,5000
OSC-000499,48,random_erdos_renyi,bimodal,0.266971,1.493,0.178815,0.07496057,0.18751983,54.137349,0.101553,7.826632,False,0.08002083,500000,verlet,1000
OSC-000500,96,lattice_2d,gaussian,3.588719,1.001223,3.584334,0.85231563,2.35331939,0.492419,0.812433,7.591712,False,-0.14289097,10000,rk4,10000
OSC-000501,64,scale_free,bimodal,2.234882,1.164465,1.919234,0.68905962,0.68778772,0.770549,0.680732,7.670474,False,-0.13133287,10000,euler,1000
OSC-000502,64,lattice_2d,bimodal,1.958935,1.203561,1.627617,0.61820958,0.92716159,1.101801,0.554959,7.898916,False,-0.09039063,100000,rk4,10000
OSC-000503,96,small_world,lorentzian,4.772217,1.123273,4.248492,0.87671357,3.1927283,0.336041,0.936602,7.720852,False,-0.11463738,100000,rk4,5000
OSC-000504,48,ring,uniform,1.510431,0.1309,11.538847,0.95667173,0.13967372,0.725634,1.0,8.036893,False,-0.10161662,10000,euler,10000
OSC-000505,48,ring,uniform,1.113531,0.1309,8.506752,0.94332012,0.90610632,0.865161,1.0,7.866901,False,-0.07587004,50000,rk4,5000
OSC-000506,8,small_world,gaussian,1.481004,1.40672,1.052807,0.23101999,0.05286444,11.815783,0.239844,7.615687,False,-0.08721049,10000,symplectic_4th,5000
OSC-000507,128,small_world,uniform,3.685005,2.123455,1.735382,0.64677348,2.16982222,0.698747,0.724826,7.914632,False,-0.10252379,100000,verlet,5000
OSC-000508,16,lattice_2d,lorentzian,4.472135,1.235652,3.61925,0.85293943,0.17757062,0.274237,0.794647,7.876754,False,-0.07620867,10000,rk4,1000
OSC-000509,24,random_erdos_renyi,bimodal,1.058824,1.646882,0.642926,0.10363117,0.03143189,25.031489,0.126188,7.938154,False,0.06919763,10000,euler,1000
OSC-000510,96,all_to_all,bimodal,2.832912,0.63662,4.449928,0.88263245,1.11484616,0.513771,0.848617,7.868432,False,-0.11933985,100000,symplectic_4th,10000
OSC-000511,24,small_world,gaussian,4.387691,1.771426,2.476926,0.76985192,0.00241464,0.288389,0.720648,7.74941,False,-0.10450895,50000,rk4,5000
OSC-000512,96,scale_free,lorentzian,0.963353,1.505162,0.640033,0.10733543,2.3184774,88.34947,0.078346,7.91241,False,0.07868009,500000,symplectic_4th,10000
OSC-000513,32,all_to_all,lorentzian,1.412827,0.63662,2.219263,0.74648387,0.45580362,1.462386,0.692435,7.899552,False,-0.11330866,500000,symplectic_4th,5000
OSC-000514,96,scale_free,lorentzian,4.570607,1.90305,2.401727,0.76358039,2.49927363,0.274636,0.841625,7.793091,False,-0.0808334,50000,euler,10000
OSC-000515,16,random_erdos_renyi,lorentzian,4.756365,1.757185,2.706809,0.79859864,0.31485871,0.345235,0.807155,7.741597,False,-0.12050147,10000,rk4,10000
OSC-000516,32,small_world,gaussian,4.927565,1.908507,2.581895,0.78460947,0.04691628,0.313509,0.744055,7.881129,False,-0.08356817,500000,euler,10000
OSC-000517,32,all_to_all,uniform,4.242862,0.63662,6.664671,0.9220692,0.07111966,0.099503,0.921235,7.908722,False,-0.09571564,10000,euler,10000
OSC-000518,32,all_to_all,lorentzian,3.774585,0.63662,5.929105,0.91310681,0.03234339,0.167744,0.96703,7.972153,False,-0.12785699,10000,rk4,10000
OSC-000519,96,all_to_all,uniform,3.738995,0.63662,5.873199,0.9064779,0.40256206,0.431209,0.944107,7.683747,False,-0.07614777,100000,verlet,5000
OSC-000520,8,small_world,lorentzian,4.849386,1.367077,3.547265,0.84823091,0.01097322,0.241556,0.816198,7.860376,False,-0.11344257,100000,euler,5000
OSC-000521,8,scale_free,bimodal,4.762141,1.634583,2.913368,0.81129661,0.04627954,0.193244,0.830696,7.999655,False,-0.09464947,500000,verlet,5000
OSC-000522,16,lattice_2d,lorentzian,4.881505,1.229439,3.970514,0.87286603,0.24045504,0.307423,0.91118,7.742893,False,-0.09999785,500000,euler,1000
OSC-000523,128,small_world,bimodal,1.626129,1.66561,0.976296,0.02648768,1.90270902,113.659452,0.084635,7.8212,False,0.05117145,50000,symplectic_4th,10000
OSC-000524,128,small_world,gaussian,2.620712,1.294422,2.024619,0.71389194,3.81503798,0.504771,0.734431,7.853068,False,-0.10608538,10000,euler,10000
OSC-000525,16,ring,gaussian,2.244246,0.392699,5.714926,0.90369715,0.20446591,0.532232,0.876509,7.858059,False,-0.09242303,500000,symplectic_4th,1000
OSC-000526,48,all_to_all,bimodal,4.979147,0.63662,7.821226,0.9307339,0.29435415,0.027398,0.924901,7.91745,False,-0.08019613,50000,euler,5000
OSC-000527,32,random_erdos_renyi,lorentzian,2.644961,1.252819,2.111208,0.72546055,0.67676667,0.923894,0.680814,7.793503,False,-0.13843563,50000,euler,10000
OSC-000528,128,all_to_all,lorentzian,2.139884,0.63662,3.361323,0.83853752,1.66641826,0.746376,0.832306,7.888741,False,-0.07154941,500000,verlet,1000
OSC-000529,8,random_erdos_renyi,bimodal,3.218083,1.407541,2.286316,0.74860659,0.13468914,0.487742,0.781188,7.8358,False,-0.10938842,500000,verlet,5000
OSC-000530,96,small_world,gaussian,0.479633,2.145481,0.223555,0.09512268,2.23174025,93.191048,0.133488,7.972902,False,0.07140891,500000,verlet,10000
OSC-000531,48,lattice_2d,bimodal,1.235972,1.505549,0.820944,0.01021294,0.71138968,69.622897,0,7.793235,True,0.04956084,10000,rk4,1000
OSC-000532,128,scale_free,bimodal,1.702738,1.501024,1.134384,0.34330386,1.27849303,4.632881,0.325347,7.744663,False,-0.08505369,100000,verlet,10000
OSC-000533,16,random_erdos_renyi,gaussian,4.184664,2.195383,1.90612,0.68613511,0.08635339,0.314391,0.632244,7.786945,False,-0.09262779,500000,verlet,1000
OSC-000534,8,small_world,bimodal,3.876649,1.057378,3.666286,0.8485728,0.1492127,0.201781,0.780026,7.887171,False,-0.10622946,100000,euler,10000
OSC-000535,8,ring,bimodal,1.868858,0.785398,2.379504,0.76459746,0.17996526,0.810432,0.861494,7.932057,False,-0.111932,10000,verlet,1000
OSC-000536,48,lattice_2d,bimodal,3.550896,0.70441,5.040951,0.90102345,0.45506682,0.384016,0.88985,7.819108,False,-0.10450212,500000,symplectic_4th,1000
OSC-000537,128,lattice_2d,uniform,0.287149,1.168349,0.245773,0.18430033,1.76894477,151.881972,0.251286,7.866594,False,0.04229534,500000,rk4,1000
OSC-000538,128,lattice_2d,uniform,1.459643,1.267251,1.151819,0.36626496,2.40210102,4.824256,0.362724,7.740339,True,-0.12018984,50000,verlet,10000
OSC-000539,8,lattice_2d,bimodal,2.140256,0.932418,2.295382,0.74998246,0.05522474,0.88052,0.829233,7.87728,False,-0.08740343,50000,symplectic_4th,1000
OSC-000540,48,random_erdos_renyi,gaussian,3.212969,1.384384,2.320864,0.75165943,1.10489595,0.344683,0.72762,7.948884,False,-0.08344427,10000,symplectic_4th,1000
OSC-000541,16,all_to_all,gaussian,3.674797,0.63662,5.772357,0.91304009,0.2441735,0.45103,0.996383,7.793582,False,-0.09662406,100000,symplectic_4th,1000
OSC-000542,32,small_world,gaussian,3.762301,1.296067,2.90286,0.80940953,0.04483761,0.344115,0.837697,7.806647,False,-0.07461916,500000,euler,1000
OSC-000543,48,ring,gaussian,4.898463,0.1309,37.421503,0.98636574,0.99568327,0.287634,1.0,7.717351,False,-0.07399159,500000,euler,1000
OSC-000544,96,ring,gaussian,4.969403,0.06545,75.926879,0.99070155,1.51859532,0.169308,0.953139,7.686068,False,-0.05598504,100000,rk4,10000
OSC-000545,32,small_world,gaussian,0.664961,1.425718,0.466404,0.00901053,0.20804412,28.552116,0.051445,7.932346,False,0.03645798,10000,verlet,10000
OSC-000546,16,lattice_2d,lorentzian,4.359713,1.710188,2.54926,0.78479397,0.16830284,0.302683,0.847042,8.008678,False,-0.07396521,100000,euler,5000
OSC-000547,24,all_to_all,bimodal,4.065185,0.63662,6.385577,0.91321782,0.32496332,0.198164,0.933276,7.868469,False,-0.11317964,100000,verlet,5000
OSC-000548,96,small_world,uniform,3.839548,2.104344,1.824582,0.67149287,1.88727998,0.50362,0.595662,7.912157,False,-0.08060009,10000,euler,10000
OSC-000549,24,small_world,gaussian,4.76232,1.413435,3.369324,0.83653579,0.1854835,0.206466,0.76112,7.871068,False,-0.0971127,50000,verlet,5000
OSC-000550,96,ring,bimodal,0.104132,0.06545,1.591016,0.61202273,2.55008346,20.528561,0.631438,7.835846,False,-0.08656584,10000,euler,1000
OSC-000551,64,all_to_all,bimodal,0.880716,0.63662,1.383426,0.529013,1.11492469,3.881155,0.550358,7.7343,False,-0.09663549,500000,euler,1000
OSC-000552,96,ring,lorentzian,3.838917,0.06545,58.654332,0.99378871,2.19039131,0.412716,0.938454,7.817067,False,-0.12086746,500000,rk4,5000
OSC-000553,128,lattice_2d,uniform,3.862435,1.572688,2.455945,0.77233397,0.48609338,0.501605,0.802829,7.70695,False,-0.09953047,50000,euler,5000
OSC-000554,32,all_to_all,gaussian,1.579496,0.63662,2.481066,0.76478161,0.58293033,1.103687,0.776972,7.881707,False,-0.11123372,500000,rk4,5000
OSC-000555,96,ring,gaussian,2.051259,0.06545,31.34093,0.98675585,0.50727185,0.495889,1.0,7.74349,False,-0.10317451,500000,rk4,1000
OSC-000556,64,ring,bimodal,3.462863,0.098175,35.272437,0.98209273,1.56973046,0.30692,0.956909,7.738116,False,-0.08018207,10000,symplectic_4th,10000
OSC-000557,64,scale_free,lorentzian,4.236425,1.605993,2.637885,0.78917492,0.58504533,0.424145,0.836536,7.842198,False,-0.14035048,10000,euler,1000
OSC-000558,64,lattice_2d,lorentzian,3.665381,1.677531,2.184985,0.74076233,0.44611823,0.509342,0.735723,7.879904,False,-0.11908941,100000,verlet,5000
OSC-000559,64,lattice_2d,lorentzian,3.857485,1.518699,2.539993,0.78060147,0.71434501,0.397872,0.830642,7.75059,False,-0.0944809,10000,rk4,5000
OSC-000560,8,random_erdos_renyi,bimodal,0.563406,1.501085,0.375332,0.14814143,0.06353963,5.758848,0.111765,7.863622,False,0.08009034,50000,symplectic_4th,1000
OSC-000561,16,small_world,lorentzian,0.287608,1.419333,0.202636,0.31004277,0.00280026,16.565257,0.288711,7.669731,False,0.0474505,100000,verlet,5000
OSC-000562,96,all_to_all,gaussian,4.756759,0.63662,7.471899,0.93055206,2.35525075,0.38331,0.866661,7.784533,False,-0.09595836,50000,verlet,5000
OSC-000563,32,lattice_2d,uniform,3.827523,1.26108,3.035116,0.82169774,0.16935102,0.452099,0.828821,7.750754,False,-0.11290924,50000,verlet,5000
OSC-000564,8,scale_free,gaussian,0.191723,1.140099,0.168163,0.16004663,0.10162503,7.768654,0.22726,7.916515,False,0.04735942,50000,euler,1000
OSC-000565,64,ring,uniform,3.095793,0.098175,31.533486,0.98354731,0.22921128,0.231165,0.996337,7.726819,False,-0.1140681,500000,rk4,5000
OSC-000566,64,small_world,lorentzian,4.286344,1.575854,2.720014,0.79391973,0.14892516,0.368375,0.817868,7.917142,False,-0.1241047,10000,symplectic_4th,10000
OSC-000567,64,all_to_all,gaussian,3.765253,0.63662,5.914446,0.91365475,0.10448684,0.302871,0.91395,7.720405,False,-0.11140051,50000,verlet,10000
OSC-000568,96,scale_free,uniform,3.781803,1.535548,2.462836,0.76997846,2.50909975,0.540009,0.766836,7.735188,False,-0.10456415,10000,rk4,5000
OSC-000569,32,ring,uniform,2.896651,0.19635,14.75252,0.96641532,0.48976387,0.396986,0.886205,7.74667,False,-0.08806922,50000,symplectic_4th,10000
OSC-000570,48,small_world,lorentzian,3.465535,1.197157,2.894804,0.80593082,0.02257453,0.333352,0.744278,7.828214,False,-0.09682969,500000,verlet,5000
OSC-000571,24,ring,bimodal,1.513198,0.261799,5.779992,0.91349197,0.02812985,0.774393,0.883528,7.843783,False,-0.08357756,500000,symplectic_4th,5000
OSC-000572,32,lattice_2d,uniform,3.132492,1.337701,2.341698,0.76010943,0.66039977,0.689371,0.759646,7.803,False,-0.14794082,100000,euler,1000
OSC-000573,128,lattice_2d,uniform,3.046579,1.561396,1.95119,0.69809343,1.59522595,0.572597,0.66543,7.825339,False,-0.08108158,50000,euler,5000
OSC-000574,32,small_world,gaussian,1.535611,1.32783,1.156482,0.36974034,0.18581879,4.519008,0.378794,7.588911,False,-0.13655907,50000,symplectic_4th,10000
OSC-000575,16,random_erdos_renyi,lorentzian,1.299831,1.955748,0.664621,0.39396076,0.14936121,14.801042,0.393299,7.678627,False,0.02985055,500000,symplectic_4th,1000
OSC-000576,96,small_world,uniform,3.607395,1.701686,2.119895,0.72202052,0.83907619,0.498407,0.669611,7.84648,False,-0.10620118,500000,rk4,5000
OSC-000577,96,lattice_2d,bimodal,0.81532,1.360876,0.599114,0.02278707,0.81932855,131.75059,0.023334,7.781321,False,0.06006245,100000,euler,1000
OSC-000578,128,ring,lorentzian,0.575916,0.049087,11.732463,0.95802713,0.96488258,1.832246,1.0,7.761158,False,-0.09948602,100000,symplectic_4th,5000
OSC-000579,128,lattice_2d,lorentzian,2.884333,1.732679,1.664667,0.62940452,0.06859433,0.910156,0.662471,7.847432,False,-0.08106444,100000,verlet,5000
OSC-000580,24,random_erdos_renyi,lorentzian,1.54491,1.180896,1.308253,0.4860886,0.22543877,2.51969,0.511257,7.896195,False,-0.12125891,10000,euler,10000
OSC-000581,48,ring,uniform,1.371164,0.1309,10.474919,0.95380168,0.33679846,0.637118,1.0,7.827511,False,-0.10899245,100000,euler,10000
OSC-000582,64,random_erdos_renyi,lorentzian,1.952096,1.375767,1.418915,0.54658785,0.22552833,1.78446,0.504973,7.732736,False,-0.09803758,10000,verlet,1000
OSC-000583,48,ring,gaussian,0.835434,0.1309,6.382244,0.91470365,0.00913474,1.44791,0.937311,7.700189,False,-0.09980265,10000,euler,10000
OSC-000584,32,small_world,uniform,1.714624,1.390038,1.233508,0.43605139,0.69056948,3.040796,0.355787,7.794378,False,-0.06303652,10000,symplectic_4th,10000
OSC-000585,32,ring,lorentzian,4.006622,0.19635,20.40556,0.96845602,0.62826327,0.475775,0.990969,7.773814,False,-0.10254411,100000,verlet,1000
OSC-000586,32,lattice_2d,uniform,4.540091,1.31642,3.448817,0.8446621,0.52106229,0.328874,0.880743,7.838352,False,-0.12271961,10000,rk4,5000
OSC-000587,16,ring,bimodal,0.670391,0.392699,1.707137,0.64647348,0.21308375,3.408808,0.637321,7.700617,False,-0.0979194,500000,rk4,10000
OSC-000588,128,lattice_2d,gaussian,3.802161,1.138895,3.338465,0.83560505,2.25368523,0.370361,0.802442,7.873766,False,-0.11212922,500000,verlet,10000
OSC-000589,48,small_world,gaussian,1.771597,1.303482,1.359127,0.51254098,0.03030688,2.057368,0.495253,7.832634,False,-0.11267332,10000,verlet,10000
OSC-000590,128,scale_free,gaussian,3.397583,1.719405,1.976022,0.70549792,3.39097442,0.703781,0.663687,7.95742,False,-0.0942237,10000,euler,1000
OSC-000591,48,random_erdos_renyi,lorentzian,1.668078,1.323299,1.260545,0.45331336,0.43752946,2.776227,0.51852,7.777718,False,-0.10500161,50000,euler,5000
OSC-000592,24,ring,gaussian,1.695838,0.261799,6.477625,0.91497593,0.21191312,0.606681,0.885723,7.819383,False,-0.11425685,100000,symplectic_4th,5000
OSC-000593,64,ring,lorentzian,1.735239,0.098175,17.674995,0.96878766,1.48059304,0.5071,0.985142,7.748488,False,-0.0871137,500000,rk4,5000
OSC-000594,64,lattice_2d,gaussian,0.19545,2.005788,0.097443,0.03339807,0.51611445,55.602024,0.024711,7.748247,False,0.03765595,500000,verlet,10000
OSC-000595,32,ring,bimodal,4.296377,0.19635,21.881268,0.97910655,0.5070329,0.289733,0.953005,7.931691,False,-0.10404624,10000,symplectic_4th,10000
OSC-000596,128,ring,lorentzian,4.935953,0.049087,100.55441,0.99305592,0.89631087,0.1862,1.0,7.861634,False,-0.12086921,100000,rk4,5000
OSC-000597,24,lattice_2d,uniform,1.690273,1.424023,1.186971,0.39755332,0.00492546,3.652948,0.420836,7.809814,True,-0.08726383,10000,symplectic_4th,1000
OSC-000598,64,random_erdos_renyi,lorentzian,3.478894,0.981536,3.544336,0.84565899,1.33682997,0.531229,0.898973,7.717484,False,-0.10344913,100000,symplectic_4th,10000
OSC-000599,32,ring,lorentzian,2.394799,0.19635,12.196613,0.94927353,0.04069567,0.474747,0.915021,7.689789,False,-0.10111708,10000,euler,1000
OSC-000600,96,scale_free,bimodal,4.049718,1.997562,2.02733,0.71300382,0.77014218,0.765826,0.768904,7.739553,False,-0.08156045,10000,verlet,10000
OSC-000601,128,small_world,lorentzian,2.870003,1.175491,2.441536,0.76623725,3.48024312,0.558597,0.678504,7.79451,False,-0.09512488,500000,euler,1000
OSC-000602,96,small_world,bimodal,2.311314,1.394264,1.65773,0.63233966,0.11312438,1.055888,0.616555,7.77544,False,-0.11459827,500000,rk4,5000
OSC-000603,48,all_to_all,bimodal,0.192471,0.63662,0.302333,0.02361703,0.98055712,47.620965,0.059071,7.789396,False,0.0341757,500000,euler,10000
OSC-000604,64,lattice_2d,gaussian,1.61156,1.563714,1.030598,0.17361985,1.27670208,17.360248,0.186952,7.820304,True,-0.08710042,10000,verlet,5000
OSC-000605,32,lattice_2d,gaussian,1.088337,1.699228,0.640489,0.28121988,1.1600326,33.534964,0.392921,7.833292,False,0.04534091,500000,rk4,5000
OSC-000606,8,scale_free,gaussian,2.055973,1.261443,1.629858,0.62690328,0.10154331,1.337046,0.635606,7.789429,False,-0.07994503,10000,euler,1000
OSC-000607,16,scale_free,lorentzian,3.773445,2.09129,1.804362,0.66634522,0.25510544,0.769537,0.657991,7.781112,False,-0.08815941,10000,symplectic_4th,1000
OSC-000608,8,scale_free,bimodal,1.837937,1.020223,1.801505,0.67519728,0.2234931,1.144501,0.586363,7.908015,False,-0.12526182,10000,symplectic_4th,5000
OSC-000609,8,small_world,lorentzian,0.322311,2.649133,0.121666,0.12693731,0.03908529,9.931463,0.130458,7.901687,False,0.06737986,10000,rk4,10000
OSC-000610,32,lattice_2d,lorentzian,0.871665,1.284973,0.678353,0.1320657,0.67171873,45.269486,0.212418,7.794397,False,0.054685,10000,euler,1000
OSC-000611,128,ring,lorentzian,2.077906,0.049087,42.330755,0.98707787,0.43706614,0.627722,0.978416,7.813335,False,-0.09525397,500000,rk4,10000
OSC-000612,24,scale_free,uniform,2.743427,1.511656,1.814848,0.67057999,0.1431172,0.827495,0.690687,7.78876,False,-0.08844521,500000,rk4,1000
OSC-000613,128,scale_free,bimodal,0.758586,1.730197,0.438439,0.08615444,0.17161257,105.981211,0.06496,7.934314,False,0.05858573,100000,rk4,5000
OSC-000614,128,lattice_2d,gaussian,0.716582,1.40995,0.508232,0.15924936,1.06588984,151.468358,0.216533,7.823196,False,0.01823913,100000,rk4,1000
OSC-000615,32,small_world,gaussian,3.581256,1.468221,2.439181,0.76516255,0.09573459,0.502517,0.617783,7.798574,False,-0.1044976,100000,symplectic_4th,5000
OSC-000616,24,random_erdos_renyi,uniform,3.764886,2.139589,1.759631,0.65881366,0.08284414,0.68796,0.524713,7.971331,False,-0.09744956,50000,euler,5000
OSC-000617,64,all_to_all,bimodal,2.47084,0.63662,3.881186,0.85963755,1.38860531,0.595847,0.799757,7.763575,False,-0.09587682,100000,symplectic_4th,1000
OSC-000618,48,lattice_2d,lorentzian,1.350894,1.16976,1.154846,0.37137847,0.67446751,5.123683,0.301063,7.785378,True,-0.10902111,100000,rk4,5000
OSC-000619,96,lattice_2d,uniform,4.827292,1.260979,3.82821,0.86055197,1.45102302,0.232802,0.866966,7.75044,False,-0.10522154,100000,verlet,5000
OSC-000620,96,random_erdos_renyi,uniform,0.994801,2.283073,0.435729,0.05728135,1.81149367,59.825384,0.029705,7.826215,False,0.03538471,50000,verlet,10000
OSC-000621,24,random_erdos_renyi,uniform,4.021274,1.029716,3.905226,0.86059427,0.37197377,0.449477,0.840545,7.797625,False,-0.09348191,50000,euler,10000
OSC-000622,24,random_erdos_renyi,bimodal,4.799378,1.652475,2.904358,0.80718323,0.43099423,0.290299,0.91583,7.674113,False,-0.0823545,50000,verlet,1000
OSC-000623,16,small_world,lorentzian,1.122899,1.291326,0.86957,0.03481977,0.05366629,20.902202,0.069008,7.902828,False,0.06767534,50000,euler,5000
OSC-000624,24,lattice_2d,bimodal,4.188212,1.347676,3.10773,0.82523516,0.79756209,0.461081,0.807913,8.038401,False,-0.07657697,50000,euler,5000
OSC-000625,24,lattice_2d,lorentzian,3.826865,1.844661,2.074563,0.72173648,0.2481057,0.484512,0.743306,7.751987,False,-0.11631375,500000,verlet,1000
OSC-000626,128,ring,uniform,4.413112,0.049087,89.903174,0.99449823,0.76165609,0.401665,0.908233,8.014502,False,-0.09028509,100000,rk4,10000
OSC-000627,128,scale_free,gaussian,3.992833,1.827836,2.184459,0.73445446,1.32850894,0.388539,0.873,8.039548,False,-0.12153946,100000,euler,10000
OSC-000628,128,lattice_2d,bimodal,2.166203,1.254815,1.726313,0.64634872,0.67429121,1.055048,0.725144,7.817679,False,-0.08497143,100000,symplectic_4th,10000
OSC-000629,48,small_world,uniform,2.479189,1.972514,1.256867,0.45244427,0.18856793,1.899143,0.416498,7.861774,False,-0.06258666,500000,symplectic_4th,10000
OSC-000630,96,all_to_all,uniform,2.992681,0.63662,4.700892,0.88722013,1.60465754,0.183679,0.864993,7.807129,False,-0.09833436,500000,symplectic_4th,10000
OSC-000631,8,small_world,bimodal,4.275942,1.217326,3.51257,0.8380553,0.03672729,0.496267,0.804447,7.709812,False,-0.12499851,10000,euler,10000
OSC-000632,24,all_to_all,lorentzian,0.584141,0.63662,0.917566,0.32261392,0.03354352,22.774464,0.226158,7.825922,False,0.08693176,100000,verlet,1000
OSC-000633,48,scale_free,uniform,3.210556,1.290187,2.488442,0.77738902,0.51313679,0.459269,0.684267,7.758313,False,-0.1196001,100000,euler,5000
OSC-000634,16,small_world,lorentzian,3.120373,1.104368,2.825484,0.80318437,0.14374654,0.519966,0.896175,7.958667,False,-0.08098093,500000,verlet,10000
OSC-000635,128,lattice_2d,gaussian,4.294282,1.508314,2.847075,0.80427083,0.12437552,0.36594,0.760486,7.866099,False,-0.09343849,10000,rk4,1000
OSC-000636,48,random_erdos_renyi,lorentzian,3.808176,1.653417,2.303216,0.74938851,0.36488713,0.439654,0.718038,7.943736,False,-0.08545528,500000,verlet,1000
OSC-000637,64,random_erdos_renyi,lorentzian,0.607768,0.961015,0.632423,0.17026314,1.77045335,57.596732,0.201975,7.775798,False,0.04250645,50000,symplectic_4th,1000
OSC-000638,32,random_erdos_renyi,gaussian,3.370855,1.447015,2.329523,0.75485017,0.68961485,0.659978,0.630966,7.832089,False,-0.08569618,50000,euler,1000
OSC-000639,48,ring,uniform,4.301904,0.1309,32.864123,0.98158182,0.5341365,0.096968,0.91949,7.85278,False,-0.08800264,500000,symplectic_4th,10000
OSC-000640,48,lattice_2d,lorentzian,1.91412,1.577302,1.213541,0.41734977,1.3931443,2.745237,0.397298,7.915008,False,-0.08962103,50000,euler,1000
OSC-000641,128,random_erdos_renyi,lorentzian,0.613557,1.45803,0.420812,0.02931455,0.46331309,104.917701,0.092744,8.013496,False,0.04453982,50000,symplectic_4th,5000
OSC-000642,8,scale_free,bimodal,4.770504,1.17889,4.046606,0.86782254,0.12862364,0.390452,0.851777,7.817528,False,-0.12314627,50000,rk4,10000
OSC-000643,64,all_to_all,lorentzian,2.891793,0.63662,4.542417,0.88720387,1.6164204,0.389073,0.874038,7.71684,False,-0.11357128,500000,euler,10000
OSC-000644,128,small_world,lorentzian,1.719613,0.81195,2.11788,0.7232495,0.1686121,1.142388,0.714006,7.683427,False,-0.1074507,100000,rk4,10000
OSC-000645,8,lattice_2d,lorentzian,0.447966,1.05835,0.423268,0.31872123,0.15615164,8.643553,0.336137,7.885817,False,0.08420167,50000,euler,1000
OSC-000646,128,lattice_2d,uniform,1.725772,1.434476,1.203068,0.41233435,2.00575089,3.272848,0.339884,7.863144,False,-0.11844331,500000,euler,5000
OSC-000647,24,all_to_all,lorentzian,1.840269,0.63662,2.890688,0.8065144,0.23563633,0.760081,0.806578,7.771622,False,-0.09167612,10000,verlet,5000
OSC-000648,16,random_erdos_renyi,lorentzian,4.91185,1.906183,2.576798,0.78312664,0.30408119,0.366698,0.846183,8.054408,False,-0.101901,500000,verlet,1000
OSC-000649,64,all_to_all,gaussian,1.023562,0.63662,1.607808,0.61480164,0.3459939,2.475641,0.623886,7.920221,False,-0.06935016,100000,euler,5000
OSC-000650,24,random_erdos_renyi,gaussian,4.090371,1.023168,3.997752,0.8605844,0.35320265,0.517254,0.81919,7.843711,False,-0.10974703,100000,verlet,1000
OSC-000651,64,lattice_2d,gaussian,0.588636,1.346748,0.437079,0.04058359,0.76996898,70.966249,0.006217,7.770778,False,0.02186405,500000,symplectic_4th,1000
OSC-000652,16,small_world,gaussian,1.891898,1.623572,1.165269,0.37721318,0.45450522,3.631355,0.424333,7.689737,False,-0.06535264,500000,rk4,10000
OSC-000653,16,lattice_2d,lorentzian,3.540809,1.828326,1.93664,0.69206021,0.1066114,0.557725,0.666723,7.766176,False,-0.07761575,100000,symplectic_4th,5000
OSC-000654,96,scale_free,uniform,2.50328,1.883152,1.329304,0.49592602,1.00651958,1.488241,0.500873,7.654323,False,-0.09947336,100000,rk4,10000
OSC-000655,8,ring,uniform,1.604887,0.785398,2.043406,0.70162999,0.00972728,1.067577,0.682622,7.821661,False,-0.12466934,10000,verlet,5000
OSC-000656,32,small_world,uniform,2.22564,1.703577,1.306451,0.47951983,0.30160854,1.869247,0.404037,7.821696,False,-0.08664752,500000,euler,1000
OSC-000657,64,all_to_all,gaussian,2.526849,0.63662,3.969164,0.86538508,0.15523398,0.466686,0.912431,7.857486,False,-0.09194113,100000,rk4,1000
OSC-000658,64,ring,bimodal,4.150204,0.098175,42.273629,0.98737272,0.20551629,0.383745,1.0,7.84534,False,-0.09928542,500000,verlet,1000
OSC-000659,48,scale_free,uniform,2.137848,1.945697,1.098757,0.29780524,0.68009376,5.096558,0.244171,7.694974,False,-0.09799693,500000,rk4,10000
OSC-000660,128,ring,gaussian,0.445569,0.049087,9.077064,0.94409201,1.7758161,2.469628,0.926161,7.771098,False,-0.10278439,100000,symplectic_4th,5000
OSC-000661,48,small_world,lorentzian,4.1321,1.617476,2.554659,0.7810187,1.35716342,0.232992,0.72576,7.790407,False,-0.05407483,500000,symplectic_4th,1000
OSC-000662,16,ring,uniform,4.182164,0.392699,10.649794,0.9636842,0.26856893,0.4186,0.976594,7.760227,False,-0.11607965,50000,symplectic_4th,10000
OSC-000663,8,lattice_2d,gaussian,3.865891,1.286493,3.004985,0.81650308,0.05636508,0.44353,0.81907,7.878251,False,-0.11174196,50000,verlet,5000
OSC-000664,32,lattice_2d,uniform,1.529847,1.365838,1.12008,0.32870993,0.50794556,5.771647,0.353807,7.967623,True,-0.13755157,10000,euler,10000
OSC-000665,48,random_erdos_renyi,gaussian,0.802481,1.727649,0.464493,0.04807827,0.44339164,44.07044,0.000976,7.694364,False,0.04406618,50000,verlet,5000
OSC-000666,8,ring,uniform,3.453151,0.785398,4.396689,0.8795367,0.08024553,0.465872,0.897304,7.649969,False,-0.11610913,10000,rk4,1000
OSC-000667,128,random_erdos_renyi,bimodal,2.303389,1.415905,1.626797,0.62311659,1.25646868,0.96268,0.588152,7.770193,False,-0.07802758,50000,symplectic_4th,10000
OSC-000668,64,ring,gaussian,1.505631,0.098175,15.336233,0.96664007,0.44402357,0.450498,0.937171,7.879731,False,-0.08246507,500000,verlet,1000
OSC-000669,8,scale_free,bimodal,3.582361,1.916288,1.869427,0.67706287,0.0652008,0.440151,0.732249,7.686242,False,-0.06192691,500000,symplectic_4th,5000
OSC-000670,128,scale_free,bimodal,3.36033,1.234739,2.72149,0.79569747,2.3339958,0.559454,0.797678,7.987865,False,-0.1442132,100000,symplectic_4th,10000
OSC-000671,96,small_world,lorentzian,1.146217,1.196096,0.958299,0.030886,1.31721533,86.647657,0,7.915888,False,0.02005419,500000,rk4,1000
OSC-000672,32,small_world,gaussian,2.215741,1.120575,1.977324,0.69602852,0.38586037,0.897168,0.713519,7.954639,False,-0.07310967,50000,symplectic_4th,10000
OSC-000673,32,ring,bimodal,1.650804,0.19635,8.407478,0.94760332,0.33416312,0.846568,0.952177,7.714876,False,-0.12611561,10000,rk4,1000
OSC-000674,16,all_to_all,uniform,4.608842,0.63662,7.239552,0.92294352,0.2579451,0.185486,1.0,7.95403,False,-0.12050048,50000,verlet,1000
OSC-000675,64,random_erdos_renyi,lorentzian,2.958898,1.887829,1.567355,0.60298976,0.00055296,0.901236,0.563375,7.933222,False,-0.08470179,50000,euler,5000
OSC-000676,16,random_erdos_renyi,bimodal,2.400882,1.707257,1.40628,0.54281338,0.40351813,1.405186,0.655183,7.674468,False,-0.1058023,500000,rk4,1000
OSC-000677,24,scale_free,bimodal,1.958912,1.355191,1.445487,0.55554311,0.28229296,1.559437,0.470141,7.950317,False,-0.1111499,50000,symplectic_4th,1000
OSC-000678,128,lattice_2d,lorentzian,4.443804,2.170361,2.047495,0.71180511,1.90564443,0.460521,0.696319,7.925108,False,-0.06285778,50000,verlet,5000
OSC-000679,16,small_world,bimodal,0.178182,2.261643,0.078784,0.20142676,0.05477546,19.041781,0.286683,7.858893,False,0.06515531,10000,symplectic_4th,5000
OSC-000680,24,all_to_all,gaussian,3.532523,0.63662,5.548874,0.90429834,1.03765537,0.302411,0.938327,7.976159,False,-0.10090087,10000,verlet,10000
OSC-000681,8,ring,uniform,3.699742,0.785398,4.710658,0.89440481,0.08943034,0.422669,0.866806,7.975495,False,-0.09330658,500000,verlet,5000
OSC-000682,96,scale_free,lorentzian,1.381781,1.686354,0.819389,0.06953422,1.23415346,110.622512,0.116878,7.884647,False,0.03292644,100000,rk4,1000
OSC-000683,24,all_to_all,gaussian,0.464632,0.63662,0.729842,0.32568036,0.14285004,25.982755,0.353278,7.665275,False,0.0518242,10000,verlet,10000
OSC-000684,16,ring,bimodal,3.191914,0.392699,8.128143,0.93594117,0.04484094,0.485155,0.923018,7.807907,False,-0.07121012,10000,euler,1000
OSC-000685,16,all_to_all,bimodal,3.978804,0.63662,6.249891,0.92507222,0.16543913,0.330161,0.963661,7.872058,False,-0.12235423,50000,symplectic_4th,10000
OSC-000686,24,scale_free,lorentzian,3.684667,1.43749,2.563265,0.77414686,0.01999188,0.331679,0.795179,8.067353,False,-0.07407413,100000,euler,10000
OSC-000687,32,lattice_2d,uniform,1.016535,1.465243,0.693766,0.0671256,0.11121616,49.91525,0.104261,7.951068,False,0.02730492,100000,euler,5000
OSC-000688,48,small_world,gaussian,2.699699,1.276969,2.114147,0.72167869,0.56157908,0.696212,0.805449,7.863081,False,-0.09715405,100000,rk4,10000
OSC-000689,96,all_to_all,bimodal,0.158795,0.63662,0.249434,0.00157937,0.54764758,59.623973,0,7.732553,False,0.07311752,10000,verlet,10000
OSC-000690,64,scale_free,lorentzian,2.548505,1.483166,1.718288,0.64369125,0.68672275,0.843516,0.676177,7.829632,False,-0.10504307,100000,symplectic_4th,5000
OSC-000691,128,small_world,bimodal,2.371757,1.453821,1.631395,0.62367807,0.44810333,1.182194,0.688568,7.810517,False,-0.09784497,50000,verlet,5000
OSC-000692,24,scale_free,lorentzian,3.342683,2.029091,1.64738,0.62751017,0.39006854,0.87412,0.636515,7.870849,False,-0.1088412,100000,euler,1000
OSC-000693,128,scale_free,gaussian,1.587258,1.60791,0.987156,0.10720195,0.83104152,132.120792,0.164369,7.8125,False,0.02898896,50000,symplectic_4th,10000
OSC-000694,8,small_world,uniform,2.435831,1.742039,1.398264,0.53624262,0.06567408,1.491874,0.6208,7.767113,False,-0.1027952,100000,euler,5000
OSC-000695,48,lattice_2d,bimodal,3.096971,1.52432,2.031706,0.70972298,0.13613161,0.579485,0.750359,7.810269,False,-0.10970165,500000,rk4,1000
OSC-000696,128,small_world,bimodal,3.472581,1.517636,2.288152,0.75456137,3.61358209,0.393457,0.682747,7.669395,False,-0.1160481,100000,verlet,10000
OSC-000697,32,ring,lorentzian,3.929816,0.19635,20.014389,0.97512552,0.31309394,0.170557,0.957286,7.697607,False,-0.09413446,500000,rk4,5000
OSC-000698,16,scale_free,gaussian,3.155674,1.290654,2.445019,0.77383708,0.25090783,0.36507,0.710589,7.905958,False,-0.10407678,500000,symplectic_4th,1000
OSC-000699,48,lattice_2d,gaussian,2.42136,1.158911,2.089341,0.72584738,0.48626012,0.793597,0.682776,7.939387,False,-0.13238542,100000,symplectic_4th,5000
OSC-000700,32,lattice_2d,gaussian,4.792856,1.301004,3.683968,0.85208908,0.22673991,0.268604,0.770987,7.890726,False,-0.0663035,100000,euler,5000
OSC-000701,96,lattice_2d,uniform,1.550907,1.439549,1.077356,0.26927564,2.31716406,8.265975,0.227051,7.875448,True,-0.08983554,500000,symplectic_4th,10000
OSC-000702,24,random_erdos_renyi,bimodal,3.816462,0.567602,6.723834,0.92518992,0.36019962,0.281446,1.0,7.772911,False,-0.09655276,50000,verlet,1000
OSC-000703,16,all_to_all,lorentzian,2.807618,0.63662,4.410196,0.87639258,0.26221257,0.435213,0.814277,7.730572,False,-0.12088233,500000,euler,5000
OSC-000704,8,lattice_2d,lorentzian,0.292969,1.273862,0.229985,0.53115484,0.0477999,7.811626,0.517895,7.715864,False,0.05984419,10000,euler,10000
OSC-000705,32,all_to_all,lorentzian,4.864365,0.63662,7.640927,0.93140917,0.14635122,0.323711,0.93172,7.71354,False,-0.12341956,500000,euler,10000
OSC-000706,16,ring,bimodal,0.879396,0.392699,2.239364,0.74223317,0.18582777,1.812452,0.744647,7.863766,False,-0.10179677,50000,symplectic_4th,1000
OSC-000707,8,ring,gaussian,4.754834,0.785398,6.054042,0.91225409,0.12176909,0.235917,0.891326,7.919739,False,-0.11334048,100000,symplectic_4th,1000
OSC-000708,96,random_erdos_renyi,uniform,0.296637,1.274938,0.232668,0.05906137,0.60906782,94.003438,0.056085,7.79065,False,0.02479914,100000,euler,5000
OSC-000709,32,ring,uniform,4.584483,0.19635,23.348581,0.97824733,0.06001356,0.11517,0.957546,7.866003,False,-0.08867511,100000,verlet,1000
OSC-000710,64,small_world,bimodal,0.241206,1.680153,0.143562,0.0697543,0.09997312,52.761536,0.018887,7.82244,False,0.05232284,10000,euler,1000
OSC-000711,48,lattice_2d,gaussian,4.444596,1.580284,2.81253,0.80390513,0.06643721,0.480077,0.8274,7.640331,False,-0.11694064,100000,euler,10000
OSC-000712,8,small_world,uniform,1.736267,1.539689,1.127673,0.3408478,0.04763701,4.841208,0.33047,7.721305,False,-0.12590422,500000,symplectic_4th,10000
OSC-000713,48,lattice_2d,gaussian,0.480603,1.818357,0.264306,0.00262454,0.48697101,51.016772,0.005745,7.909867,False,0.05112713,10000,verlet,5000
OSC-000714,96,lattice_2d,gaussian,3.264283,1.73543,1.880966,0.68548881,2.51363087,0.619952,0.657227,7.888092,False,-0.10956622,10000,rk4,5000
OSC-000715,24,small_world,bimodal,4.657616,1.292728,3.602936,0.85554003,0.04017164,0.359371,0.963231,7.824544,False,-0.13024799,10000,symplectic_4th,1000
OSC-000716,8,all_to_all,uniform,3.651564,0.63662,5.735864,0.89448745,0.1263088,0.303489,0.856917,7.957422,False,-0.0963634,10000,euler,1000
OSC-000717,16,scale_free,bimodal,4.169211,1.84572,2.258854,0.747619,0.20638395,0.569018,0.734325,7.81608,False,-0.06838509,100000,verlet,10000
OSC-000718,128,ring,lorentzian,0.219623,0.049087,4.474125,0.88235616,0.92298884,5.739907,0.887548,7.938517,False,-0.07101469,500000,symplectic_4th,1000
OSC-000719,8,small_world,lorentzian,0.533238,1.505323,0.354235,0.44054823,0.18983293,6.51362,0.427183,7.961291,False,0.0313776,50000,verlet,10000
OSC-000720,64,scale_free,gaussian,4.919213,1.246556,3.946244,0.86289223,0.67927372,0.215355,0.813884,7.644434,False,-0.10921322,500000,rk4,10000
OSC-000721,48,ring,lorentzian,4.631123,0.1309,35.379177,0.98312712,0.15914267,0.135021,0.909893,7.793166,False,-0.08588251,50000,verlet,10000
OSC-000722,24,random_erdos_renyi,gaussian,4.888437,1.324233,3.691522,0.85587882,0.19215626,0.131668,0.912324,8.053417,False,-0.14158007,10000,rk4,10000
OSC-000723,8,small_world,gaussian,3.959849,1.470582,2.692708,0.78214889,0.00916971,0.406146,0.807138,7.747244,False,-0.07754718,500000,euler,10000
OSC-000724,64,lattice_2d,bimodal,3.470225,1.359076,2.553371,0.78175841,0.60536632,0.435467,0.758896,7.772281,False,-0.13140807,10000,rk4,5000
OSC-000725,24,all_to_all,lorentzian,1.284983,0.63662,2.018447,0.70399404,0.48934819,1.475403,0.69812,7.838599,False,-0.10400894,10000,verlet,1000
OSC-000726,32,ring,uniform,0.428407,0.19635,2.181859,0.73428491,0.36725875,4.269714,0.709298,7.964626,False,-0.09820944,100000,symplectic_4th,5000
OSC-000727,32,small_world,bimodal,3.212576,1.006878,3.190632,0.82319616,0.08186747,0.367884,0.881453,7.813054,False,-0.10915276,500000,symplectic_4th,10000
OSC-000728,16,scale_free,lorentzian,4.750699,1.685275,2.818945,0.79684368,0.31464581,0.138186,0.884669,7.832422,False,-0.10851062,100000,rk4,1000
OSC-000729,32,lattice_2d,uniform,1.282755,1.021232,1.256086,0.45317762,0.40417122,3.680276,0.421377,7.991187,False,-0.09146071,500000,rk4,1000
OSC-000730,24,random_erdos_renyi,uniform,4.684137,1.334099,3.511085,0.84115753,0.33696088,0.147172,0.858877,7.656306,False,-0.07058533,10000,verlet,10000
OSC-000731,16,lattice_2d,bimodal,4.28242,1.651306,2.593353,0.78870321,0.37017472,0.412194,0.720446,7.897696,False,-0.09215889,500000,symplectic_4th,1000
OSC-000732,8,scale_free,gaussian,3.885067,1.476462,2.631335,0.7917002,0.09383122,0.33218,0.855678,7.870712,False,-0.11189442,500000,rk4,1000
OSC-000733,24,ring,gaussian,3.727746,0.261799,14.238942,0.96920516,0.13848463,0.199251,0.987328,7.823573,False,-0.10386641,100000,rk4,5000
OSC-000734,128,all_to_all,lorentzian,2.237827,0.63662,3.51517,0.84568811,0.82498636,0.795646,0.899112,7.772062,False,-0.1195101,50000,euler,1000
OSC-000735,8,ring,uniform,2.895061,0.785398,3.686106,0.84971822,0.00525053,0.568426,0.848662,7.826964,False,-0.09258676,50000,symplectic_4th,1000
OSC-000736,8,ring,gaussian,0.822197,0.785398,1.046854,0.21892218,0.17238083,21.402944,0.220158,7.841594,True,-0.10950411,100000,rk4,5000
OSC-000737,24,small_world,gaussian,1.024468,1.845266,0.555187,0.28185585,0.0305188,24.8653,0.322106,7.887754,False,0.03329696,10000,euler,10000
OSC-000738,24,random_erdos_renyi,gaussian,4.319809,1.221519,3.536425,0.85135301,0.35935361,0.450547,0.846227,7.833083,False,-0.06653876,100000,euler,5000
OSC-000739,96,all_to_all,bimodal,0.310254,0.63662,0.487345,0.04382224,1.82903583,106.909034,0.119156,7.753343,False,0.06558742,50000,euler,5000
OSC-000740,96,lattice_2d,gaussian,2.535954,1.519802,1.668608,0.63548118,2.11744697,1.035999,0.579735,7.893765,False,-0.10977695,10000,verlet,5000
OSC-000741,96,small_world,bimodal,3.285818,1.001366,3.281337,0.83567354,0.88663912,0.506218,0.777282,8.001927,False,-0.11909337,500000,symplectic_4th,5000
OSC-000742,24,scale_free,lorentzian,1.777809,1.792643,0.991725,0.12810476,0.09713145,23.277144,0.127709,7.909023,False,0.04780113,50000,verlet,5000
OSC-000743,32,random_erdos_renyi,gaussian,1.807715,1.745548,1.035615,0.18315393,0.88108255,13.754365,0.177448,7.820834,False,-0.07907761,50000,euler,10000
OSC-000744,48,ring,lorentzian,3.591843,0.1309,27.43966,0.97976345,0.37405959,0.170243,0.993837,7.948666,False,-0.07848308,100000,euler,1000
OSC-000745,64,ring,bimodal,1.937493,0.098175,19.735144,0.97124851,1.28017312,0.641772,0.948433,7.788344,False,-0.08712388,10000,verlet,1000
OSC-000746,96,random_erdos_renyi,bimodal,4.677198,1.694103,2.76087,0.79864803,1.91040742,0.285838,0.864723,7.822397,False,-0.10438632,50000,verlet,1000
OSC-000747,96,lattice_2d,bimodal,3.016832,1.882783,1.602326,0.61111581,1.10047885,0.92032,0.632672,7.714249,False,-0.07248935,10000,rk4,1000
OSC-000748,48,all_to_all,lorentzian,0.724368,0.63662,1.137835,0.35196984,0.9284195,10.205031,0.358589,7.811225,False,-0.10594127,10000,verlet,10000
OSC-000749,48,small_world,bimodal,3.05794,1.512391,2.021925,0.71296401,0.49194009,0.413568,0.690723,7.888435,False,-0.07378191,50000,euler,5000
OSC-000750,32,random_erdos_renyi,uniform,4.776919,1.557116,3.067799,0.82587521,0.60489902,0.388195,0.820579,7.785317,False,-0.09922641,500000,euler,1000
OSC-000751,128,random_erdos_renyi,gaussian,1.469406,2.021537,0.726876,0.12408191,3.18865822,128.760029,0.032891,7.908661,False,0.06273417,50000,rk4,1000
OSC-000752,96,lattice_2d,bimodal,2.268385,1.235663,1.835764,0.67459842,0.01642726,0.885684,0.642246,7.753028,False,-0.10408326,500000,symplectic_4th,10000
OSC-000753,64,small_world,uniform,4.207273,1.085146,3.877151,0.86146089,0.15512988,0.259312,0.841922,7.700206,False,-0.1061438,500000,euler,1000
OSC-000754,64,small_world,bimodal,1.443295,1.222734,1.180384,0.38975061,0.69574085,4.188287,0.460182,7.97768,False,-0.10745413,50000,rk4,5000
OSC-000755,8,scale_free,lorentzian,2.23783,1.461226,1.531474,0.59020769,0.00086194,1.306673,0.547481,7.865483,False,-0.10528005,100000,symplectic_4th,1000
OSC-000756,24,ring,gaussian,4.244922,0.261799,16.21441,0.97760005,0.46660038,0.237997,0.97906,7.786675,False,-0.09239672,10000,verlet,1000
OSC-000757,48,scale_free,gaussian,1.536449,1.433371,1.071913,0.26048403,0.17884345,8.905777,0.242312,7.784237,False,-0.07754447,50000,rk4,10000
OSC-000758,8,random_erdos_renyi,gaussian,2.173994,1.41952,1.531499,0.59684699,0.08734481,1.324287,0.662783,7.797324,False,-0.06952315,100000,euler,10000
OSC-000759,16,scale_free,lorentzian,3.643722,1.740388,2.093626,0.72940068,0.46394812,0.523011,0.736026,7.93486,False,-0.12689456,10000,rk4,5000
OSC-000760,24,ring,uniform,2.398428,0.261799,9.161319,0.94557815,0.09323819,0.391742,0.915328,7.853044,False,-0.12180091,500000,euler,10000
OSC-000761,16,lattice_2d,gaussian,0.30714,1.714848,0.179106,0.29047148,0.24597924,15.814052,0.276262,7.949356,False,0.01655878,500000,symplectic_4th,10000
OSC-000762,64,random_erdos_renyi,bimodal,3.782993,1.531697,2.469806,0.76890282,0.54375817,0.324553,0.767737,7.852999,False,-0.11281716,100000,verlet,1000
OSC-000763,96,scale_free,bimodal,2.487386,1.479809,1.680882,0.63688176,0.9613088,0.913043,0.64995,7.665468,False,-0.12541197,50000,verlet,5000
OSC-000764,32,ring,uniform,4.512468,0.19635,22.981808,0.97946318,0.52095242,0.187702,0.915781,7.923468,False,-0.10936268,50000,symplectic_4th,1000
OSC-000765,32,ring,uniform,1.547549,0.19635,7.8816,0.93613818,0.65820552,0.771292,0.881069,7.925201,False,-0.12467779,100000,symplectic_4th,1000
OSC-000766,128,all_to_all,lorentzian,1.724117,0.63662,2.708236,0.79517181,0.71678103,1.021606,0.818225,7.833208,False,-0.10091358,10000,rk4,10000
OSC-000767,32,lattice_2d,lorentzian,0.218285,1.11498,0.195775,0.25992345,0.64666913,23.351791,0.277139,7.822962,False,0.05631074,10000,symplectic_4th,5000
OSC-000768,96,random_erdos_renyi,uniform,3.769793,1.310258,2.877139,0.805508,2.52637037,0.391356,0.858763,7.98324,False,-0.1152774,100000,euler,1000
OSC-000769,32,all_to_all,bimodal,1.451223,0.63662,2.279576,0.75411564,0.3378501,1.242185,0.780745,7.834062,False,-0.11143436,50000,symplectic_4th,10000
OSC-000770,48,ring,uniform,4.95603,0.1309,37.861279,0.9876349,0.54867024,0.230462,0.975101,7.655925,False,-0.09142794,50000,symplectic_4th,1000
OSC-000771,16,lattice_2d,bimodal,4.07728,2.153812,1.893053,0.68240339,0.37555854,0.439107,0.722894,7.956322,False,-0.10707838,100000,verlet,10000
OSC-000772,24,lattice_2d,lorentzian,1.301953,1.680044,0.774952,0.332456,0.34157359,19.300025,0.315977,8.064866,False,0.03322682,500000,rk4,10000
OSC-000773,48,small_world,uniform,4.137938,2.265022,1.826887,0.66753097,0.16623544,0.579572,0.790211,7.773759,False,-0.09743729,10000,verlet,5000
OSC-000774,96,scale_free,lorentzian,3.152985,1.432133,2.201601,0.74022224,2.30218668,0.530853,0.758053,7.604532,False,-0.08087994,500000,euler,5000
OSC-000775,128,all_to_all,lorentzian,4.694211,0.63662,7.373649,0.93035279,1.97122592,0.295436,0.97254,7.74987,False,-0.07426091,500000,symplectic_4th,1000
OSC-000776,48,ring,gaussian,1.746945,0.1309,13.345679,0.96080833,0.0457653,0.53751,0.974718,7.793285,False,-0.0715698,50000,symplectic_4th,5000
OSC-000777,16,lattice_2d,gaussian,4.960003,1.742571,2.84637,0.80853005,0.16131204,0.501642,0.915239,7.728129,False,-0.07740085,100000,rk4,1000
OSC-000778,24,small_world,lorentzian,0.503494,2.312616,0.217716,0.40156423,0.24480321,24.024352,0.479591,7.747438,False,0.07975919,500000,rk4,5000
OSC-000779,48,random_erdos_renyi,uniform,4.175831,1.162892,3.590903,0.84919528,0.65179837,0.269839,0.82519,7.733721,False,-0.12433591,10000,symplectic_4th,10000
OSC-000780,32,lattice_2d,lorentzian,3.358542,2.074749,1.618771,0.61964351,0.12204991,0.601408,0.581998,7.922479,False,-0.10847223,500000,symplectic_4th,1000
OSC-000781,48,lattice_2d,lorentzian,1.131682,1.951654,0.579858,0.21835971,0.66020186,51.251701,0.222347,7.87001,False,0.04201229,500000,euler,1000
OSC-000782,16,small_world,lorentzian,3.621338,1.349448,2.683569,0.78597972,0.08482354,0.458448,0.712313,7.641746,False,-0.12520747,50000,symplectic_4th,10000
OSC-000783,8,small_world,gaussian,2.014892,1.37155,1.469061,0.56380071,0.10094713,1.628343,0.487972,7.689335,False,-0.07659485,500000,symplectic_4th,10000
OSC-000784,64,scale_free,gaussian,3.566184,1.699278,2.098646,0.71974816,0.23729364,0.321504,0.720706,7.628715,False,-0.08373894,50000,verlet,5000
OSC-000785,16,scale_free,lorentzian,0.826022,2.053719,0.402208,0.13833697,0.08116994,9.622336,0.062115,7.963402,False,0.03242793,500000,rk4,1000
OSC-000786,64,lattice_2d,lorentzian,0.113413,1.58994,0.071331,0.11482413,0.54663581,66.575092,0.080396,7.829534,False,0.03546816,100000,symplectic_4th,10000
OSC-000787,32,scale_free,uniform,2.329267,1.882056,1.237619,0.43731595,0.07521307,2.024225,0.417055,7.916436,False,-0.09503485,500000,rk4,5000
OSC-000788,96,scale_free,gaussian,1.192208,2.004117,0.594879,0.08999497,0.77337608,136.294676,0.145144,7.68245,False,0.03708968,500000,verlet,1000
OSC-000789,32,all_to_all,gaussian,4.764842,0.63662,7.484596,0.92674573,0.01437239,0.273181,0.812551,7.937453,False,-0.09483008,500000,rk4,10000
OSC-000790,48,random_erdos_renyi,uniform,2.533514,1.272992,1.990204,0.70223987,0.19362561,0.622472,0.674143,7.969994,False,-0.13598644,500000,verlet,1000
OSC-000791,32,all_to_all,bimodal,0.490417,0.63662,0.770345,0.25832883,0.29749263,35.347428,0.261748,7.829714,False,0.03454264,100000,verlet,5000
OSC-000792,24,scale_free,gaussian,3.848954,1.462904,2.631037,0.78351754,0.03679355,0.75795,0.757893,7.696762,False,-0.08967793,10000,rk4,1000
OSC-000793,16,small_world,gaussian,0.655517,1.580398,0.414779,0.12130404,0.18453028,16.55848,0.034794,7.780175,False,0.05220791,100000,rk4,5000
OSC-000794,16,small_world,gaussian,4.73021,1.351909,3.498911,0.84719951,0.10564381,0.077854,0.751133,7.648797,False,-0.09356421,50000,euler,5000
OSC-000795,24,random_erdos_renyi,gaussian,2.445583,0.571256,4.281063,0.88058594,0.08548273,0.723269,0.898822,7.85819,False,-0.12052525,500000,euler,1000
OSC-000796,32,random_erdos_renyi,bimodal,0.427813,1.573138,0.271949,0.2902106,0.54926853,31.798837,0.229288,7.645707,False,0.01568976,500000,verlet,10000
OSC-000797,64,ring,uniform,0.278259,0.098175,2.834328,0.80462826,0.9558027,5.38118,0.878105,7.84587,False,-0.11266159,10000,verlet,5000
OSC-000798,16,ring,uniform,3.013778,0.392699,7.674522,0.93584129,0.08622176,0.36134,0.974244,7.917972,False,-0.06783153,100000,rk4,10000
OSC-000799,8,lattice_2d,lorentzian,1.305584,1.488282,0.877243,0.36226371,0.06054833,8.736973,0.368014,7.967147,True,0.03894981,50000,verlet,5000
OSC-000800,24,small_world,lorentzian,4.878135,1.996358,2.443517,0.75927586,0.0552084,0.434499,0.755628,7.728051,False,-0.08383311,50000,rk4,1000
OSC-000801,16,small_world,uniform,0.566271,1.540204,0.36766,0.02007622,0.3036295,17.552796,0,7.872115,False,0.08490116,50000,rk4,5000
OSC-000802,48,random_erdos_renyi,uniform,2.929073,1.642838,1.782935,0.6592933,0.33273125,0.693282,0.619525,7.802843,False,-0.0735566,10000,verlet,5000
OSC-000803,16,lattice_2d,lorentzian,1.418336,1.193624,1.18826,0.39982393,0.17940036,4.386987,0.378835,7.919154,True,-0.08583788,500000,verlet,5000
OSC-000804,16,small_world,gaussian,3.991125,1.176002,3.393807,0.83638088,0.24454511,0.383891,0.797752,7.725765,False,-0.0811037,10000,symplectic_4th,1000
OSC-000805,24,ring,gaussian,4.94927,0.261799,18.904817,0.96890993,0.53184835,0.216921,0.955924,8.006032,False,-0.09788259,50000,rk4,5000
OSC-000806,32,random_erdos_renyi,bimodal,1.043112,1.309271,0.796712,0.15993649,0.2689442,24.938567,0.197672,7.89975,False,0.04123858,50000,rk4,10000
OSC-000807,96,small_world,bimodal,2.994613,1.648018,1.8171,0.67058553,0.930275,0.583848,0.589244,7.745017,False,-0.14578129,50000,euler,10000
OSC-000808,8,ring,gaussian,3.749913,0.785398,4.774537,0.88020649,0.06572773,0.185437,0.903738,7.882024,False,-0.07469791,50000,rk4,10000
OSC-000809,8,scale_free,uniform,1.772649,1.401026,1.265251,0.45409901,0.09472613,2.589709,0.433547,7.643273,False,-0.0596035,500000,verlet,5000
OSC-000810,32,lattice_2d,gaussian,4.36276,1.575114,2.769806,0.80253154,0.61623184,0.242803,0.680737,7.845459,False,-0.11408246,500000,symplectic_4th,1000
OSC-000811,8,all_to_all,bimodal,2.668982,0.63662,4.192427,0.87468929,0.09106732,0.535983,0.865232,7.909425,False,-0.08485104,500000,rk4,10000
OSC-000812,128,small_world,lorentzian,3.256825,1.960616,1.661123,0.62830655,1.89173061,0.747333,0.684486,7.784288,False,-0.09249419,50000,symplectic_4th,1000
OSC-000813,8,ring,bimodal,1.98445,0.785398,2.52668,0.78624374,0.07140961,0.79197,0.764494,7.819331,False,-0.08086535,100000,rk4,5000
OSC-000814,48,lattice_2d,bimodal,4.435562,1.885083,2.352979,0.75876729,0.50156592,0.471966,0.789619,7.673324,False,-0.11249468,50000,symplectic_4th,10000
OSC-000815,8,ring,uniform,1.704146,0.785398,2.169786,0.72639835,0.04236732,0.958693,0.723938,7.827761,False,-0.09666419,100000,symplectic_4th,5000
OSC-000816,48,random_erdos_renyi,gaussian,3.181351,1.634768,1.946056,0.69369332,0.58936953,0.55625,0.674977,7.728001,False,-0.08082443,50000,verlet,1000
OSC-000817,64,small_world,bimodal,2.516438,1.520738,1.654747,0.62595154,0.10634558,1.048473,0.617324,7.786635,False,-0.08848585,10000,euler,5000
OSC-000818,96,random_erdos_renyi,uniform,0.602814,1.367632,0.440772,0.12845656,0.88226407,93.327889,0.093836,7.851277,False,0.06877858,10000,verlet,1000
OSC-000819,96,all_to_all,lorentzian,3.250794,0.63662,5.106336,0.9000749,0.335965,0.56984,0.962911,7.796174,False,-0.1057248,100000,euler,1000
OSC-000820,128,lattice_2d,lorentzian,3.509757,1.075496,3.263386,0.83214806,3.73714277,0.416793,0.846429,7.766279,False,-0.11524195,10000,euler,10000
OSC-000821,48,all_to_all,bimodal,3.512258,0.63662,5.517041,0.90620575,1.21636044,0.279763,0.878103,7.80925,False,-0.10391608,10000,verlet,1000
OSC-000822,24,ring,gaussian,3.713628,0.261799,14.185012,0.95266371,0.22255187,0.223239,0.959448,7.881591,False,-0.12855817,50000,euler,1000
OSC-000823,16,lattice_2d,gaussian,1.896548,1.607537,1.179785,0.39071875,0.11051137,3.398347,0.344914,7.757981,True,-0.13503307,50000,symplectic_4th,5000
OSC-000824,8,ring,lorentzian,0.272135,0.785398,0.346493,0.30845917,0.21718699,7.408921,0.31856,7.851402,False,0.05651943,500000,rk4,5000
OSC-000825,32,lattice_2d,gaussian,2.819487,1.463189,1.926947,0.69783671,0.02613932,0.512358,0.795288,7.741338,False,-0.04994902,500000,euler,10000
OSC-000826,32,scale_free,bimodal,0.943462,1.069504,0.882148,0.09940934,0.02296544,28.492816,0.161938,7.990052,False,0.03399607,10000,euler,5000
OSC-000827,48,scale_free,bimodal,0.665203,2.048695,0.324696,0.12984756,0.12750559,28.602847,0.139702,7.983977,False,0.05931379,500000,symplectic_4th,10000
OSC-000828,24,all_to_all,gaussian,2.741224,0.63662,4.305905,0.87559609,0.25423804,0.524555,0.925502,7.764885,False,-0.13252284,50000,rk4,5000
OSC-000829,16,small_world,lorentzian,1.727172,1.112168,1.552978,0.5987756,0.23570771,1.424871,0.64152,7.879952,False,-0.06536901,50000,rk4,10000
OSC-000830,24,random_erdos_renyi,bimodal,2.778959,1.931823,1.438516,0.55495258,0.22372378,1.078805,0.575501,7.899129,False,-0.09717046,10000,rk4,10000
OSC-000831,8,lattice_2d,uniform,0.509806,1.439388,0.354182,0.29657453,0.19334833,7.571281,0.28098,7.786489,False,0.02881949,10000,symplectic_4th,10000
OSC-000832,64,all_to_all,uniform,3.624204,0.63662,5.692887,0.91009281,0.59963847,0.250018,0.831546,7.747286,False,-0.10041794,100000,verlet,1000
OSC-000833,16,random_erdos_renyi,gaussian,2.436214,1.1824,2.060398,0.71353229,0.19078354,0.803474,0.741085,7.858781,False,-0.09804098,10000,verlet,5000
OSC-000834,128,all_to_all,bimodal,2.389833,0.63662,3.75394,0.85443381,1.66963741,0.575814,0.799754,7.6527,False,-0.12048679,10000,verlet,10000
OSC-000835,48,random_erdos_renyi,gaussian,2.085398,1.796318,1.160929,0.37036521,0.34426147,3.390449,0.402309,7.842224,False,-0.08255051,10000,verlet,5000
OSC-000836,24,random_erdos_renyi,bimodal,0.292942,1.451366,0.201839,0.25674814,0.00083782,24.926086,0.260844,7.965514,False,0.03327231,100000,rk4,10000
OSC-000837,24,ring,uniform,0.397488,0.261799,1.518291,0.58128399,0.4167385,6.646629,0.606574,7.772811,False,-0.14136361,10000,verlet,10000
OSC-000838,48,lattice_2d,gaussian,2.782641,1.387387,2.005671,0.70223724,0.64309775,0.712021,0.735061,7.817195,False,-0.1126386,10000,symplectic_4th,5000
OSC-000839,32,ring,uniform,0.793355,0.19635,4.040522,0.86316462,0.60292374,1.629179,0.803127,7.739247,False,-0.12345622,100000,symplectic_4th,5000
OSC-000840,24,all_to_all,gaussian,4.409286,0.63662,6.92609,0.92508431,0.11317767,0.230863,0.829993,7.787465,False,-0.09605477,100000,rk4,5000
OSC-000841,8,scale_free,lorentzian,0.867693,1.899324,0.456843,0.16791826,0.15299803,7.486182,0.142256,8.026751,False,0.06368051,100000,verlet,10000
OSC-000842,24,small_world,gaussian,4.80017,1.987504,2.415175,0.76622667,0.2124944,0.438172,0.790895,7.76127,False,-0.09142018,100000,rk4,1000
OSC-000843,16,small_world,gaussian,0.974428,1.168023,0.834254,0.10174551,0.30272038,15.681238,0.156891,7.810734,False,0.05350238,100000,rk4,5000
OSC-000844,8,small_world,gaussian,1.102735,1.406883,0.783815,0.19748178,0.28681708,8.47125,0.168096,7.698788,False,0.04563843,10000,symplectic_4th,10000
OSC-000845,32,ring,uniform,0.541282,0.19635,2.756728,0.79734274,0.02207105,2.61662,0.818828,7.852427,False,-0.09558289,50000,euler,10000
OSC-000846,16,lattice_2d,gaussian,3.255738,1.338795,2.431843,0.76745134,0.2052549,0.518858,0.756375,7.844723,False,-0.09258584,500000,verlet,5000
OSC-000847,16,scale_free,bimodal,3.916675,1.558295,2.513436,0.77484409,0.03169626,0.642146,0.78064,7.835954,False,-0.09551394,10000,rk4,5000
OSC-000848,96,all_to_all,gaussian,4.204224,0.63662,6.60398,0.92085391,0.93668759,0.245492,0.879119,7.753452,False,-0.11777386,100000,rk4,10000
OSC-000849,96,all_to_all,gaussian,2.019631,0.63662,3.172429,0.82606598,0.39737819,0.747891,0.81298,7.685422,False,-0.12205084,100000,rk4,10000
OSC-000850,48,ring,gaussian,2.04531,0.1309,15.625021,0.96201826,0.60992698,0.375801,0.91853,7.778925,False,-0.09326969,50000,euler,10000
OSC-000851,24,all_to_all,gaussian,2.31133,0.63662,3.630629,0.84904667,0.45487627,0.788548,0.912843,7.763645,False,-0.13716671,100000,euler,10000
OSC-000852,96,lattice_2d,uniform,3.91229,1.702963,2.297344,0.74894735,0.37594467,0.549879,0.706604,7.895268,False,-0.09844007,10000,rk4,10000
OSC-000853,24,scale_free,uniform,4.700342,1.410576,3.332214,0.84440995,0.07093464,0.498541,0.879869,7.765157,False,-0.08458613,10000,rk4,5000
OSC-000854,24,lattice_2d,bimodal,1.142982,2.139294,0.53428,0.21370513,0.63210117,21.602933,0.212551,7.92122,False,0.07007548,50000,symplectic_4th,10000
OSC-000855,16,scale_free,bimodal,2.17992,1.602155,1.360618,0.50482556,0.03017316,1.493309,0.40568,7.870538,False,-0.11444687,10000,rk4,1000
OSC-000856,48,random_erdos_renyi,uniform,3.923192,1.736604,2.259117,0.73849753,0.28576423,0.516763,0.810388,7.662367,False,-0.10205381,500000,rk4,1000
OSC-000857,32,lattice_2d,lorentzian,3.111092,1.133363,2.745009,0.79847832,0.42464623,0.397764,0.854161,8.014677,False,-0.09579206,100000,rk4,5000
OSC-000858,48,random_erdos_renyi,gaussian,2.320229,1.935988,1.198473,0.4051289,0.45130309,2.717902,0.349827,7.907366,False,-0.14289896,500000,symplectic_4th,10000
OSC-000859,48,random_erdos_renyi,bimodal,0.539308,1.183318,0.455759,0.08005985,0.44259885,50.641785,0.01572,7.74532,False,0.03035193,50000,verlet,10000
OSC-000860,16,small_world,uniform,2.89046,1.587549,1.820705,0.66104237,0.24285838,0.571421,0.761716,7.769148,False,-0.07028814,50000,verlet,1000
OSC-000861,96,scale_free,uniform,2.098314,1.861003,1.127518,0.33437082,1.80971729,3.944195,0.342882,7.955496,False,-0.0770989,10000,symplectic_4th,1000
OSC-000862,32,small_world,gaussian,3.383718,1.289973,2.623092,0.78630706,0.07735976,0.418486,0.79095,8.074652,False,-0.07251077,10000,verlet,1000
OSC-000863,64,scale_free,uniform,4.90983,1.989118,2.468345,0.77391913,0.16327257,0.318638,0.778876,7.88888,False,-0.1329786,500000,verlet,10000
OSC-000864,24,scale_free,lorentzian,2.907275,1.81583,1.601073,0.6155761,0.0501779,1.024725,0.646553,7.797675,False,-0.13366964,10000,euler,1000
OSC-000865,64,random_erdos_renyi,lorentzian,4.904323,1.293423,3.791738,0.85806607,0.15237425,0.30425,0.894894,7.758311,False,-0.10382261,100000,verlet,10000
OSC-000866,8,all_to_all,gaussian,2.444245,0.63662,3.839411,0.86009988,0.08902142,0.614096,0.817365,7.669112,False,-0.07360883,10000,rk4,1000
OSC-000867,96,random_erdos_renyi,gaussian,4.090137,1.897044,2.156059,0.73362819,0.32885514,0.68144,0.743189,7.805172,False,-0.07758942,100000,rk4,5000
OSC-000868,16,lattice_2d,lorentzian,0.366185,1.648545,0.222126,0.13065663,0.2147096,14.548997,0.106654,7.73597,False,0.03927913,500000,euler,1000
OSC-000869,64,ring,lorentzian,1.423595,0.098175,14.500624,0.96703961,0.21963117,0.667864,0.938078,8.053498,False,-0.0828902,50000,symplectic_4th,5000
OSC-000870,24,random_erdos_renyi,gaussian,0.551141,1.286173,0.428512,0.21538981,0.5082803,18.459527,0.267407,7.628974,False,0.10019377,10000,verlet,1000
OSC-000871,96,random_erdos_renyi,lorentzian,0.429075,1.104923,0.38833,0.02315898,1.56827636,101.066826,0.14007,7.91328,False,0.04506928,50000,euler,5000
OSC-000872,96,all_to_all,bimodal,2.768959,0.63662,4.34947,0.87780838,1.02699295,0.592179,0.790989,7.853752,False,-0.09205047,50000,rk4,5000
OSC-000873,16,ring,bimodal,1.266068,0.392699,3.224015,0.82314302,0.14013168,1.210864,0.866383,7.747634,False,-0.10819059,10000,euler,1000
OSC-000874,128,all_to_all,lorentzian,1.604781,0.63662,2.520785,0.77434579,0.1486212,1.086622,0.831703,8.020862,False,-0.08818162,100000,rk4,1000
OSC-000875,96,small_world,lorentzian,1.103963,1.720282,0.641734,0.00238866,0.95964834,104.888459,0,7.838853,False,0.06402818,500000,euler,1000
OSC-000876,16,all_to_all,gaussian,3.231406,0.63662,5.075881,0.90043379,0.40457687,0.23704,0.820995,7.730578,False,-0.08950644,500000,euler,10000
OSC-000877,64,lattice_2d,bimodal,3.943533,1.617931,2.437392,0.76689764,0.00649373,0.438087,0.666664,7.851418,False,-0.06305574,50000,rk4,10000
OSC-000878,24,random_erdos_renyi,lorentzian,2.904884,1.271192,2.285166,0.75194949,0.13373019,0.659369,0.674137,7.83702,False,-0.12734889,500000,rk4,5000
OSC-000879,128,lattice_2d,uniform,2.073031,1.381938,1.50009,0.57858509,0.92442084,1.28239,0.627445,7.937318,False,-0.07176799,100000,rk4,5000
OSC-000880,24,all_to_all,gaussian,0.9842,0.63662,1.545978,0.59176779,0.0848014,2.964703,0.722802,7.766452,False,-0.12646637,10000,verlet,10000
OSC-000881,128,all_to_all,lorentzian,2.08418,0.63662,3.273822,0.83379763,1.68343112,0.549398,0.7381,7.946681,False,-0.08852166,100000,symplectic_4th,5000
OSC-000882,8,random_erdos_renyi,lorentzian,2.755102,1.538883,1.790326,0.6742514,0.11349345,0.618644,0.699174,7.814867,False,-0.06597708,10000,euler,10000
OSC-000883,96,lattice_2d,lorentzian,2.58607,1.213503,2.131079,0.72824866,1.44919041,0.790434,0.697698,7.819042,False,-0.12386391,10000,rk4,5000
OSC-000884,64,scale_free,bimodal,0.275417,1.986503,0.138644,0.04876062,0.48201189,59.361037,0.08125,7.796195,False,0.02903731,500000,euler,10000
OSC-000885,24,all_to_all,bimodal,1.44701,0.63662,2.272958,0.74714821,0.35667281,0.966229,0.811928,7.884604,False,-0.07695163,500000,symplectic_4th,10000
OSC-000886,24,random_erdos_renyi,bimodal,2.578447,1.441579,1.788627,0.66354854,0.10394314,0.916222,0.625615,7.72662,False,-0.11083193,10000,verlet,10000
OSC-000887,8,scale_free,gaussian,1.906536,1.280596,1.488788,0.56156331,0.02435348,1.377342,0.509587,7.657777,False,-0.09930438,100000,symplectic_4th,10000
OSC-000888,8,all_to_all,uniform,0.922806,0.63662,1.449541,0.54986177,0.12021691,3.339614,0.547694,7.634405,False,-0.1014587,500000,symplectic_4th,10000
OSC-000889,96,ring,gaussian,1.829798,0.06545,27.957249,0.98324018,1.27929066,0.487029,0.937475,7.721733,False,-0.08346513,100000,symplectic_4th,1000
OSC-000890,32,random_erdos_renyi,uniform,1.766912,1.774639,0.995645,0.03687832,0.43194907,29.588065,0,7.74114,False,0.04625664,500000,euler,5000
OSC-000891,96,ring,gaussian,2.077892,0.06545,31.74785,0.98064226,0.06683639,0.515746,1.0,7.849012,False,-0.11884772,50000,rk4,10000
OSC-000892,96,small_world,lorentzian,2.642781,1.926635,1.371709,0.52103163,3.21846717,1.310797,0.512752,7.823602,False,-0.109908,100000,verlet,1000
OSC-000893,8,ring,lorentzian,3.177826,0.785398,4.046134,0.87506056,0.16749719,0.518924,0.809671,7.819864,False,-0.09122857,500000,symplectic_4th,1000
OSC-000894,8,ring,lorentzian,2.951687,0.785398,3.758205,0.85514079,0.07734042,0.487017,0.873283,7.771668,False,-0.10627921,500000,rk4,5000
OSC-000895,64,ring,uniform,1.16132,0.098175,11.829106,0.95887219,1.05125373,1.055088,0.970418,7.931703,False,-0.10680795,10000,euler,5000
OSC-000896,128,small_world,uniform,0.178678,0.771262,0.23167,0.15845965,0.89591475,158.153538,0.239185,7.856391,False,0.03454626,10000,rk4,5000
OSC-000897,24,scale_free,bimodal,0.697867,0.955021,0.730735,0.32990203,0.01227918,21.039555,0.405372,7.889917,False,0.06543991,100000,verlet,1000
OSC-000898,32,random_erdos_renyi,lorentzian,2.070749,1.751759,1.182097,0.398865,0.15647867,2.832892,0.359878,7.84678,False,-0.12047278,100000,symplectic_4th,5000
OSC-000899,128,small_world,lorentzian,3.559898,1.606344,2.21615,0.74005525,2.37051894,0.490963,0.771765,7.779629,False,-0.12192046,500000,verlet,5000
OSC-000900,48,ring,gaussian,1.592254,0.1309,12.163928,0.95455063,0.29841536,0.646554,1.0,7.906563,False,-0.0954827,10000,rk4,1000
OSC-000901,24,small_world,lorentzian,3.231909,1.493761,2.163605,0.72617662,0.01433423,0.637943,0.742385,7.713244,False,-0.12920352,10000,verlet,5000
OSC-000902,16,ring,uniform,1.687485,0.392699,4.297146,0.86992153,0.18371672,0.69598,0.83077,7.818745,False,-0.13019078,100000,verlet,5000
OSC-000903,96,scale_free,bimodal,3.482767,1.975875,1.762645,0.66190167,1.88818308,0.61859,0.732869,7.725329,False,-0.10318431,500000,euler,10000
OSC-000904,8,ring,lorentzian,4.24522,0.785398,5.405182,0.89699362,0.20420652,0.273316,0.933006,7.789956,False,-0.0927797,50000,euler,10000
OSC-000905,16,lattice_2d,gaussian,1.033076,1.464586,0.705371,0.15420954,0.20118269,19.816564,0.229332,7.915198,False,0.05075897,10000,rk4,5000
OSC-000906,8,all_to_all,gaussian,2.135303,0.63662,3.354126,0.83300503,0.08354942,0.575843,0.818039,7.662877,False,-0.10692476,500000,rk4,10000
OSC-000907,128,ring,gaussian,4.509273,0.049087,91.862156,0.99299928,1.42056418,0.22181,0.945507,7.750087,False,-0.11654142,500000,euler,10000
OSC-000908,8,small_world,gaussian,3.900038,1.236306,3.154589,0.82070369,0.03752383,0.277739,0.872011,7.755101,False,-0.10255786,50000,symplectic_4th,1000
OSC-000909,128,ring,uniform,2.340117,0.049087,47.672472,0.98770579,1.58144641,0.54016,0.980543,7.761486,False,-0.12429594,50000,rk4,5000
OSC-000910,24,ring,gaussian,2.925576,0.261799,11.174875,0.95208125,0.06267828,0.317655,0.946241,7.623771,False,-0.06877738,100000,rk4,10000
OSC-000911,48,ring,gaussian,1.258628,0.1309,9.615211,0.94527298,0.82972938,1.004954,0.934256,7.758428,False,-0.13747562,50000,verlet,10000
OSC-000912,48,small_world,bimodal,0.698567,1.201889,0.581224,0.02539364,0.04858101,47.554326,0,7.882718,False,0.06698004,50000,rk4,10000
OSC-000913,64,small_world,lorentzian,2.540775,0.844423,3.008889,0.81420205,0.57147786,0.537443,0.867493,7.745458,False,-0.08474473,10000,euler,10000
OSC-000914,24,scale_free,uniform,0.894239,1.176332,0.760193,0.1476222,0.55056892,17.321157,0.099767,7.964842,False,0.03304259,50000,symplectic_4th,10000
OSC-000915,64,ring,gaussian,0.740275,0.098175,7.540377,0.93502387,0.8084583,1.586477,0.93033,7.723634,False,-0.07565748,10000,euler,1000
OSC-000916,8,all_to_all,lorentzian,3.828884,0.63662,6.014397,0.90021657,0.09013213,0.268475,0.848706,7.630431,False,-0.10086803,500000,verlet,10000
OSC-000917,32,lattice_2d,lorentzian,1.2603,1.359987,0.9267,0.14432341,0.38954355,28.828941,0.178387,7.614314,True,0.05919185,10000,euler,1000
OSC-000918,48,small_world,gaussian,4.620469,0.96767,4.774837,0.88590144,0.21776436,0.353188,0.834346,7.858641,False,-0.09529256,50000,euler,10000
OSC-000919,16,all_to_all,gaussian,3.250267,0.63662,5.105508,0.90240174,0.47784031,0.536499,0.872675,7.807339,False,-0.1075556,50000,symplectic_4th,5000
OSC-000920,32,all_to_all,gaussian,4.567107,0.63662,7.173995,0.91792647,0.14112594,0.386059,0.955734,7.693013,False,-0.0999768,10000,euler,5000
OSC-000921,8,lattice_2d,gaussian,0.871282,1.482994,0.587516,0.17406428,0.20157818,5.301665,0.223832,7.80452,False,0.05018331,10000,rk4,1000
OSC-000922,16,scale_free,bimodal,0.612077,1.335488,0.458317,0.06251805,0.13575163,15.397182,0.053947,7.890181,False,0.0638243,500000,euler,1000
OSC-000923,32,all_to_all,lorentzian,2.902231,0.63662,4.558814,0.88062669,0.44120178,0.296261,0.864081,7.633332,False,-0.08866446,100000,rk4,1000
OSC-000924,48,ring,uniform,0.541492,0.1309,4.136696,0.87443524,0.56726979,2.28131,0.911884,8.004866,False,-0.11867828,100000,euler,1000
OSC-000925,48,scale_free,gaussian,1.048904,2.055282,0.510346,0.02884062,1.3663854,22.563632,8.6e-05,7.90918,False,0.05928777,10000,euler,10000
OSC-000926,64,ring,bimodal,4.135119,0.098175,42.119975,0.98364854,0.71608096,0.175991,0.957149,7.845856,False,-0.08298447,100000,verlet,5000
OSC-000927,48,ring,gaussian,4.247076,0.1309,32.445273,0.99075911,0.46886676,0.28176,0.989413,7.771786,False,-0.08547505,10000,symplectic_4th,1000
OSC-000928,64,random_erdos_renyi,gaussian,2.448621,1.766233,1.386353,0.52601694,0.45734836,1.514015,0.586138,7.680199,False,-0.08881101,10000,symplectic_4th,5000
OSC-000929,8,scale_free,gaussian,2.702131,1.907276,1.416749,0.55258499,0.11582923,1.226383,0.500353,8.05406,False,-0.07768841,10000,euler,10000
OSC-000930,48,all_to_all,gaussian,0.387374,0.63662,0.608486,0.24885569,0.93345822,48.964356,0.352482,7.689334,False,0.01855617,500000,verlet,5000
OSC-000931,48,random_erdos_renyi,uniform,1.917351,1.297904,1.477267,0.56416727,0.03297132,1.541368,0.597599,7.963825,False,-0.14019024,100000,symplectic_4th,1000
OSC-000932,24,small_world,bimodal,2.819213,1.367019,2.062307,0.71850309,0.29148425,0.506544,0.704505,7.827499,False,-0.05657586,500000,euler,1000
OSC-000933,128,scale_free,lorentzian,3.840877,1.61008,2.385519,0.76299206,1.68751728,0.321539,0.75659,7.648098,False,-0.10386655,100000,symplectic_4th,1000
OSC-000934,24,random_erdos_renyi,uniform,1.779323,1.597236,1.114001,0.31846094,0.33354056,5.221642,0.267285,7.824617,False,-0.0946559,50000,verlet,1000
OSC-000935,8,small_world,lorentzian,4.852849,1.559533,3.111732,0.83168046,0.05339807,0.334297,0.879744,7.879844,False,-0.0912994,10000,symplectic_4th,1000
OSC-000936,64,random_erdos_renyi,lorentzian,3.021185,1.058139,2.855188,0.80735544,0.20713093,0.508457,0.765591,7.796162,False,-0.06391266,50000,symplectic_4th,1000
OSC-000937,128,small_world,bimodal,4.459219,1.499179,2.97444,0.81381481,1.56107907,0.314711,0.828315,7.833238,False,-0.08911024,500000,rk4,1000
OSC-000938,8,small_world,bimodal,4.828897,1.381447,3.495536,0.84659559,0.06743555,0.273158,0.869255,7.850569,False,-0.12179243,500000,rk4,5000
OSC-000939,8,all_to_all,lorentzian,2.969267,0.63662,4.664113,0.88900781,0.10340797,0.362011,0.961111,7.895597,False,-0.09819156,100000,rk4,5000
OSC-000940,32,lattice_2d,uniform,1.651663,0.907961,1.81909,0.67230172,0.53697814,1.305239,0.66352,7.708051,False,-0.11540217,500000,symplectic_4th,10000
OSC-000941,128,lattice_2d,gaussian,2.992554,1.380647,2.167501,0.73297719,0.35022921,0.448249,0.685891,7.915992,False,-0.10544352,500000,rk4,1000
OSC-000942,32,scale_free,lorentzian,4.767477,1.79762,2.652105,0.78468667,0.35912437,0.337669,0.878951,7.838204,False,-0.12137141,50000,verlet,10000
OSC-000943,16,random_erdos_renyi,bimodal,4.130475,1.539172,2.68357,0.79031805,0.13062165,0.590935,0.862512,7.626254,False,-0.0911158,10000,symplectic_4th,10000
OSC-000944,24,all_to_all,uniform,2.112635,0.63662,3.31852,0.83803935,0.43101046,0.549302,0.799942,7.711155,False,-0.10827055,10000,euler,5000
OSC-000945,128,ring,uniform,0.509154,0.049087,10.372398,0.94941468,1.02388728,2.134639,0.979949,7.728609,False,-0.11409872,10000,rk4,10000
OSC-000946,96,small_world,lorentzian,2.722009,1.370135,1.986673,0.70528072,1.37145489,0.930141,0.671272,7.668011,False,-0.10449596,50000,symplectic_4th,10000
OSC-000947,64,scale_free,uniform,0.225895,1.396135,0.161801,0.01085112,0.00568508,60.676109,0,7.964029,False,0.0559843,50000,symplectic_4th,10000
OSC-000948,16,small_world,bimodal,0.548368,1.333789,0.411136,0.0626537,0.1062769,19.687169,0.150758,7.768847,False,0.02624013,50000,symplectic_4th,10000
OSC-000949,24,scale_free,bimodal,4.658053,0.51465,9.050918,0.93592216,0.0974102,0.261103,0.928759,7.962553,False,-0.09870296,10000,symplectic_4th,1000
OSC-000950,64,scale_free,uniform,2.522342,1.649014,1.529606,0.58663013,0.48531518,0.982781,0.592502,7.8756,False,-0.12369308,50000,verlet,10000
OSC-000951,96,small_world,uniform,4.009534,1.560433,2.569501,0.77932012,1.44265378,0.266484,0.745931,7.879708,False,-0.07383966,500000,verlet,10000
OSC-000952,96,scale_free,gaussian,3.629739,1.614452,2.248279,0.74711488,0.55944936,0.482006,0.806694,7.892747,False,-0.08233583,50000,verlet,1000
OSC-000953,96,ring,gaussian,4.908009,0.06545,74.988851,0.99118639,2.2380433,0.252758,0.945745,7.780151,False,-0.10273546,50000,verlet,10000
OSC-000954,96,random_erdos_renyi,gaussian,0.773551,1.03394,0.748159,0.13816647,0.90121754,117.910491,0.221625,7.820125,False,0.02534809,500000,rk4,10000
OSC-000955,16,all_to_all,lorentzian,0.46188,0.63662,0.725519,0.11055933,0.23833198,15.987309,0.23805,7.634922,False,0.05031704,50000,euler,10000
OSC-000956,96,all_to_all,gaussian,1.145385,0.63662,1.799166,0.66947648,0.57494412,1.719422,0.592754,8.066081,False,-0.08524774,10000,symplectic_4th,5000
OSC-000957,8,ring,lorentzian,4.541503,0.785398,5.782421,0.91090194,0.06794976,0.348991,0.926755,7.870688,False,-0.08567844,10000,euler,10000
OSC-000958,48,small_world,uniform,3.95972,1.650701,2.398811,0.75880373,0.94492695,0.269899,0.774166,8.01429,False,-0.12801003,10000,euler,10000
OSC-000959,48,random_erdos_renyi,uniform,3.67448,0.781109,4.704182,0.88527837,0.83655798,0.261543,0.86386,7.815738,False,-0.08605086,10000,euler,5000
OSC-000960,24,scale_free,bimodal,4.741206,1.614378,2.936862,0.80667798,0.14546819,0.143278,0.785081,7.83175,False,-0.04560139,500000,symplectic_4th,5000
OSC-000961,96,random_erdos_renyi,lorentzian,1.7039,1.273672,1.337786,0.49869224,1.30629533,2.125138,0.503944,7.799986,False,-0.0923485,50000,rk4,10000
OSC-000962,128,small_world,gaussian,3.515255,1.613506,2.178644,0.73352372,2.61636347,0.50038,0.748889,7.963424,False,-0.08563278,10000,euler,10000
OSC-000963,96,ring,bimodal,1.640501,0.06545,25.065013,0.97713096,1.76231705,0.715511,1.0,7.823997,False,-0.08073279,10000,symplectic_4th,5000
OSC-000964,8,all_to_all,uniform,3.011175,0.63662,4.729943,0.88454297,0.02488228,0.500155,0.93088,7.775044,False,-0.10607523,100000,symplectic_4th,5000
OSC-000965,48,lattice_2d,bimodal,1.701685,1.21985,1.394995,0.53336088,0.21767531,2.056525,0.582768,7.620661,False,-0.11584272,500000,symplectic_4th,5000
OSC-000966,8,random_erdos_renyi,bimodal,3.934333,2.051554,1.917733,0.68954601,0.14543014,0.560205,0.77525,7.83824,False,-0.10455384,50000,euler,5000
OSC-000967,48,scale_free,bimodal,1.003194,1.622225,0.618406,0.27712289,0.17037427,55.286263,0.324487,7.863562,False,0.0362103,50000,rk4,1000
OSC-000968,96,ring,gaussian,0.68023,0.06545,10.393149,0.95308912,1.30995108,1.652193,0.957232,7.720646,False,-0.07775323,500000,verlet,5000
OSC-000969,24,small_world,uniform,2.011703,1.423941,1.412771,0.54255454,0.33077784,1.661256,0.520365,7.643505,False,-0.06151499,100000,symplectic_4th,1000
OSC-000970,8,random_erdos_renyi,uniform,4.911695,1.810802,2.712441,0.8004951,0.01279997,0.335217,0.769709,7.806144,False,-0.07691439,100000,symplectic_4th,1000
OSC-000971,48,scale_free,gaussian,4.971659,1.68792,2.945435,0.81081277,0.68386648,0.397551,0.889234,7.973746,False,-0.08509124,50000,rk4,1000
OSC-000972,48,ring,bimodal,1.776537,0.1309,13.57174,0.95841962,0.79522578,0.57822,0.858929,7.721068,False,-0.10448177,100000,euler,5000
OSC-000973,48,random_erdos_renyi,gaussian,2.831711,1.443532,1.961655,0.70154007,0.4842059,0.596889,0.735821,7.764513,False,-0.09925515,10000,rk4,10000
OSC-000974,96,small_world,lorentzian,3.298824,0.765703,4.308229,0.87578849,2.01105026,0.380243,0.775021,7.852562,False,-0.10659416,50000,euler,1000
OSC-000975,128,small_world,bimodal,4.096435,1.327294,3.086306,0.81994336,2.46407672,0.414427,0.832475,7.661882,False,-0.09925616,50000,symplectic_4th,1000
OSC-000976,8,ring,bimodal,3.456907,0.785398,4.40147,0.88498036,0.15239861,0.179496,0.880151,7.842675,False,-0.13465105,10000,symplectic_4th,1000
OSC-000977,8,small_world,lorentzian,3.602315,1.356396,2.655799,0.79199279,0.15431154,0.72083,0.787047,7.773001,False,-0.07762655,50000,verlet,10000
OSC-000978,32,small_world,gaussian,4.303409,1.533935,2.80547,0.80184745,0.68790151,0.2264,0.798188,7.709974,False,-0.10436436,500000,verlet,10000
OSC-000979,16,scale_free,lorentzian,4.945603,1.205776,4.101595,0.86890245,0.28058812,0.221221,0.827543,7.827526,False,-0.093387,50000,verlet,10000
OSC-000980,16,scale_free,gaussian,0.62505,0.999943,0.625086,0.13442531,0.01405229,12.389815,0.202453,7.744074,False,0.03768554,10000,euler,10000
OSC-000981,128,random_erdos_renyi,lorentzian,4.383254,1.889372,2.319952,0.75399867,1.02070891,0.303518,0.732212,7.727041,False,-0.11241067,50000,rk4,5000
OSC-000982,64,scale_free,gaussian,4.214754,1.573712,2.678224,0.79059001,0.43434316,0.307766,0.800564,8.011219,False,-0.06207103,500000,verlet,1000
OSC-000983,48,ring,gaussian,4.175044,0.1309,31.894984,0.97773537,0.09776483,0.138922,0.996833,7.892537,False,-0.10849545,10000,symplectic_4th,1000
OSC-000984,96,ring,gaussian,4.918687,0.06545,75.151996,0.99292967,0.18771971,0.192744,1.0,7.870106,False,-0.08923018,10000,rk4,1000
OSC-000985,8,ring,gaussian,0.961073,0.785398,1.223676,0.42557304,0.10886512,5.386244,0.370489,7.814659,False,-0.10442412,10000,symplectic_4th,10000
OSC-000986,96,all_to_all,uniform,2.783931,0.63662,4.372989,0.87867744,1.21714974,0.404541,0.86223,7.859476,False,-0.07026943,100000,verlet,10000
OSC-000987,32,lattice_2d,uniform,2.9892,1.68214,1.777022,0.66145661,0.24177533,0.730441,0.747668,7.843032,False,-0.12515158,50000,euler,5000
OSC-000988,48,scale_free,lorentzian,0.270859,1.761362,0.153778,0.22189053,0.7425954,63.67817,0.31632,7.850132,False,0.03953522,100000,verlet,5000
OSC-000989,96,scale_free,uniform,1.723896,1.607722,1.07226,0.26011047,0.79111477,7.731093,0.303756,7.769068,False,-0.08991004,10000,rk4,10000
OSC-000990,96,small_world,lorentzian,3.54999,1.817234,1.953513,0.69627078,2.7448732,0.42352,0.699078,7.829533,False,-0.11672512,500000,verlet,10000
OSC-000991,128,all_to_all,uniform,1.899693,0.63662,2.984031,0.81591456,0.5002697,0.760627,0.786487,7.862505,False,-0.11837781,500000,euler,5000
OSC-000992,128,all_to_all,gaussian,2.745685,0.63662,4.312911,0.87586199,0.16896008,0.4287,0.859302,7.792299,False,-0.12977405,500000,rk4,5000
OSC-000993,8,small_world,bimodal,0.984989,1.417307,0.694973,0.13603252,0.08925083,6.506575,0.14976,7.804326,False,0.03622444,10000,rk4,1000
OSC-000994,96,lattice_2d,lorentzian,2.657685,0.759657,3.498534,0.84656231,0.8563905,0.450468,0.815584,7.888078,False,-0.06541277,100000,euler,1000
OSC-000995,128,small_world,lorentzian,2.601434,1.779552,1.461848,0.56295105,1.16592507,1.119487,0.566422,7.970057,False,-0.08217097,500000,verlet,5000
OSC-000996,24,all_to_all,uniform,2.754872,0.63662,4.327343,0.87859411,0.09029718,0.496857,0.895912,7.806463,False,-0.11975503,50000,symplectic_4th,5000
OSC-000997,24,ring,gaussian,3.055477,0.261799,11.671062,0.9513566,0.28047048,0.386244,0.958825,7.742148,False,-0.16364912,100000,verlet,5000
OSC-000998,24,all_to_all,lorentzian,3.436975,0.63662,5.398787,0.89725664,0.56562701,0.458391,0.912285,7.822402,False,-0.10005538,50000,euler,5000
OSC-000999,128,all_to_all,uniform,4.696675,0.63662,7.37752,0.93213839,1.83700973,0.275367,1.0,7.786098,False,-0.08657273,10000,symplectic_4th,1000
