network_id,network_type,node_count,edge_count,average_degree,max_degree,density,clustering_coefficient,average_path_length,diameter,betweenness_centrality_max,eigenvector_centrality_max,pagerank_max,modularity_Q,community_count,percolation_threshold_pc,largest_component_fraction,contagion_probability,debtrank_systemic_risk,algebraic_connectivity,spectral_gap,is_scale_free,power_law_exponent_gamma,phi_modularity_ratio
NET-000000,market_maker_graph,200,596,5.9667,25,0.02983348,0.12584689,2.729486,6,0.29117874,0.23665935,0.01142405,0.529609,9,0.365249,0.828273,0.18374288,0.19149137,0.63125188,1.648465,True,2.8984,0.856926
NET-000001,governance_voting,1000,2865,5.7305,28,0.00573052,0.2269432,3.622976,11,0.42320756,0.31881819,0.00157691,0.21452,16,0.186802,0.67717,0.31738318,0.23251461,0.77567825,2.333788,True,2.354,0.3471
NET-000002,oracle_network,50,138,5.552,28,0.1110392,0.44134124,2.081124,3,0.12606237,0.37650143,0.129696,0.802072,3,0.315486,0.814347,0.16279108,0.36303159,0.42383014,2.698534,False,2.8673,1.29778
NET-000003,validator_consensus,500,732,2.9312,14,0.00586234,0.43248502,4.539731,11,0.15102212,0.14943488,0.01962941,0.550859,6,0.163871,0.82053,0.20629218,0.13232154,0.50303224,0.433531,False,2.7644,0.891309
NET-000004,market_maker_graph,500,1188,4.7534,20,0.00950676,0.28260414,3.551636,11,0.34873396,0.46563617,0.00551643,0.735469,13,0.313234,0.887737,0.02861764,0.1975569,0.61425871,1.674001,True,2.5159,1.190014
NET-000005,validator_consensus,200,531,5.3145,36,0.02657233,0.38200098,2.875077,6,0.30165252,0.56986811,0.034833,0.966494,8,0.468834,0.86573,0.04126685,0.1870909,0.71209055,0.996797,True,2.5203,1.563821
NET-000006,bridge_relay,200,458,4.5862,26,0.02293106,0.38747052,3.079877,6,0.26334547,0.5963984,0.01731943,0.769572,8,0.32034,0.779538,0.05769155,0.18258392,0.35130405,1.014684,True,3.2319,1.245194
NET-000007,bridge_relay,500,500,2,7,0.004,0.27863054,5.65678,16,0.19446375,0.41756841,0.01058264,0.502583,12,0.308452,0.742738,0.09414462,0.26313104,0.41033157,0.415409,True,2.3832,0.813196
NET-000008,token_transfer,200,780,7.8047,45,0.03902362,0.23995163,2.435685,8,0.08089877,0.70273367,0.00729393,0.736249,6,0.208596,0.77635,0.31989554,0.28681678,0.57656676,2.415489,False,2.7724,1.191275
NET-000009,bridge_relay,50,144,5.7976,20,0.11595215,0.57887237,2.041158,3,0.14013961,0.35671518,0.15399575,0.813438,4,0.219105,0.918739,0.11066656,0.24217607,0.58307144,1.439185,True,2.1786,1.31617
NET-000010,liquidity_pool,20,46,4.6341,25,0.23170276,0.26103908,1.73281,5,0.21165136,0.27301436,0.15211926,0.798312,2,0.376589,0.779405,0.43788853,0.35451315,0.4146667,1.629386,False,2.2474,1.291696
NET-000011,oracle_network,100,407,8.1412,52,0.08141196,0.09290379,2.081159,7,0.24850689,0.68695797,0.05909894,0.619504,5,0.095273,0.888074,0.20575304,0.33777758,0.71233978,2.539803,True,1.8829,1.002379
NET-000012,interbank_lending,500,1423,5.6948,21,0.01138959,0.15967436,3.268558,7,0.33804895,0.33216434,0.01129912,0.288872,12,0.401868,0.69732,0.16387265,0.40398914,0.32962798,1.901817,True,2.3566,0.467404
NET-000013,liquidity_pool,1000,5048,10.0977,49,0.01009769,0.27754367,2.870175,6,0.07740508,0.59434651,0.00818576,0.842934,16,0.428167,0.775923,0.2871074,0.37573122,0.61831649,3.081607,True,2.2835,1.363897
NET-000014,interbank_lending,500,1498,5.996,33,0.01199195,0.16067939,3.194621,7,0.26913115,0.36370862,0.002723,0.710632,12,0.633687,0.747209,0.3251219,0.32039553,0.38974474,1.944084,True,2.3425,1.149827
NET-000015,bridge_relay,500,786,3.1478,13,0.00629564,0.43326238,4.36854,10,0.36626427,0.21139234,0.01722394,0.567607,9,0.191613,0.870015,0.36141793,0.2690187,0.4043038,1.664744,False,2.9984,0.918407
NET-000016,liquidity_pool,100,295,5.9171,30,0.05917084,0.33718665,2.38117,4,0.43854702,0.37634557,0.04110802,0.769999,6,0.327709,0.90562,0.26898656,0.17709733,0.4022519,1.896253,True,2.7441,1.245885
NET-000017,validator_consensus,100,349,6.9921,24,0.06992142,0.18833759,2.215666,4,0.2881701,0.37951211,0.05226991,0.57055,3,0.486829,0.868717,0.19811877,0.04556242,0.31988673,1.814256,True,2.5769,0.923169
NET-000018,market_maker_graph,20,65,6.5819,37,0.3290949,0.48315599,1.478816,3,0.20194086,0.4723871,0.20499176,0.350968,2,0.20682,0.801527,0.23010303,0.23121518,0.530634,2.082225,True,2.6099,0.567878
NET-000019,validator_consensus,500,1807,7.2318,38,0.01446351,0.57171802,2.948107,9,0.22470078,0.49933964,0.01293431,0.477095,10,0.341026,0.88651,0.18900085,0.32766016,0.54973288,1.264874,False,2.0025,0.771956
NET-000020,token_transfer,500,1124,4.4985,25,0.00899693,0.55501499,3.646067,9,0.27643626,0.54053211,0.00781815,0.543162,13,0.165003,0.746225,0.43962209,0.13301732,0.67484069,0.898209,False,1.9593,0.878855
NET-000021,liquidity_pool,20,53,5.3755,23,0.2687772,0.61902809,1.617156,3,0.169751,0.3981812,0.33025951,0.56652,2,0.408718,0.86777,0.19581135,0.44863288,0.37558704,1.344607,True,2.561,0.916649
NET-000022,market_maker_graph,200,759,7.5947,40,0.03797369,0.49551185,2.463016,8,0.30077373,0.37495623,0.01574011,0.67002,10,0.244596,0.710898,0.11663033,0.193736,0.47377143,3.128911,False,2.8021,1.084116
NET-000023,token_transfer,500,1945,7.7807,45,0.0155613,0.25943396,2.860513,7,0.09669443,0.30142861,0.00669623,0.50042,9,0.456117,0.664966,0.29142013,0.0610892,0.86222596,2.944286,True,2.8107,0.809697
NET-000024,interbank_lending,50,137,5.4967,37,0.10993454,0.57143325,2.090539,4,0.07497247,0.58856335,0.07673477,0.757626,3,0.3812,0.83603,0.17076373,0.22633572,0.47924341,2.095961,True,2.2903,1.225865
NET-000025,interbank_lending,1000,2077,4.155,20,0.00415496,0.46629621,4.21215,9,0.5768525,0.0589319,0.00319704,0.703512,18,0.363193,0.879531,0.174815,0.45791294,0.32882635,1.386303,True,3.0543,1.138306
NET-000026,validator_consensus,20,30,3.008,18,0.1503997,0.35393302,2.157856,3,0.20689702,0.22201442,0.03423158,0.646732,2,0.103557,0.671885,0.14420848,0.13083694,0.49807648,0.338737,True,2.0199,1.046435
NET-000027,interbank_lending,100,319,6.394,22,0.06394017,0.39148424,2.301813,3,0.26967919,0.19225632,0.06437819,0.544372,5,0.315912,0.642276,0.26724266,0.37389612,0.52496137,2.346387,True,2.1768,0.880812
NET-000028,validator_consensus,20,24,2.4082,14,0.12040964,0.34364141,2.443138,7,0.31589933,0.39481905,0.26309053,0.50599,2,0.10964,0.478905,0.3560191,0.19930759,0.37303485,0.058158,True,2.1722,0.818709
NET-000029,validator_consensus,1000,4111,8.2227,51,0.00822272,0.67665853,3.109263,8,0.20387249,0.24515893,0.00718004,0.669505,17,0.158455,0.900159,0.21706354,0.1127507,0.51749932,2.211926,False,2.1686,1.083282
NET-000030,interbank_lending,500,500,2,10,0.004,0.14866213,5.65678,14,0.20498627,0.3558513,0.01124732,0.373294,9,0.659621,0.724539,0.13799387,0.24815749,0.57230929,0.67342,False,2.7043,0.604003
NET-000031,market_maker_graph,100,433,8.6687,33,0.08668681,0.1671027,2.0297,4,0.07731072,0.66589159,0.08981258,0.576477,3,0.166025,0.90532,0.29718319,0.18341973,0.43667046,2.960033,False,3.0729,0.932759
NET-000032,governance_voting,100,291,5.8345,28,0.05834544,0.3705091,2.396043,5,0.3878544,0.4287113,0.04396769,0.640878,2,0.485351,0.577713,0.36848375,0.35716649,0.4353972,2.567014,False,2.2033,1.036963
NET-000033,bridge_relay,500,2276,9.1045,40,0.01820892,0.222711,2.686844,3,0.1971941,0.29352036,0.02163374,0.635007,13,0.215794,0.71705,0.19273845,0.52013054,0.68083315,3.224551,True,2.7587,1.027463
NET-000034,interbank_lending,50,202,8.1167,35,0.16233405,0.19424837,1.77006,5,0.42488925,0.48526776,0.15743111,0.856125,2,0.142623,0.838142,0.39904008,0.38412892,0.60883738,2.964486,True,2.2952,1.38524
NET-000035,market_maker_graph,500,1677,6.709,29,0.01341805,0.44833753,3.042809,9,0.19952214,0.73993035,0.00856113,0.668717,14,0.423487,0.93749,0.28007621,0.48224221,0.56256821,1.556662,True,2.6708,1.082007
NET-000036,market_maker_graph,200,728,7.285,32,0.03642483,0.38424436,2.505775,4,0.50892197,0.14875645,0.02981914,0.920971,6,0.144359,0.775525,0.49845701,0.19554354,0.41165401,2.287685,False,3.0082,1.490162
NET-000037,market_maker_graph,50,185,7.4175,41,0.14834974,0.63111999,1.836362,5,0.21416356,0.30741509,0.06670769,0.697206,3,0.331055,0.767111,0.08175931,0.40946713,0.50664287,2.187007,False,2.8593,1.128102
NET-000038,token_transfer,20,59,5.993,25,0.29964992,0.35703775,1.540294,4,0.2159524,0.60941444,0.15845808,0.870268,2,0.047381,0.77524,0.10332529,0.60587992,0.58805306,1.666856,True,2.6929,1.408123
NET-000039,token_transfer,20,43,4.3192,23,0.21595836,0.20443039,1.792438,5,0.72217043,0.40329138,0.30911298,0.569055,2,0.335018,0.715064,0.22926577,0.49978896,0.52577171,1.142754,True,2.5917,0.92075
NET-000040,market_maker_graph,1000,2981,5.9636,19,0.0059636,0.43334273,3.559419,7,0.11935834,0.22045321,0.00763625,0.720905,14,0.38071,0.719067,0.26120522,0.30973888,1.02906244,2.051067,True,2.3999,1.166448
NET-000041,validator_consensus,200,446,4.465,22,0.02232503,0.3823134,3.119657,9,0.37514093,0.62517492,0.0109007,0.70229,7,0.406103,0.949708,0.0586456,0.33261861,0.38028812,0.089431,True,2.7663,1.136329
NET-000042,validator_consensus,100,407,8.1554,32,0.08155423,0.42418778,2.079697,4,0.15314586,0.53177386,0.03718373,0.639834,6,0.17698,0.877632,0.0189865,0.12469252,0.4802158,2.133798,True,2.7446,1.035273
NET-000043,interbank_lending,50,247,9.8998,48,0.19799646,0.4232252,1.637689,5,0.18609841,0.72526348,0.15486006,0.771517,3,0.103488,0.835144,0.0595597,0.25156675,0.41460923,2.685123,False,2.5037,1.248341
NET-000044,market_maker_graph,500,1112,4.4485,22,0.00889707,0.29488866,3.665686,9,0.05688,0.52369408,0.01129713,0.348058,14,0.183476,0.530522,0.07596712,0.21624588,0.09373004,0.380096,False,2.7061,0.56317
NET-000045,validator_consensus,500,908,3.6335,22,0.00726709,0.15945188,4.053035,12,0.50099422,0.11343066,0.01179807,0.587708,12,0.140227,0.684218,0.24310973,0.28990109,0.25942564,1.965384,False,2.5713,0.950932
NET-000046,interbank_lending,1000,2666,5.3323,25,0.00533233,0.47221285,3.742684,7,0.55765658,0.1310499,0.00102294,0.74814,17,0.550601,0.828434,0.12342212,0.21593665,0.52029864,1.937141,True,3.0019,1.210515
NET-000047,interbank_lending,50,140,5.6153,34,0.11230695,0.35245765,2.070519,5,0.13608421,0.44095416,0.13187094,0.549405,4,0.404139,0.784778,0.44186955,0.17687521,0.13186266,1.735221,True,2.4273,0.888956
NET-000048,liquidity_pool,200,761,7.6118,35,0.03805895,0.61014002,2.460749,5,0.08348835,0.33362391,0.01734462,0.649896,6,0.178053,0.851166,0.11704863,0.13095602,0.33483676,2.804268,False,3.1776,1.051554
NET-000049,market_maker_graph,200,451,4.5191,20,0.02259573,0.36128397,3.101654,9,0.08173359,0.38447986,0.00079867,0.533018,7,0.468005,0.814876,0.37518977,0.17539878,0.27263938,0.911371,True,1.7548,0.862442
NET-000050,liquidity_pool,200,470,4.7026,28,0.02351294,0.63700997,3.0434,8,0.33082566,0.28640975,0.02400231,0.617976,9,0.295305,0.857475,0.08867175,0.50214117,0.43186261,2.566135,True,2.4828,0.999907
NET-000051,governance_voting,50,142,5.7088,34,0.11417661,0.208101,2.055255,4,0.06593439,0.27768552,0.07211433,0.725703,3,0.107462,0.779119,0.16252968,0.49488671,0.23472977,1.786698,True,2.9471,1.174212
NET-000052,validator_consensus,500,1541,6.1644,34,0.01232872,0.22358598,3.156035,7,0.31657247,0.51613691,0.01639005,0.506345,8,0.329825,0.885234,0.17152606,0.32892162,0.30319993,1.556211,False,2.0803,0.819283
NET-000053,token_transfer,200,854,8.5411,43,0.04270543,0.26890744,2.348954,6,0.37491213,0.18427664,0.023275,0.738593,6,0.218909,0.931345,0.07941737,0.2870048,0.34117504,2.258892,True,2.228,1.195069
NET-000054,validator_consensus,20,85,8.5237,29,0.42618698,0.50256331,1.329199,3,0.28006735,0.46429578,0.01656317,0.450604,2,0.317818,0.81053,0.17008219,0.48935191,0.65421999,2.247741,False,1.9424,0.729093
NET-000055,validator_consensus,100,260,5.2188,17,0.05218824,0.23804672,2.519818,6,0.28489152,0.15787237,0.00936954,0.529696,5,0.095238,0.794575,0.36206297,0.33387185,0.41562602,1.635239,True,2.6777,0.857066
NET-000056,governance_voting,1000,2354,4.708,27,0.00470802,0.55926383,3.965707,3,0.23158843,0.43864384,0.00532142,0.827337,17,0.2437,0.838765,0.10037171,0.3813907,0.59642562,1.863117,True,2.3476,1.33866
NET-000057,oracle_network,1000,1483,2.9666,16,0.00296662,0.3474573,5.013196,13,0.34712335,0.27967498,0.00547104,0.796289,14,0.188686,0.653146,0.12207121,0.48239781,0.48832199,0.697778,True,1.641,1.288422
NET-000058,governance_voting,20,48,4.899,19,0.24495158,0.2755777,1.687938,3,0.29745255,0.331993,0.22821471,0.749445,2,0.518096,0.802901,0.09737563,0.25167836,0.4874562,1.434307,True,2.3492,1.212628
NET-000059,token_transfer,20,53,5.3655,31,0.2682764,0.5543364,1.61853,4,0.09898358,0.41027343,0.40784318,0.712895,2,0.053719,0.842263,0.13890984,0.44864587,0.54582473,1.094761,False,2.3237,1.153488
NET-000060,governance_voting,100,319,6.3821,28,0.06382076,0.39035507,2.303674,6,0.25338203,0.55561988,0.00960061,0.528333,2,0.132165,0.780115,0.16092383,0.43391681,0.5334916,2.203343,True,2.0879,0.854861
NET-000061,bridge_relay,1000,3467,6.9349,42,0.00693494,0.25993808,3.335023,7,0.2210471,0.38828688,0.00273961,0.624463,14,0.45377,0.858694,0.13402575,0.40254985,0.7891608,2.655944,False,2.437,1.010402
NET-000062,governance_voting,500,1264,5.0568,24,0.01011355,0.16431341,3.450303,9,0.19543126,0.52010925,0.01237731,0.683126,10,0.218463,0.729078,0.05363617,0.28131711,0.57702502,2.136867,True,2.7248,1.10532
NET-000063,interbank_lending,500,2322,9.2904,43,0.01858075,0.21155719,2.66583,5,0.14239117,0.3981192,0.01289611,0.88795,8,0.338971,0.863168,0.03901469,0.23653231,0.35859946,2.527197,False,2.2331,1.436733
NET-000064,market_maker_graph,100,463,9.2601,36,0.0926011,0.7281148,1.977942,4,0.23929478,0.5575039,0.04575671,0.578997,2,0.342848,0.834816,0.26727068,0.05858856,0.20133899,2.281151,True,2.5778,0.936837
NET-000065,liquidity_pool,20,60,6.0112,29,0.30056079,0.08817234,1.538236,5,0.19851694,0.67480387,0.26319265,0.737433,2,0.309215,0.702956,0.09177295,0.14522442,0.47219576,1.832926,True,2.0977,1.193191
NET-000066,governance_voting,20,68,6.8612,26,0.34306033,0.78951191,1.452871,3,0.19606719,0.22359116,0.12923006,0.493207,2,0.46473,0.890162,0.41167191,0.21667139,0.47527483,2.740783,True,2.2717,0.798025
NET-000067,validator_consensus,50,237,9.4968,51,0.18993684,0.49118829,1.66393,4,0.19474735,0.49530425,0.03981391,0.396793,2,0.38277,0.975126,0.114145,0.12731794,0.31981406,2.451554,False,2.4777,0.642025
NET-000068,liquidity_pool,1000,2639,5.2789,21,0.00527894,0.81111553,3.759935,8,0.43265781,0.5475645,0.00254175,0.857555,20,0.458536,0.709793,0.08026168,0.45818065,0.15078966,1.81392,False,2.7754,1.387553
NET-000069,governance_voting,100,263,5.2652,22,0.05265248,0.24380661,2.509605,5,0.14963382,0.71486289,0.06471772,0.467032,5,0.275914,0.938092,0.03815907,0.52284094,0.6676056,1.322454,True,2.6854,0.755674
NET-000070,liquidity_pool,500,2902,11.6119,82,0.02322381,0.12705723,2.451869,5,0.19868866,0.20078778,0.01451054,0.575716,8,0.279388,0.773922,0.22166823,0.15315183,0.82029637,3.597591,True,2.3153,0.931528
NET-000071,liquidity_pool,50,199,7.9896,43,0.15979228,0.39325694,1.781375,4,0.13941591,0.44910747,0.14970024,0.51516,3,0.279503,0.57591,0.12731818,0.33237011,0.48988193,2.979829,True,2.8498,0.833547
NET-000072,oracle_network,100,407,8.1548,57,0.08154819,0.20357384,2.079759,5,0.03126097,0.09605776,0.0458213,0.715511,7,0.421374,0.960195,0.35062413,0.21705931,0.52789273,2.551491,True,1.3787,1.157721
NET-000073,oracle_network,20,58,5.8419,25,0.29209692,0.77039999,1.557786,4,0.53984093,0.66679162,0.31223242,0.502962,2,0.43826,0.805072,0.1230806,0.53350401,0.59031246,0.946345,True,2.6082,0.813809
NET-000074,liquidity_pool,100,282,5.6521,24,0.05652119,0.18436468,2.430252,6,0.10571613,0.48807133,0.02389739,0.629317,5,0.20818,0.702821,0.27670155,0.57928558,0.49257928,1.983426,True,1.9517,1.018256
NET-000075,market_maker_graph,1000,3910,7.8203,35,0.00782029,0.42233348,3.172982,8,0.27500586,0.4442248,0.00444579,0.663129,13,0.366645,0.579189,0.13150553,0.15190607,0.50676004,2.609178,True,2.493,1.072965
NET-000076,bridge_relay,1000,1604,3.2091,19,0.00320909,0.34173505,4.806246,12,0.32413022,0.43986744,0.00356318,0.870517,19,0.4166,0.591352,0.22920063,0.48749136,0.77055631,1.178018,True,2.3332,1.408526
NET-000077,liquidity_pool,100,300,6.0079,25,0.06007852,0.472694,2.365227,8,0.47473228,0.50844296,0.05802726,0.81234,4,0.332328,0.821024,0.29402256,0.2179406,0.13463199,1.719694,False,2.0277,1.314394
NET-000078,oracle_network,50,128,5.1452,22,0.10290377,0.23193109,2.15459,5,0.29012303,0.32216656,0.08357033,0.783233,3,0.570491,0.66378,0.02522788,0.15707864,0.55268924,1.921196,False,3.0839,1.267297
NET-000079,token_transfer,1000,1538,3.0779,10,0.00307793,0.30821438,4.914489,9,0.56284228,0.63480481,0.0047732,0.396172,12,0.422983,0.796484,0.11428136,0.2147463,0.71034866,1.179761,True,2.4689,0.641019
NET-000080,interbank_lending,100,194,3.8993,20,0.03899272,0.37999661,2.897998,5,0.35450591,0.4146212,0.03028168,0.60452,4,0.696688,0.949855,0.33504832,0.42863773,0.35011697,1.860624,True,2.3214,0.978134
NET-000081,market_maker_graph,500,1161,4.647,18,0.00929401,0.35941208,3.589925,11,0.20115176,0.69900384,0.00639623,0.809372,9,0.088681,0.755688,0.32796214,0.25151369,0.62598315,1.277236,True,2.2527,1.309592
NET-000082,liquidity_pool,20,40,4.0054,24,0.2002698,0.56092282,1.860106,4,0.24963277,0.58879423,0.23262625,0.577877,2,0.360116,0.923364,0.07549035,0.31742311,0.41950163,1.093452,True,2.757,0.935025
NET-000083,governance_voting,50,58,2.3282,5,0.04656496,0.29311709,3.253387,6,0.06471217,0.44471613,0.07079412,0.582552,3,0.339542,0.826567,0.19827259,0.26613632,0.60269454,0.658094,True,2.3417,0.942589
NET-000084,validator_consensus,1000,3090,6.1813,29,0.00618132,0.46381124,3.503836,6,0.33612678,0.37056598,0.00333386,0.699881,10,0.275199,0.741625,0.10968872,0.51056921,0.22387011,1.586774,False,2.1751,1.132432
NET-000085,validator_consensus,20,58,5.8502,28,0.29251071,0.50048092,1.556807,4,0.19359054,0.7668165,0.36554071,0.700855,2,0.495357,0.787036,0.27642923,0.19787108,0.68771934,1.164064,True,1.8127,1.134007
NET-000086,token_transfer,1000,2902,5.8043,27,0.00580429,0.61759246,3.602379,8,0.14583374,0.36640769,0.00675033,0.560497,9,0.195714,0.89883,0.09979409,0.38137964,0.67643916,1.440232,True,2.2535,0.906902
NET-000087,interbank_lending,200,513,5.1376,22,0.02568797,0.29165087,2.920095,6,0.17558408,0.81452179,0.03493446,0.596801,8,0.453667,0.697051,0.11023301,0.44723436,0.59332733,0.856182,True,2.3121,0.965645
NET-000088,liquidity_pool,500,805,3.2226,13,0.00644517,0.20252579,4.314358,13,0.22254312,0.34803711,0.01343835,0.685899,11,0.19326,0.794694,0.21421785,0.19949554,0.67937071,0.601659,True,3.0491,1.109807
NET-000089,liquidity_pool,20,48,4.8232,29,0.24115941,0.55343318,1.700335,2,0.18075117,0.06580955,0.37777757,0.647005,2,0.255056,0.971353,0.09148119,0.19222119,0.54858951,1.216872,True,2.2219,1.046876
NET-000090,oracle_network,500,1150,4.602,28,0.00920404,0.71259268,3.606586,11,0.23561907,0.5570901,0.01023135,0.878981,8,0.186569,0.759175,0.12918519,0.30327078,0.78768729,1.27425,True,2.7773,1.422221
NET-000091,bridge_relay,50,165,6.6182,34,0.13236336,0.52079017,1.926596,4,0.26623227,0.61191325,0.10059554,0.686478,4,0.297799,0.729011,0.24297476,0.289799,0.81582922,2.265486,True,2.5166,1.110744
NET-000092,governance_voting,50,114,4.5825,25,0.09165095,0.34443335,2.274901,4,0.3852,0.4700224,0.00191956,0.637123,3,0.190367,0.865425,0.3275161,0.35729131,0.66033512,1.468672,True,2.3048,1.030886
NET-000093,liquidity_pool,50,181,7.2788,34,0.14557552,0.54605807,1.850798,5,0.69304614,0.39520019,0.07841238,0.72279,2,0.249209,0.974219,0.58841102,0.27104725,0.39383222,2.864054,False,2.6776,1.169499
NET-000094,token_transfer,500,1984,7.9368,47,0.01587358,0.24907165,2.837492,6,0.1629396,0.45813247,0.01458247,0.550643,6,0.374062,0.788927,0.17261386,0.4121686,0.82139924,2.915844,True,2.5465,0.890959
NET-000095,liquidity_pool,200,434,4.3408,30,0.02170399,0.48941505,3.162467,5,0.35828899,0.77506541,0.0305665,0.477882,8,0.293271,0.793106,0.22484736,0.24630234,0.31609775,1.4838,True,2.8195,0.77323
NET-000096,bridge_relay,1000,3406,6.8129,32,0.00681289,0.2148289,3.360171,11,0.42032752,0.4457499,0.00481485,0.977359,16,0.551443,0.919179,0.28716983,0.26823684,0.23055773,2.372331,False,2.5289,1.5814
NET-000097,market_maker_graph,100,447,8.9597,36,0.08959691,0.13433316,2.003514,4,0.16060231,0.38066827,0.03408587,0.904086,5,0.259688,0.910014,0.03683749,0.18272806,0.47029758,2.503085,True,2.988,1.462842
NET-000098,oracle_network,200,359,3.5978,19,0.01798922,0.33498131,3.472969,7,0.3785256,0.2129027,0.04606916,0.67886,7,0.410004,0.78302,0.26325101,0.29338808,0.20543448,1.689946,True,2.4266,1.098418
NET-000099,interbank_lending,1000,3277,6.5548,19,0.0065548,0.33867265,3.415989,8,0.17730825,0.31697219,0.00397192,0.892684,16,0.340337,0.955694,0.23676936,0.20532451,0.4828099,1.703188,True,2.78,1.444394
NET-000100,token_transfer,500,1725,6.9003,42,0.01380056,0.53465147,3.006732,9,0.40649739,0.70502178,0.00594024,0.655011,8,0.527466,0.756396,0.10704163,0.39374365,0.59477805,2.620319,False,2.3248,1.05983
NET-000101,governance_voting,100,302,6.0442,34,0.06044159,0.28507278,2.358966,7,0.54170614,0.18293414,0.0599649,0.400961,3,0.241999,0.754115,0.20871369,0.22213513,0.48584664,1.312039,True,2.4936,0.648768
NET-000102,interbank_lending,50,153,6.1542,38,0.12308342,0.16336387,1.988124,3,0.01931966,0.30776011,0.07700731,0.185177,3,0.191384,0.860769,0.26485632,0.4591231,0.35633484,2.243702,False,1.7994,0.299623
NET-000103,validator_consensus,100,311,6.2232,26,0.06223181,0.35637927,2.329025,5,0.40487033,0.1913469,0.07040285,0.620855,3,0.388249,0.792476,0.30487723,0.27276021,1.09324218,1.956891,True,2.6284,1.004565
NET-000104,interbank_lending,50,131,5.2758,26,0.10551656,0.33118898,2.129913,5,0.04205521,0.59279945,0.09839435,0.811778,3,0.2561,0.898566,0.09529472,0.42752696,0.65102135,1.229329,False,2.2961,1.313485
NET-000105,oracle_network,500,1611,6.4461,28,0.0128923,0.31110901,3.095391,6,0.39801538,0.25921719,0.01248483,0.562517,7,0.108208,0.87143,0.41514733,0.1028671,0.58190054,1.299198,True,2.2817,0.910172
NET-000106,market_maker_graph,20,63,6.3868,34,0.31934112,0.10283783,1.498093,2,0.50476216,0.03987117,0.49663041,0.681117,2,0.483861,0.910406,0.19117368,0.32590031,0.76069956,1.588818,True,2.0788,1.102071
NET-000107,market_maker_graph,1000,1000,2,9,0.002,0.39899133,6.28771,19,0.14854141,0.16983575,0.00609766,0.620909,15,0.232487,0.877725,0.3930482,0.26565069,0.45491188,0.72116,True,2.3649,1.004652
NET-000108,validator_consensus,50,155,6.2203,34,0.12440645,0.49303324,1.978868,3,0.33653803,0.35984331,0.08278268,0.676338,3,0.54951,0.791048,0.28565588,0.46970517,0.49143776,2.104925,True,2.1684,1.094338
NET-000109,interbank_lending,20,69,6.9027,39,0.34513665,0.19866066,1.449168,3,0.26190427,0.51961093,0.19814634,0.421547,2,0.126423,0.88567,0.06684966,0.55716621,0.48892994,2.160331,False,2.4469,0.682077
NET-000110,oracle_network,100,327,6.5518,30,0.06551809,0.50815798,2.277772,3,0.09419573,0.12975735,0.03852526,0.792233,4,0.093494,0.963612,0.19682352,0.24762468,0.4286578,2.745978,True,2.2204,1.28186
NET-000111,token_transfer,50,209,8.3977,35,0.16795398,0.17209642,1.746076,4,0.1971186,0.1921477,0.08928481,0.733794,3,0.533723,0.734459,0.10336018,0.20091528,0.57970704,3.276918,True,2.8085,1.187303
NET-000112,validator_consensus,500,1043,4.1743,23,0.0083486,0.21259868,3.780856,6,0.09249562,0.40782191,0.00992545,0.432683,8,0.531289,0.847614,0.07899908,0.47603221,0.510887,0.554141,True,2.4029,0.700096
NET-000113,liquidity_pool,500,1963,7.8533,29,0.01570663,0.34001408,2.849702,7,0.3287903,0.2341153,0.00028228,0.520709,14,0.341919,0.842276,0.05476218,0.37328442,0.14658183,3.285801,True,2.335,0.842526
NET-000114,interbank_lending,200,871,8.712,36,0.04356015,0.36509147,2.330605,5,0.5530755,0.57152978,0.02253846,0.748753,8,0.217784,0.899842,0.0485133,0.33378104,0.46737933,2.689077,False,2.3912,1.211508
NET-000115,bridge_relay,50,164,6.5697,32,0.13139301,0.57931939,1.932677,6,0.67122586,0.45580792,0.04274562,0.434186,3,0.475891,0.883061,0.43413962,0.5673272,0.44574264,3.442446,False,2.8002,0.702527
NET-000116,token_transfer,200,357,3.5702,17,0.01785094,0.13506914,3.486758,8,0.34456864,0.4409707,0.02971355,0.852046,5,0.284035,0.778711,0.09751573,0.43874947,0.57865824,0.88976,True,2.5915,1.37864
NET-000117,liquidity_pool,200,679,6.797,23,0.03398505,0.05898126,2.579838,6,0.18592036,0.24299103,0.01075926,0.608357,11,0.121246,0.670928,0.1055618,0.37768367,0.17704805,1.250255,True,2.1916,0.984342
NET-000118,market_maker_graph,100,255,5.1164,25,0.05116419,0.42927407,2.542921,7,0.30324513,0.36606934,0.06622933,0.763733,6,0.251722,0.908735,0.11146766,0.35700977,0.5854075,0.500917,True,2.3322,1.235747
NET-000119,liquidity_pool,1000,2572,5.1442,17,0.00514423,0.25509158,3.804849,11,0.46799288,0.5488335,0.0030447,0.752732,14,0.170133,0.67751,0.10366148,0.10892179,0.41064356,1.955819,True,2.5967,1.217946
NET-000120,governance_voting,500,1450,5.8019,25,0.01160385,0.18886,3.241492,7,0.2767793,0.32607357,0.01098374,0.533293,12,0.222545,0.81989,0.21383391,0.19378758,0.60823939,1.387808,True,2.1534,0.862887
NET-000121,token_transfer,20,82,8.2943,32,0.41471367,0.3100623,1.34374,2,0.08226044,0.27482659,0.15339108,0.734135,2,0.421536,0.927,0.33981065,0.07913517,0.64215877,2.949917,True,2.4415,1.187856
NET-000122,token_transfer,20,64,6.4009,33,0.32004481,0.28603795,1.496668,3,0.11408785,0.32974817,0.35251633,0.250416,2,0.186074,0.718464,0.21027197,0.36977241,0.47589911,1.885084,True,2.6384,0.405182
NET-000123,interbank_lending,100,294,5.8855,39,0.05885506,0.21715163,2.386817,5,0.49471139,0.69518753,0.0532495,0.89006,4,0.531179,0.776847,0.15220786,0.12793384,0.4797717,0.931102,False,2.0794,1.440148
NET-000124,validator_consensus,100,220,4.4188,23,0.04418757,0.50238205,2.725168,6,0.27703786,0.78129307,0.09006225,0.477739,5,0.311252,0.721077,0.15203378,0.57888519,0.53791874,0.556258,True,2.2045,0.772998
NET-000125,interbank_lending,200,744,7.4402,27,0.03720109,0.20623962,2.483965,5,0.20290692,0.41335533,0.02744995,0.713555,5,0.187662,0.807892,0.15015096,0.44245128,0.60553875,1.946061,True,2.1085,1.154556
NET-000126,bridge_relay,500,1171,4.6873,18,0.00937456,0.1492754,3.575247,12,0.02463306,0.33232082,0.01886101,0.625848,12,0.137256,0.915126,0.27954467,0.14096164,0.55242188,1.340047,True,2.4634,1.012644
NET-000127,governance_voting,1000,2005,4.0103,21,0.00401032,0.38714252,4.286541,10,0.11368916,0.51089775,0.00618954,0.374894,16,0.137955,0.637851,0.1810627,0.15818941,0.25356529,0.401688,True,2.6425,0.606591
NET-000128,bridge_relay,50,197,7.9123,41,0.15824652,0.45002736,1.788406,4,0.37214968,0.73060055,0.07428747,0.542608,4,0.281044,0.886714,0.03537411,0.19697025,0.92989655,1.916512,False,2.6971,0.877958
NET-000129,market_maker_graph,500,1035,4.1414,28,0.00828271,0.58190988,3.795605,11,0.29944776,0.34823639,0.01523233,0.308948,10,0.231134,0.532727,0.30934106,0.30044078,0.40298,1.679921,False,1.7937,0.499889
NET-000130,market_maker_graph,200,807,8.0761,50,0.04038039,0.32672375,2.402166,5,0.32082329,0.21358448,0.02574553,0.783686,7,0.236318,0.938566,0.17906359,0.31827204,0.75039933,3.054985,True,2.8913,1.268031
NET-000131,market_maker_graph,200,539,5.3951,24,0.02697554,0.6584088,2.855415,6,0.01654657,0.1593151,0.02927697,0.3892,5,0.091957,0.796166,0.02325089,0.1498666,0.5034517,1.557375,False,2.4169,0.629738
NET-000132,bridge_relay,200,729,7.2977,35,0.03648868,0.54179971,2.503951,6,0.11067568,0.53652921,0.01947266,0.898038,7,0.287162,0.557785,0.27765716,0.13872143,0.60076455,2.272559,True,2.6645,1.453056
NET-000133,market_maker_graph,20,77,7.7599,38,0.38799656,0.28925155,1.380402,4,0.56487303,0.20372036,0.08704252,0.553885,2,0.254698,0.809559,0.10924727,0.47754088,0.68554048,2.618767,True,2.5723,0.896206
NET-000134,interbank_lending,100,301,6.0366,29,0.06036627,0.39404504,2.360259,4,0.41378496,0.13199041,0.07501593,0.16838,5,0.410953,0.83791,0.04812838,0.37478799,0.63200568,2.489853,True,2.7502,0.272444
NET-000135,bridge_relay,200,873,8.7393,44,0.04369669,0.53833588,2.32773,6,0.18753885,0.60289368,0.01865052,0.810039,6,0.209429,0.912525,0.16905448,0.42967479,0.37232611,3.17755,False,2.8414,1.310671
NET-000136,token_transfer,50,207,8.315,36,0.16629962,0.65789661,1.752994,5,0.10982238,0.24838585,0.05794164,0.884463,3,0.262442,0.849175,0.18863368,0.15596036,0.59501864,2.925161,True,1.8965,1.431091
NET-000137,token_transfer,100,417,8.3511,30,0.0835108,0.50844272,2.060025,3,0.33519954,0.41487723,0.04158964,0.374537,4,0.153012,0.499008,0.26068442,0.09176787,0.48817801,3.329268,True,2.1727,0.606014
NET-000138,governance_voting,200,389,3.8986,16,0.01949304,0.30517813,3.334475,7,0.37775447,0.32486281,0.01710475,0.782686,7,0.23007,0.653956,0.22722295,0.46060185,0.40988647,2.037002,False,2.9574,1.266412
NET-000139,token_transfer,50,50,2,10,0.04,0.3523704,3.560877,11,0.13869035,0.48904045,0.03561965,0.665579,2,0.518215,0.857417,0.46264278,0.33881301,0.47474713,0.125591,True,1.8752,1.07693
NET-000140,market_maker_graph,50,169,6.7682,30,0.13536499,0.46425292,1.908262,2,0.41021565,0.70409425,0.16896858,0.773563,2,0.129755,0.839369,0.04770041,0.49325846,0.46646995,2.342395,True,1.9856,1.251651
NET-000141,bridge_relay,500,500,2,10,0.004,0.44165575,5.65678,15,0.43793298,0.07367875,0.00201583,0.593427,12,0.26786,0.943018,0.28628849,0.35538527,0.34575226,0.645714,True,2.2478,0.960185
NET-000142,liquidity_pool,50,149,5.9603,11,0.11920618,0.74549361,2.016274,5,0.63499616,0.55908179,0.07968079,0.761164,3,0.425789,0.703543,0.22380191,0.24414801,0.80804801,2.093292,True,2.6908,1.23159
NET-000143,token_transfer,200,896,8.9639,42,0.04481961,0.72319796,2.304648,5,0.14432714,0.44436405,0.01231347,0.718825,5,0.413806,0.83083,0.09093359,0.18056892,1.0055815,2.683886,True,2.7861,1.163083
NET-000144,liquidity_pool,500,1785,7.1433,34,0.01428657,0.17805465,2.963297,9,0.26263054,0.49809658,0.00964811,0.419736,9,0.190224,0.75458,0.06936619,0.7439464,0.53322326,2.034051,False,2.5623,0.679147
NET-000145,governance_voting,100,233,4.6686,29,0.04668636,0.49572084,2.654356,6,0.35514738,0.4641072,0.04997175,0.188874,4,0.082264,0.899676,0.19150578,0.45583333,0.4417356,1.064519,True,2.535,0.305605
NET-000146,validator_consensus,1000,4080,8.1613,35,0.00816134,0.49270608,3.118637,7,0.25009725,0.51396985,0.00443308,0.371763,16,0.363118,0.969773,0.23529086,0.26256205,0.19015412,2.270629,True,2.5815,0.601526
NET-000147,governance_voting,100,243,4.8724,13,0.04872408,0.28337845,2.601402,6,0.72224491,0.37755353,0.09970704,0.627217,5,0.226486,0.936759,0.0888231,0.21370322,0.77909421,2.114083,False,2.8759,1.014858
NET-000148,oracle_network,100,410,8.2069,52,0.0820688,0.4893718,2.074447,3,0.5486183,0.78701235,0.02337935,0.747892,4,0.07579,0.672889,0.27074108,0.3928568,0.67788991,2.417071,False,2.7013,1.210115
NET-000149,governance_voting,20,71,7.1305,25,0.35652657,0.30942688,1.429516,3,0.26810693,0.6271952,0.30460014,0.379712,2,0.039229,0.600154,0.09473219,0.14370109,0.66080095,1.660425,True,2.3406,0.614387
NET-000150,governance_voting,20,87,8.7865,51,0.4393242,0.11281762,1.31334,3,0.16396693,0.38381684,0.07288275,0.634368,2,0.235815,0.790793,0.05329947,0.37748637,0.65803226,2.161661,True,2.2939,1.026429
NET-000151,bridge_relay,500,1355,5.4208,19,0.01084167,0.48259738,3.341999,8,0.49205806,0.3612097,0.00515525,0.845401,15,0.372122,0.906237,0.22882008,0.29704227,0.75458165,1.460596,True,2.4927,1.367887
NET-000152,liquidity_pool,20,42,4.2149,25,0.21074744,0.58899596,1.813914,3,0.21249091,0.27447769,0.25041421,0.30968,2,0.399109,0.913141,0.38891929,0.14709105,0.64934798,1.314091,True,2.6539,0.501072
NET-000153,interbank_lending,50,156,6.2622,34,0.1252447,0.37198126,1.973091,5,0.54253463,0.48884811,0.17453083,0.652067,3,0.565761,0.79855,0.1444803,0.44408292,0.72981581,2.36419,False,2.3615,1.055067
NET-000154,validator_consensus,1000,3639,7.2786,40,0.00727863,0.69770669,3.268121,10,0.22938628,0.23299707,0.00382981,0.729915,17,0.185515,0.880249,0.08017822,0.29017513,0.41973307,1.739945,True,2.7029,1.181028
NET-000155,governance_voting,100,319,6.3809,31,0.06380879,0.38313623,2.303861,4,0.58237621,0.67248071,0.06181502,0.570394,6,0.592284,0.58959,0.33254468,0.20802741,0.4957761,1.878934,True,2.515,0.922917
NET-000156,market_maker_graph,1000,4259,8.5187,55,0.00851872,0.25162922,3.065671,6,0.30079424,0.30038196,0.00464435,0.839927,17,0.27168,0.881962,0.16557995,0.40756742,0.40543977,2.317359,False,2.1552,1.359031
NET-000157,validator_consensus,500,500,2,12,0.004,0.44038383,5.65678,15,0.25561803,0.31267726,0.01438549,0.541936,11,0.162119,0.965626,0.1241755,0.11886279,0.71492254,0.103017,False,2.7094,0.876871
NET-000158,validator_consensus,50,214,8.569,27,0.17137932,0.156269,1.732114,4,0.34805537,0.27987269,0.06278611,0.792201,2,0.142109,0.846638,0.25132583,0.4909893,0.30304601,1.903941,False,2.312,1.281808
NET-000159,market_maker_graph,200,492,4.9234,20,0.02461682,0.19828539,2.978416,8,0.14361749,0.15671268,0.01686819,0.698893,7,0.10332,0.6836,0.1727043,0.18889449,0.49358714,1.691545,False,2.9173,1.130832
NET-000160,bridge_relay,500,1651,6.606,28,0.01321206,0.13114468,3.062981,9,0.19837558,0.53831334,0.00643926,0.471507,13,0.250302,0.793506,0.28691822,0.31860658,0.65752286,1.620811,True,3.0543,0.762914
NET-000161,token_transfer,50,180,7.2378,35,0.14475565,0.6983393,1.855155,5,0.44441085,0.25597116,0.10721431,0.565254,3,0.636383,0.828523,0.21827874,0.46779239,0.75420485,2.886234,False,2.766,0.914599
NET-000162,validator_consensus,200,592,5.9256,44,0.02962817,0.63027553,2.737824,8,0.2082397,0.36670508,0.03358213,0.713268,6,0.095373,0.73659,0.18201322,0.40920063,0.23962073,2.508633,True,2.279,1.154091
NET-000163,bridge_relay,500,1775,7.1002,33,0.01420045,0.33847308,2.970808,6,0.31221532,0.44504186,0.0067207,0.445405,11,0.216624,0.760709,0.48009202,0.26200617,0.04912431,2.382128,False,3.0679,0.720681
NET-000164,market_maker_graph,100,244,4.8911,23,0.04891094,0.35744586,2.596742,5,0.34298144,0.29486696,0.0624462,0.686669,3,0.302485,0.903768,0.09670678,0.25433519,0.51109068,1.036695,True,2.3824,1.111055
NET-000165,token_transfer,50,171,6.8602,29,0.13720384,0.59553575,1.897372,2,0.57272811,0.25465532,0.11304735,0.670966,4,0.669166,0.933989,0.25579747,0.2813727,0.58158626,2.311398,False,1.5175,1.085646
NET-000166,oracle_network,50,97,3.8813,21,0.07762589,0.38752746,2.467514,6,0.03616488,0.26924672,0.1195377,0.81251,2,0.214521,0.813249,0.09627388,0.13444402,0.31217867,0.655028,True,2.5192,1.314669
NET-000167,interbank_lending,20,66,6.6872,34,0.33436136,0.21300153,1.468813,3,0.28738713,0.49049158,0.19258695,0.591606,2,0.211603,0.544688,0.09746112,0.25185317,0.49932175,1.834628,True,2.9884,0.957238
NET-000168,oracle_network,200,352,3.5216,13,0.01760782,0.50092015,3.511475,8,0.31407856,0.35396344,0.03822813,0.637218,7,0.461967,0.844685,0.21519091,0.20466458,0.50114197,0.873074,False,1.7721,1.031041
NET-000169,market_maker_graph,100,371,7.4259,26,0.0742592,0.14456893,2.16072,7,0.02479568,0.27839333,0.05444648,0.754723,6,0.287338,0.69567,0.08499982,0.36688527,0.46465523,2.032191,True,2.4442,1.221168
NET-000170,governance_voting,50,50,2,9,0.04,0.34074478,3.560877,7,0.34696276,0.8068963,0.13737489,0.698842,2,0.223642,0.771844,0.18043709,0.33617133,0.40231643,0.664752,True,2.8268,1.130749
NET-000171,market_maker_graph,20,72,7.2144,37,0.36072013,0.37842835,1.42255,3,0.62354142,0.34873389,0.30931386,0.946559,2,0.294071,0.620924,0.08161146,0.34873191,0.78163166,2.722606,True,2.6257,1.531565
NET-000172,governance_voting,50,237,9.491,34,0.18982072,0.25487585,1.664322,3,0.44731156,0.2499158,0.06909963,0.358797,2,0.132613,0.934607,0.05347827,0.40743973,0.21259912,2.118168,True,3.0023,0.580545
NET-000173,validator_consensus,50,156,6.2647,24,0.12529408,0.48942276,1.972753,5,0.4942206,0.61602383,0.10088595,0.623845,2,0.342287,0.922001,0.36192754,0.08440496,0.75848066,2.946489,True,2.9403,1.009403
NET-000174,validator_consensus,1000,3580,7.1609,24,0.00716088,0.1843586,3.290422,8,0.16598469,0.37791911,0.00484462,0.846663,19,0.356577,0.88113,0.22453391,0.36291535,0.45599306,1.827947,True,2.8015,1.36993
NET-000175,market_maker_graph,20,92,9.2796,49,0.46397843,0.38527457,1.285635,2,0.41835668,0.29163746,0.36366568,0.725269,2,0.100923,0.631054,0.43864924,0.43839386,0.67570258,1.835072,True,3.0448,1.17351
NET-000176,oracle_network,50,255,10.2219,43,0.20443896,0.5879656,1.617962,4,0.36267324,0.51289943,0.09815492,0.758658,3,0.273823,0.779237,0.11125629,0.40347898,0.73204514,3.231123,True,2.6749,1.227534
NET-000177,governance_voting,1000,1400,2.8005,16,0.00280052,0.13081963,5.173817,15,0.36798995,0.69091644,0.00309388,0.442518,17,0.211858,0.816359,0.05991472,0.30901272,0.1659035,0.784617,True,2.139,0.716009
NET-000178,market_maker_graph,200,328,3.2877,12,0.01643849,0.45808312,3.639579,5,0.24279055,0.54440475,0.0051186,0.820013,7,0.159641,0.876651,0.13256797,0.3273601,0.3148407,1.483342,False,2.0426,1.326808
NET-000179,governance_voting,100,394,7.8907,30,0.07890668,0.20752264,2.107627,5,0.30973284,0.3444421,0.03968479,0.624028,5,0.258267,0.887076,0.29381342,0.44830591,0.52804071,2.081872,True,2.5645,1.009698
NET-000180,oracle_network,1000,3598,7.1978,28,0.00719778,0.50552717,3.283367,5,0.25913476,0.4092205,0.0074477,0.266432,14,0.243011,0.842497,0.36948387,0.42969177,0.37972621,2.423496,True,2.3465,0.431096
NET-000181,bridge_relay,100,100,2,8,0.02,0.12961487,4.191807,10,0.10134852,0.38229035,0.02729518,0.83981,5,0.106213,0.800272,0.1661068,0.3115027,0.50661522,0.771828,True,2.974,1.358841
NET-000182,market_maker_graph,500,1801,7.2056,46,0.01441121,0.43332009,2.952564,8,0.10185679,0.29021358,0.01281583,0.702831,6,0.278191,0.867981,0.13817825,0.58408164,0.87452604,1.398817,False,2.4279,1.137205
NET-000183,interbank_lending,200,624,6.2447,35,0.03122356,0.35779619,2.675551,9,0.41960949,0.27977256,0.02087206,0.537374,7,0.388093,0.776345,0.20145789,0.73225068,0.50533887,2.129168,True,2.3557,0.86949
NET-000184,oracle_network,20,57,5.7593,30,0.28796374,0.45608261,1.567695,3,0.23739962,0.54643322,0.19498839,0.739135,2,0.387004,0.795705,0.13120491,0.12840711,0.61098279,1.03624,True,2.4128,1.195946
NET-000185,validator_consensus,100,399,7.9969,35,0.07996871,0.24746851,2.096235,4,0.30367497,0.47934814,0.03739565,0.65622,6,0.332142,0.929078,0.67525461,0.37020249,0.46339601,3.209703,True,2.1504,1.061787
NET-000186,validator_consensus,50,222,8.9126,26,0.17825206,0.16762283,1.705472,4,0.16883106,0.50542053,0.08490959,0.713486,3,0.097904,0.930836,0.26366796,0.24855961,0.22827366,2.632763,False,2.7702,1.154445
NET-000187,interbank_lending,1000,4257,8.5141,39,0.00851409,0.43007805,3.066333,7,0.25931397,0.41608645,0.00430781,0.411975,16,0.341921,0.787522,0.2747399,0.23472426,0.47115268,2.183613,True,2.2683,0.666589
NET-000188,token_transfer,1000,3625,7.2516,31,0.00725158,0.22371928,3.273189,4,0.2112838,0.71448322,0.00845028,0.707462,15,0.381231,0.861037,0.09909512,0.35828739,0.91154046,1.4749,False,2.5645,1.144698
NET-000189,validator_consensus,50,156,6.2733,30,0.12546683,0.51252794,1.971571,5,0.07029091,0.84447578,0.11586255,0.653297,4,0.131537,0.414615,0.10804964,0.30687536,0.36061265,1.659853,True,2.3031,1.057057
NET-000190,validator_consensus,100,479,9.599,50,0.09599024,0.32105939,1.950714,3,0.71341683,0.64906172,0.07796612,0.674055,4,0.229187,0.5594,0.24952596,0.28270476,0.40122379,3.708363,False,2.6004,1.090643
NET-000191,market_maker_graph,500,976,3.9072,20,0.00781443,0.39701948,3.906823,7,0.50041439,0.26116255,0.01084569,0.429857,7,0.067127,0.876085,0.20836943,0.37253946,0.16467752,0.01865,True,2.3142,0.695524
NET-000192,liquidity_pool,50,187,7.4977,32,0.14995429,0.63673671,1.828221,5,0.18953276,0.58073303,0.11576302,0.511604,3,0.367443,0.581197,0.36076426,0.68610199,0.58204627,1.787387,True,2.568,0.827793
NET-000193,oracle_network,1000,4306,8.6124,51,0.00861239,0.32767773,3.052406,8,0.23092961,0.22586405,0.009264,0.70885,8,0.352988,0.781208,0.31591839,0.3873508,0.50520475,2.158337,True,2.5903,1.146944
NET-000194,interbank_lending,200,303,3.0332,12,0.01516589,0.42275557,3.79929,7,0.25529431,0.76477747,0.01294167,0.326071,7,0.331212,0.902634,0.34705366,0.25216847,0.34281582,1.608562,False,2.1372,0.527594
NET-000195,governance_voting,20,83,8.3928,39,0.41964071,0.44334439,1.337413,3,0.16522539,0.55347929,0.09927371,0.715529,2,0.322411,0.820379,0.15526097,0.44481181,0.73336482,2.36168,True,3.2851,1.15775
NET-000196,validator_consensus,100,129,2.5981,12,0.02598095,0.68199319,3.596653,7,0.51439935,0.39836987,0.05498033,0.654797,5,0.145544,0.786453,0.13172691,0.4414947,0.2809645,0.757276,False,2.4664,1.059484
NET-000197,oracle_network,500,1719,6.8791,37,0.01375811,0.24280079,3.010651,7,0.22530212,0.49493063,0.0102002,0.842296,12,0.419694,0.643246,0.20624162,0.21793516,0.64774861,2.467877,True,2.2389,1.362864
NET-000198,market_maker_graph,100,306,6.1313,45,0.06131338,0.32149748,2.344196,4,0.1902871,0.42683659,0.06443189,0.63534,4,0.357933,0.897577,0.17871432,0.23969135,0.7488092,2.41625,True,1.8574,1.028001
NET-000199,interbank_lending,500,896,3.5877,16,0.00717532,0.18332133,4.079513,8,0.15268542,0.46015536,0.01603913,0.879312,11,0.154011,0.875091,0.37577585,0.15410104,0.63046736,1.349833,True,2.8872,1.422756
NET-000200,bridge_relay,200,915,9.1596,46,0.04579784,0.2602345,2.285318,5,0.31578744,0.4998147,0.03377785,0.892693,6,0.273702,0.904878,0.20989807,0.30807618,0.4528412,2.735336,True,2.3236,1.444407
NET-000201,interbank_lending,50,97,3.8877,16,0.07775387,0.09584539,2.465477,5,0.29677733,0.37432332,0.0727401,0.806376,3,0.205223,0.740582,0.34421985,0.11923144,0.99666205,1.298502,False,2.3381,1.304744
NET-000202,market_maker_graph,100,299,5.9852,30,0.05985154,0.33706843,2.369174,5,0.1181966,0.5150646,0.07153144,0.498166,4,0.286154,0.701997,0.04936042,0.50428692,0.42194932,1.249369,True,2.9324,0.806049
NET-000203,liquidity_pool,1000,1000,2,11,0.002,0.26391922,6.28771,17,0.30683285,0.40417229,0.00518103,0.743632,20,0.252342,0.819215,0.36777362,0.51388705,0.45657044,0.739452,True,2.8743,1.203222
NET-000204,interbank_lending,20,56,5.6494,31,0.28246758,0.4087114,1.581262,3,0.16349649,0.48299053,0.14425146,0.477541,2,0.343664,0.963125,0.1426929,0.61572321,0.17969612,1.521745,True,2.2233,0.772678
NET-000205,interbank_lending,100,249,4.9852,24,0.04985201,0.36960972,2.573742,5,0.38734049,0.63024655,0.02577112,0.544365,5,0.143551,0.732111,0.22579824,0.51282317,0.463663,1.902876,False,2.4385,0.8808
NET-000206,governance_voting,50,190,7.6246,34,0.15249269,0.31249706,1.815642,4,0.31080987,0.63886495,0.05392916,0.572488,3,0.566004,0.815209,0.04896081,0.30462968,0.54417588,2.734892,False,1.8383,0.926305
NET-000207,bridge_relay,1000,2686,5.3734,23,0.00537335,0.22720074,3.729637,10,0.12751903,0.50053142,0.00330072,0.614318,17,0.560973,0.550858,0.08799444,0.44514354,0.559239,2.072398,True,2.8577,0.993987
NET-000208,liquidity_pool,200,955,9.5557,40,0.04777856,0.16745727,2.248225,3,0.33046224,0.22588865,0.01455036,0.826249,8,0.23189,0.731644,0.13893832,0.26942336,0.60637494,3.194774,True,2.2925,1.336898
NET-000209,market_maker_graph,500,1653,6.6139,23,0.01322785,0.15756144,3.061416,10,0.16703897,0.14454264,0.01414843,0.409911,9,0.249689,0.785502,0.44435712,0.12909322,0.41852497,2.22141,True,2.4404,0.663249
NET-000210,bridge_relay,100,291,5.8251,35,0.05825088,0.64673171,2.39777,4,0.28540236,0.62207922,0.0694538,0.604516,4,0.491182,0.877358,0.13757109,0.13573672,0.81682083,1.793452,False,2.1414,0.978127
NET-000211,token_transfer,1000,3921,7.8428,28,0.00784277,0.10936569,3.169276,7,0.28563443,0.30652786,0.00492918,0.403773,15,0.07855,0.665917,0.30989499,0.7299918,0.70442187,2.260224,True,2.7137,0.653318
NET-000212,governance_voting,200,443,4.4386,19,0.02219298,0.24562896,3.128581,8,0.27051817,0.61515999,0.01174371,0.790423,8,0.181991,0.966482,0.11759266,0.33460784,0.05624784,1.027337,True,2.6987,1.278931
NET-000213,interbank_lending,500,1511,6.0447,26,0.01208943,0.42516869,3.183261,8,0.22665266,0.25519852,0.01351744,0.722454,10,0.238544,0.940195,0.19630545,0.3855206,0.69095123,2.17632,True,2.1389,1.168955
NET-000214,oracle_network,100,243,4.8755,22,0.04875544,0.35592552,2.600618,6,0.19700216,0.49837116,0.08067521,0.575308,5,0.326842,0.748211,0.1614788,0.23533415,0.67123112,1.708502,True,2.6987,0.930868
NET-000215,validator_consensus,200,372,3.7235,15,0.01861736,0.40198213,3.412668,9,0.30004981,0.58552482,0.02538244,0.466804,6,0.09581,0.895781,0.09783248,0.52874439,0.67497984,0.176745,True,3.1466,0.755304
NET-000216,oracle_network,500,1303,5.212,21,0.01042402,0.13885424,3.402496,11,0.33224049,0.44632368,0.00452447,0.892811,11,0.270211,0.70533,0.1474657,0.2723844,0.42203125,1.266806,True,2.5888,1.444599
NET-000217,market_maker_graph,1000,3282,6.5642,30,0.00656421,0.46252536,3.413887,7,0.25912009,0.68634014,0.00732886,0.702796,15,0.280053,0.956929,0.11767638,0.27525249,0.54099713,2.236555,True,2.7864,1.137149
NET-000218,interbank_lending,200,489,4.8974,32,0.02448706,0.30748238,2.985786,11,0.06014155,0.30681194,0.00957522,0.489527,4,0.204705,0.853047,0.25627326,0.5101127,0.51739568,1.20435,False,2.6196,0.792071
NET-000219,oracle_network,100,445,8.9155,40,0.0891546,0.23844147,2.007402,5,0.14263709,0.6119743,0.05891358,0.61905,6,0.090092,0.778732,0.49173097,0.24547112,0.34204819,3.107836,True,2.5834,1.001643
NET-000220,bridge_relay,500,1524,6.097,35,0.01219409,0.50339547,3.171238,5,0.0296011,0.38228811,0.01810445,0.28774,12,0.280863,0.958968,0.26657309,0.28449043,0.37673633,1.533432,False,2.5766,0.465572
NET-000221,validator_consensus,50,57,2.3004,15,0.04600717,0.19179352,3.276316,6,0.14123667,0.55820651,0.04805502,0.814345,4,0.480835,0.60384,0.4158105,0.26173575,0.34105764,0.049996,True,2.4783,1.317638
NET-000222,bridge_relay,20,48,4.8523,32,0.24261403,0.41927484,1.695539,4,0.30258023,0.38391705,0.23804389,0.497565,2,0.268955,0.916253,0.02631439,0.34066972,0.65778281,1.400514,False,2.6175,0.805077
NET-000223,bridge_relay,1000,2133,4.268,22,0.004268,0.40530981,4.157166,11,0.53636538,0.42945459,0.00735494,0.381739,12,0.052612,0.913908,0.181814,0.27091084,0.37388637,1.387703,True,2.8768,0.617667
NET-000224,validator_consensus,20,49,4.9737,20,0.24868275,0.17757021,1.676066,2,0.54228132,0.13807575,0.2132546,0.650272,3,0.334714,0.904833,0.58553845,0.12925023,0.11712348,0.80161,False,2.3759,1.052162
NET-000225,token_transfer,20,36,3.6045,22,0.18022488,0.41549056,1.961799,3,0.28236168,0.41745702,0.20682361,0.684105,2,0.235313,0.880311,0.10401838,0.3949226,0.60578646,1.123408,True,2.5861,1.106906
NET-000226,interbank_lending,20,50,5.0057,22,0.25028423,0.58371239,1.671067,3,0.26243848,0.58262679,0.1838154,0.536167,2,0.351259,0.810242,0.05826303,0.46661162,0.75455342,1.530985,False,2.8988,0.867536
NET-000227,interbank_lending,1000,2642,5.2855,23,0.00528551,0.48604695,3.757795,7,0.09827156,0.25282228,0.00419137,0.587394,18,0.233009,0.877062,0.19986627,0.27025904,0.7552603,2.197162,True,2.386,0.950424
NET-000228,oracle_network,100,404,8.09,37,0.08089977,0.21527573,2.086457,6,0.10031574,0.21775077,0.06963012,0.552991,5,0.193578,0.7727,0.17365491,0.02414074,0.28939008,2.436956,True,3.1202,0.894758
NET-000229,liquidity_pool,1000,3726,7.4535,37,0.00745348,0.56870563,3.236122,7,0.6865004,0.77350737,0.00493076,0.652132,14,0.158545,0.682948,0.20505904,0.40316235,0.81713508,1.892662,False,2.6405,1.055172
NET-000230,market_maker_graph,100,296,5.9234,31,0.05923367,0.32265091,2.380053,4,0.20050114,0.36024356,0.05587897,0.624233,5,0.354705,0.675366,0.22149143,0.29715779,0.16146196,1.826359,True,2.0954,1.010031
NET-000231,validator_consensus,200,358,3.5878,15,0.01793886,0.52324607,3.477968,6,0.11265932,0.56938088,0.02326227,0.742671,5,0.279668,0.776769,0.2408539,0.47062833,0.43350649,1.320328,True,2.3106,1.201667
NET-000232,oracle_network,200,308,3.0879,14,0.01543962,0.07130438,3.76291,7,0.35135643,0.41051219,0.04797043,0.752372,5,0.434567,0.546469,0.01870312,0.06366773,0.68273067,1.571316,True,2.4579,1.217363
NET-000233,validator_consensus,20,66,6.6632,27,0.33315834,0.13935055,1.471074,3,0.52311352,0.55018382,0.28319733,0.768924,2,0.344714,0.777921,0.17464785,0.4019494,0.71747888,2.286086,True,2.5111,1.244145
NET-000234,interbank_lending,500,2338,9.3529,40,0.01870571,0.21285076,2.658926,6,0.20713541,0.28025768,0.01990146,0.668453,9,0.13059,0.379608,0.16545459,0.37605557,0.63411163,3.410908,True,2.4909,1.08158
NET-000235,token_transfer,1000,3631,7.2633,35,0.00726331,0.34990588,3.270988,10,0.10099645,0.49016968,0.00767519,0.548753,18,0.143793,0.929588,0.10617716,0.23186547,0.73472884,1.381191,True,1.8418,0.8879
NET-000236,oracle_network,200,498,4.9895,23,0.02494772,0.36811756,2.959928,8,0.22092103,0.7038528,0.02090847,0.542542,7,0.266172,0.808763,0.20172764,0.48978298,0.72266581,1.126359,True,2.4152,0.877852
NET-000237,token_transfer,50,92,3.6824,18,0.07364796,0.28514596,2.534005,5,0.38140153,0.18990899,0.17871435,0.530514,2,0.530512,0.954293,0.06126914,0.12745865,0.47678447,0.942201,False,2.4991,0.85839
NET-000238,bridge_relay,100,168,3.3695,14,0.03369496,0.46795916,3.122895,8,0.06771832,0.31985763,0.04080752,0.771539,5,0.494816,0.826269,0.25549393,0.51777785,0.20897606,0.58208,True,2.1377,1.248376
NET-000239,bridge_relay,200,343,3.4318,17,0.01715878,0.12560789,3.558794,12,0.76132218,0.19408906,0.02527915,0.809387,5,0.166867,0.596407,0.30201971,0.46489291,0.83223516,1.368926,True,2.7217,1.309615
NET-000240,market_maker_graph,100,147,2.9506,9,0.02950621,0.42770074,3.351962,7,0.31052788,0.22210614,0.10230033,0.815098,5,0.228422,0.868902,0.19791268,0.34290665,0.43905483,1.3863,False,2.57,1.318856
NET-000241,market_maker_graph,100,326,6.5344,37,0.06534442,0.71096539,2.280369,5,0.31900442,0.65368507,0.05587978,0.876354,4,0.134283,0.845245,0.09868157,0.18249455,0.58278642,1.749352,False,2.2075,1.41797
NET-000242,token_transfer,100,349,6.9858,38,0.06985778,0.20456228,2.216515,6,0.29598218,0.49799861,0.0629989,0.711147,3,0.423328,0.916213,0.06760731,0.50552676,0.39340764,1.745869,True,2.1143,1.150661
NET-000243,market_maker_graph,100,248,4.9792,22,0.04979176,0.23436248,2.575191,5,0.32200918,0.4001993,0.08573576,0.282811,4,0.528711,0.903505,0.13945426,0.61378038,0.72693513,0.439162,True,1.86,0.457598
NET-000244,liquidity_pool,1000,1141,2.2828,9,0.00228278,0.35553383,5.811234,11,0.36378915,0.42764754,0.00531794,0.721434,15,0.430948,0.917553,0.12264583,0.24027827,0.36880447,1.139236,True,2.1449,1.167304
NET-000245,interbank_lending,100,346,6.9331,38,0.06933054,0.81341126,2.223605,6,0.53140931,0.83606701,0.06148671,0.295446,6,0.271646,0.852236,0.38866496,0.35728814,0.34111588,0.753125,True,2.4729,0.478042
NET-000246,governance_voting,20,71,7.112,36,0.35560161,0.4290348,1.431072,2,0.27730022,0.37818251,0.17595528,0.456675,2,0.192969,0.795033,0.26472397,0.23169811,0.84803863,1.59811,False,2.0316,0.738915
NET-000247,market_maker_graph,100,284,5.6969,27,0.05696855,0.69786829,2.421686,6,0.28622817,0.16038215,0.03145627,0.808695,4,0.419282,0.838119,0.17929242,0.29107381,0.32186916,1.546008,False,2.4076,1.308496
NET-000248,oracle_network,50,93,3.7274,28,0.07454706,0.31099628,2.518418,6,0.53538759,0.28166349,0.08910185,0.676635,3,0.347715,0.796837,0.20955356,0.51360401,0.49204805,0.311392,True,2.5489,1.094818
NET-000249,bridge_relay,20,63,6.3854,38,0.31927062,0.23284247,1.498236,4,0.17034128,0.32809281,0.26135091,0.363787,3,0.314949,0.761457,0.33153482,0.47054561,0.16646272,2.405506,True,2.7393,0.58862
NET-000250,bridge_relay,50,160,6.4286,29,0.1285711,0.27954558,1.950811,5,0.20425865,0.43697165,0.09969197,0.773087,3,0.1707,0.821032,0.05129983,0.09716566,0.44840143,1.946536,True,2.9113,1.250882
NET-000251,validator_consensus,20,69,6.9004,41,0.34502227,0.15118603,1.449371,2,0.30406278,0.24831187,0.40822648,0.374329,2,0.18684,0.802134,0.28649158,0.34025029,0.61966554,2.51254,True,2.6603,0.605676
NET-000252,interbank_lending,200,612,6.1224,25,0.03061182,0.21527371,2.698762,6,0.05517509,0.06365009,0.03307588,0.693845,4,0.157,0.850126,0.46081207,0.50331881,0.72609016,2.426422,True,2.2229,1.122664
NET-000253,governance_voting,1000,4030,8.0607,43,0.00806065,0.32809071,3.134274,7,0.47133867,0.20660623,0.00522903,0.768911,18,0.277213,0.606484,0.11083644,0.39596175,0.37967715,2.408095,True,1.9237,1.244124
NET-000254,market_maker_graph,500,974,3.8983,19,0.00779665,0.20999893,3.911281,11,0.3332618,0.45237153,0.01007673,0.41317,11,0.120762,0.850481,0.11090477,0.26166056,0.53528228,1.508366,False,2.9172,0.668524
NET-000255,market_maker_graph,200,784,7.8442,31,0.03922114,0.43837917,2.430683,7,0.35042252,0.23102172,0.00016825,0.404992,5,0.326418,0.925126,0.18739412,0.37438961,0.76742677,2.030793,True,2.4024,0.65529
NET-000256,validator_consensus,20,46,4.6795,20,0.23397359,0.59363927,1.7248,2,0.13675718,0.68986857,0.21977791,0.607113,2,0.327168,0.714527,0.19510054,0.33781149,0.00066189,1.762383,True,2.2734,0.982329
NET-000257,interbank_lending,200,487,4.8744,22,0.02437195,0.55038256,2.992381,8,0.09085417,0.57520601,0.01298233,0.713617,7,0.58884,0.89377,0.54065951,0.10865726,0.61199866,1.799622,True,2.9075,1.154657
NET-000258,bridge_relay,1000,3808,7.6168,35,0.00761679,0.15973132,3.20737,8,0.54817146,0.28600913,0.00528504,0.685592,15,0.342034,0.860664,0.59947844,0.22343188,0.33240213,2.734871,False,2.1574,1.10931
NET-000259,oracle_network,500,631,2.5259,12,0.00505176,0.32356692,4.931719,15,0.31708913,0.24136035,0.01317133,0.835949,11,0.189874,0.832093,0.23148101,0.22008008,0.68547185,0.508181,True,2.6698,1.352594
NET-000260,validator_consensus,50,207,8.292,41,0.16584033,0.38824239,1.754935,4,0.17983757,0.14182804,0.03854341,0.713502,3,0.10247,0.918969,0.42112854,0.22226686,0.79122953,3.108094,True,2.6286,1.154471
NET-000261,oracle_network,20,20,2,13,0.1,0.57704207,2.726833,7,0.11941546,0.28928652,0.47878272,0.600512,2,0.136482,0.634542,0.22580162,0.28969171,0.55940576,1.05899,True,2.6894,0.971649
NET-000262,oracle_network,200,942,9.4248,53,0.04712413,0.48752748,2.260191,4,0.37978856,0.49286926,0.03805021,0.82807,5,0.128849,0.8521,0.21351688,0.2598915,0.32378543,2.442312,True,2.0092,1.339846
NET-000263,governance_voting,20,23,2.3618,13,0.11809247,0.44599497,2.470725,5,0.18311594,0.61310177,0.22620575,0.904192,2,0.284516,0.936897,0.06871707,0.34661894,0.62287829,0.579872,True,2.5281,1.463014
NET-000264,governance_voting,1000,3127,6.2542,40,0.00625425,0.18750137,3.485972,8,0.15154168,0.46975094,0.00480854,0.592506,13,0.188589,0.993044,0.17837451,0.29866657,0.03719698,1.561847,True,2.0593,0.958695
NET-000265,token_transfer,200,402,4.0233,16,0.02011659,0.28194152,3.28254,8,0.14805734,0.40161602,0.03949721,0.550999,6,0.277714,0.901986,0.13441538,0.25730129,0.51028732,1.523171,True,2.3418,0.891536
NET-000266,oracle_network,1000,2695,5.3901,32,0.00539014,0.22465749,3.724346,8,0.2113893,0.66293342,0.00155158,0.417643,12,0.083447,0.908917,0.00888642,0.70547649,1.10188541,1.442887,True,2.6348,0.675761
NET-000267,validator_consensus,100,155,3.1093,16,0.03109319,0.39791926,3.258551,11,0.09355168,0.44516033,0.00120693,0.827217,5,0.215795,0.957063,0.22437458,0.23125822,0.48259646,0.911126,False,2.6885,1.338465
NET-000268,bridge_relay,200,887,8.8709,61,0.0443544,0.49090452,2.314091,6,0.30669947,0.15574444,0.0294113,0.494448,6,0.19317,0.557578,0.16164546,0.24945028,0.39959703,2.920178,True,2.5257,0.800033
NET-000269,market_maker_graph,1000,3154,6.308,29,0.00630802,0.26521592,3.473027,6,0.2726255,0.62888932,0.00410183,0.826091,19,0.34688,0.955957,0.3628108,0.04230293,0.25408343,2.565804,True,2.5676,1.336643
NET-000270,validator_consensus,200,740,7.4043,28,0.03702143,0.3040559,2.488943,7,0.12541133,0.17633039,0.02834711,0.699958,4,0.36307,0.752805,0.23810018,0.18458063,0.33998031,2.73314,False,2.6381,1.132555
NET-000271,validator_consensus,50,98,3.958,19,0.07915936,0.25069346,2.443493,6,0.47463161,0.4107265,0.1076946,0.476093,4,0.099592,0.625423,0.06602189,0.72222178,0.34477201,0.883857,True,2.1831,0.770335
NET-000272,governance_voting,200,618,6.1829,28,0.03091465,0.32651123,2.687172,6,0.37189419,0.16885084,0.01517683,0.239445,6,0.335736,0.831175,0.07205831,0.19155391,0.27503667,2.023613,True,2.406,0.387431
NET-000273,market_maker_graph,1000,2092,4.1849,15,0.00418488,0.26080508,4.197339,12,0.2858759,0.43148804,0.00407298,0.573551,19,0.416768,0.973638,0.13168217,0.18022438,0.54091886,1.384652,True,2.7507,0.928024
NET-000274,market_maker_graph,1000,3453,6.9069,24,0.00690692,0.21707844,3.340731,11,0.10374944,0.16556119,0.00477971,0.459059,17,0.12255,0.854084,0.1775761,0.2830965,0.65079875,2.460354,True,1.9704,0.742773
NET-000275,bridge_relay,200,628,6.2831,45,0.0314156,0.2264024,2.668426,8,0.09648506,0.11870362,0.00486428,0.511737,5,0.328194,0.843165,0.07010176,0.22751258,0.19496932,1.778789,True,1.9799,0.828008
NET-000276,bridge_relay,20,77,7.792,41,0.38960105,0.3480269,1.37808,2,0.38031559,0.5226748,0.32581106,0.921629,2,0.244326,0.671209,0.18462517,0.33091014,0.27973304,1.848653,True,2.6709,1.491227
NET-000277,token_transfer,500,1666,6.6673,35,0.01333451,0.68770699,3.050925,7,0.18741339,0.79215836,0.0069137,0.636389,5,0.333219,0.853126,0.14074229,0.07544909,0.67572294,1.316635,True,2.5023,1.029699
NET-000278,bridge_relay,1000,2336,4.6726,22,0.00467264,0.17509949,3.979912,10,0.04541466,0.18031791,0.00696889,0.437189,12,0.34243,0.94491,0.05236975,0.39495126,0.39311075,1.732011,True,2.6961,0.707387
NET-000279,token_transfer,500,1738,6.9524,44,0.01390478,0.22098834,2.997198,8,0.10375105,0.50116691,0.00735655,0.835249,10,0.155872,0.816312,0.04851954,0.3806513,0.44662468,2.175198,False,2.364,1.351461
NET-000280,market_maker_graph,500,1193,4.7745,22,0.00954904,0.19005887,3.544207,8,0.29890961,0.44166767,0.01110435,0.297647,10,0.325883,0.949685,0.07745616,0.23069772,0.3924955,0.832348,False,2.3701,0.481603
NET-000281,market_maker_graph,500,2101,8.4051,53,0.01681026,0.10343109,2.772825,6,0.1949034,0.53495979,0.00550484,0.538606,11,0.329741,0.764659,0.13366782,0.34551812,0.6776758,2.264442,False,2.7745,0.871483
NET-000282,liquidity_pool,500,1110,4.4408,15,0.00888164,0.34279004,3.668752,10,0.32345215,0.35687632,0.00916691,0.746357,10,0.45664,0.805238,0.02566682,0.19629168,0.49741856,0.858168,True,2.3904,1.207632
NET-000283,validator_consensus,100,298,5.9744,26,0.05974392,0.30342389,2.371055,6,0.29548146,0.31516364,0.10351508,0.81935,5,0.50412,0.828413,0.30194898,0.36925894,0.39670088,1.889865,True,2.818,1.325735
NET-000284,market_maker_graph,100,310,6.2112,30,0.06211237,0.27437369,2.330976,5,0.16571412,0.45332767,0.07900202,0.47761,4,0.316755,0.75696,0.078013,0.12307123,0.16428922,0.980012,True,2.7123,0.772789
NET-000285,interbank_lending,100,247,4.9496,29,0.04949592,0.3168652,2.582354,5,0.14778064,0.32542591,0.02285657,0.72636,5,0.225769,0.783436,0.0583433,0.30844337,0.24767377,1.158586,True,2.552,1.175275
NET-000286,oracle_network,50,135,5.439,31,0.10878083,0.2500816,2.100551,4,0.11121732,0.29712691,0.13830655,0.519329,3,0.19843,0.926227,0.06201466,0.28704614,0.4288913,1.406354,True,2.7444,0.840292
NET-000287,liquidity_pool,200,751,7.5191,46,0.03759532,0.49166985,2.473184,4,0.35985575,0.16716046,0.02341261,0.576063,7,0.113077,0.968632,0.28438666,0.22095576,0.74763912,2.590207,True,2.2401,0.932089
NET-000288,market_maker_graph,50,178,7.1363,31,0.1427251,0.33608188,1.866129,4,0.06616834,0.70104635,0.11748256,0.564103,2,0.239697,0.415255,0.24861961,0.1124302,0.40618414,2.489662,True,1.7055,0.912738
NET-000289,bridge_relay,100,429,8.5937,44,0.08593717,0.54496407,2.036687,4,0.14298931,0.35632518,0.08415637,0.532832,3,0.233454,0.809491,0.33866275,0.3263936,0.28755535,2.554308,True,2.6414,0.86214
NET-000290,token_transfer,20,47,4.7824,32,0.2391187,0.47356655,1.707151,4,0.61251033,0.15561998,0.11821409,0.529692,2,0.298739,0.704621,0.33604456,0.4306265,0.63067512,1.317063,False,2.8913,0.85706
NET-000291,interbank_lending,20,81,8.1227,28,0.40613467,0.359035,1.355066,2,0.29892933,0.36713215,0.24365597,0.540785,2,0.232667,0.836039,0.13910719,0.28039828,0.31823679,3.099442,False,2.337,0.875008
NET-000292,liquidity_pool,1000,2176,4.3536,19,0.00435355,0.6477285,4.117248,12,0.04052132,0.05805091,0.00468255,0.793019,10,0.423164,0.795479,0.13557805,0.26633314,0.43605221,1.459042,False,2.4218,1.283131
NET-000293,governance_voting,20,70,7.0352,30,0.35175955,0.28122506,1.437608,3,0.12263773,0.33928565,0.27418715,0.570348,3,0.528058,0.755454,0.20077122,0.28606442,0.80282542,1.293666,True,2.8023,0.922843
NET-000294,liquidity_pool,200,744,7.4487,50,0.03724374,0.19186859,2.482789,5,0.23850417,0.31805726,0.03262657,0.700113,6,0.317849,0.610239,0.34226392,0.09694816,0.559873,3.320812,True,2.098,1.132806
NET-000295,bridge_relay,1000,2995,5.9918,35,0.00599176,0.63092476,3.552035,8,0.14484143,0.34902884,0.00382045,0.213241,13,0.290266,0.532714,0.11820411,0.26702994,0.27762379,2.748848,False,2.5142,0.345032
NET-000296,governance_voting,50,131,5.2766,23,0.10553269,0.4784476,2.129764,3,0.04317113,0.05833812,0.15849998,0.886911,4,0.358879,0.638538,0.23058592,0.46857245,0.32344372,2.428613,False,2.2452,1.435051
NET-000297,interbank_lending,1000,2454,4.9086,20,0.00490857,0.21291534,3.888616,10,0.08547217,0.59633893,0.00354671,0.299046,10,0.300377,0.94368,0.13824206,0.28769619,0.33166254,1.950321,True,2.6506,0.483867
NET-000298,bridge_relay,20,45,4.5936,25,0.2296778,0.50946008,1.740071,5,0.06489213,0.6644231,0.31387911,0.539259,2,0.215839,0.708844,0.08385787,0.22681736,0.17253454,1.683745,False,2.5005,0.87254
NET-000299,token_transfer,200,560,5.6079,29,0.02803938,0.18701672,2.805922,3,0.61243362,0.59715838,0.02301104,0.750544,6,0.319212,0.926521,0.11265885,0.40136445,0.63030853,1.977857,True,2.1775,1.214405
NET-000300,bridge_relay,100,350,7.0121,38,0.07012095,0.28379636,2.213011,5,0.32950831,0.3555973,0.06885993,0.707772,4,0.35386,0.852119,0.01949087,0.11165568,0.46872017,0.709172,True,2.4056,1.145199
NET-000301,token_transfer,100,427,8.5527,35,0.08552678,0.60419603,2.040556,6,0.27457415,0.16937038,0.03256722,0.726271,3,0.206874,0.688499,0.13575641,0.2393965,0.60261138,2.164328,True,2.0809,1.175132
NET-000302,interbank_lending,1000,2219,4.4382,28,0.00443819,0.18788749,4.079111,9,0.2992294,0.69577748,0.00618184,0.467875,19,0.262037,0.766313,0.35657979,0.33599837,0.63592772,1.898359,True,2.8042,0.757037
NET-000303,liquidity_pool,500,906,3.6271,15,0.0072542,0.12425292,4.056717,8,0.31764771,0.18985228,0.00992141,0.343597,10,0.202745,0.814817,0.33040188,0.24277251,0.8258506,1.21386,True,2.852,0.555951
NET-000304,market_maker_graph,500,924,3.6986,16,0.0073972,0.47783061,4.016513,9,0.45401286,0.32338975,0.01237236,0.576881,11,0.08788,0.764381,0.25758001,0.44544262,0.51930236,1.325585,True,2.6228,0.933413
NET-000305,token_transfer,200,580,5.8099,30,0.02904943,0.15233615,2.761877,9,0.61797505,0.24165142,0.03187403,0.511652,5,0.284615,0.731226,0.11314756,0.25893401,0.25224126,0.459014,True,2.8286,0.827871
NET-000306,market_maker_graph,200,489,4.897,27,0.02448505,0.30907544,2.9859,9,0.22712079,0.54541834,0.03061433,0.489483,3,0.299175,0.915608,0.23960608,0.16583676,0.60812103,1.164002,True,2.3672,0.792
NET-000307,bridge_relay,500,2554,10.2188,44,0.02043759,0.28134864,2.570579,6,0.56918538,0.30065597,0.01295422,0.70887,10,0.302445,0.661631,0.08036198,0.07586041,0.42109182,3.430025,True,2.359,1.146975
NET-000308,token_transfer,500,904,3.618,11,0.00723605,0.56499121,4.061922,10,0.48983968,0.11379052,0.01082682,0.72363,10,0.422821,0.617636,0.13213713,0.47892489,0.59989003,1.491602,True,2.6826,1.170858
NET-000309,liquidity_pool,50,134,5.3802,33,0.10760344,0.1993033,2.110961,7,0.14479151,0.12248242,0.05677138,0.552124,3,0.160581,0.620595,0.19428277,0.57963222,0.38814036,1.494347,False,2.0165,0.893356
NET-000310,liquidity_pool,200,518,5.1833,26,0.02591649,0.42518378,2.908205,7,0.26957153,0.47366925,0.04239292,0.830238,7,0.433545,0.938636,0.11774789,0.23633332,0.50690125,1.573494,True,3.0694,1.343353
NET-000311,oracle_network,50,152,6.1089,36,0.12217885,0.21547828,1.994553,5,0.21556434,0.3598156,0.03025416,0.696984,3,0.137053,0.862781,0.17660131,0.39537037,0.50795253,1.931679,True,2.0874,1.127743
NET-000312,governance_voting,1000,2415,4.8311,14,0.00483114,0.28959338,3.917708,8,0.45022727,0.4069961,0.000761,0.63651,13,0.219145,0.607375,0.06077,0.4360406,1.00447296,1.125912,True,1.8924,1.029896
NET-000313,liquidity_pool,20,88,8.8094,47,0.44046813,0.19182128,1.311997,3,0.07308982,0.45199427,0.32486992,0.723564,2,0.178716,0.781236,0.19157771,0.5165654,0.46236189,3.026924,True,2.0963,1.17075
NET-000314,bridge_relay,20,89,8.9707,46,0.44853484,0.46637232,1.30269,3,0.5747129,0.29200628,0.12260307,0.772595,2,0.290156,0.812887,0.03025681,0.33988619,0.1045367,3.241152,True,2.9234,1.250085
NET-000315,liquidity_pool,100,282,5.6472,34,0.05647177,0.19359122,2.431205,5,0.08842468,0.19203115,0.05709453,0.398017,4,0.351307,0.87711,0.28091452,0.20326137,0.20378613,0.963567,True,2.4111,0.644005
NET-000316,governance_voting,200,607,6.0764,15,0.03038222,0.24837589,2.707683,6,0.10392506,0.54949296,0.01793371,0.587768,4,0.500221,0.83053,0.09000796,0.59566443,0.4025063,1.962219,True,2.9312,0.951029
NET-000317,liquidity_pool,500,532,2.1283,8,0.00425658,0.60978192,5.449085,9,0.46821287,0.72532743,0.00149494,0.406624,8,0.416209,0.912017,0.16274862,0.40423237,0.25259184,0.063466,True,2.6098,0.657932
NET-000318,governance_voting,1000,3698,7.3964,34,0.00739637,0.24584574,3.246432,7,0.44314654,0.77532728,0.00381981,0.537811,18,0.163982,0.831118,0.28095303,0.1807188,0.37445069,2.100073,True,2.4013,0.870196
NET-000319,bridge_relay,500,1585,6.3428,43,0.01268555,0.40776317,3.117097,7,0.14502856,0.64372724,0.00401936,0.584169,8,0.306284,0.662468,0.16838915,0.38640164,0.33443856,1.647123,True,2.2866,0.945205
NET-000320,governance_voting,1000,3109,6.2194,31,0.00621939,0.29189508,3.494466,5,0.23879143,0.20097184,0.00575343,0.71895,13,0.268219,0.936546,0.15433011,0.34153143,0.30610311,1.29929,True,2.8401,1.163286
NET-000321,oracle_network,500,1366,5.4665,34,0.01093298,0.16813539,3.329314,5,0.28500758,0.38796105,0.00428289,0.705876,11,0.260397,0.557493,0.22559709,0.24758377,0.67465489,1.26658,True,2.716,1.142131
NET-000322,liquidity_pool,20,63,6.361,46,0.3180485,0.35083511,1.500724,4,0.18898811,0.48047448,0.04599785,0.800281,2,0.518456,0.775874,0.2169612,0.23145757,0.7134782,2.189743,True,2.1591,1.294882
NET-000323,oracle_network,1000,4018,8.0375,55,0.00803751,0.32663775,3.137916,6,0.30891456,0.44765087,0.00410023,0.429521,17,0.375493,0.748715,0.2029238,0.35860352,0.86499459,2.460905,True,2.5738,0.694979
NET-000324,token_transfer,100,263,5.2768,33,0.05276807,0.35976115,2.507086,6,0.57583691,0.59553971,0.07950816,0.690551,6,0.160362,0.885901,0.13361987,0.272794,0.71113334,1.786247,True,2.4368,1.117335
NET-000325,governance_voting,100,217,4.3573,27,0.04357322,0.47630254,2.743681,9,0.09313856,0.60629631,0.04485196,0.790198,4,0.014777,0.854967,0.13520914,0.35726601,0.58761974,0.887644,True,2.8225,1.278567
NET-000326,bridge_relay,1000,3359,6.7192,34,0.00671923,0.21270866,3.379999,8,0.10160629,0.65631316,0.00912915,0.827991,17,0.214997,0.776389,0.24423725,0.26113842,0.43844905,1.980345,True,2.8123,1.339718
NET-000327,governance_voting,20,73,7.33,36,0.36650185,0.61339448,1.413169,4,0.17239239,0.56476379,0.20874208,0.656989,2,0.194834,0.862842,0.17042612,0.21325914,0.86548322,2.658154,True,2.7339,1.06303
NET-000328,validator_consensus,100,380,7.6105,35,0.07610524,0.54042135,2.13897,3,0.33343862,0.59678528,0.06059078,0.688953,4,0.399331,0.750125,0.58413811,0.20502955,0.09030145,2.525592,True,2.457,1.114749
NET-000329,governance_voting,1000,2459,4.9188,30,0.00491884,0.37197646,3.884819,9,0.31577647,0.56572979,0.00893925,0.610115,17,0.341367,0.980741,0.20149431,0.41533263,0.41150353,2.05737,True,2.7144,0.987186
NET-000330,validator_consensus,20,113,11.3579,33,0.5678959,0.4104186,1.191479,2,0.55314338,0.48525305,0.24855512,0.790797,2,0.35188,0.983797,0.11128252,0.55699824,0.86762186,3.356477,True,2.2311,1.279537
NET-000331,oracle_network,1000,3112,6.2257,29,0.00622572,0.58371249,3.492916,9,0.12389238,0.59860692,0.00273048,0.485063,15,0.274767,0.806386,0.11636199,0.33445658,0.49769772,1.750368,True,2.2577,0.784848
NET-000332,token_transfer,1000,3293,6.5871,33,0.00658706,0.20856162,3.408805,9,0.23729817,0.73411867,0.00547588,0.56946,17,0.233975,0.902543,0.32794343,0.1063788,0.5700088,1.451928,False,2.4108,0.921405
NET-000333,oracle_network,200,862,8.62,47,0.04310011,0.19639124,2.340405,4,0.02951807,0.28537952,0.02699627,0.661907,7,0.351572,0.703699,0.14241509,0.23098506,0.37420183,2.610233,True,2.2565,1.070988
NET-000334,governance_voting,20,62,6.2631,34,0.31315538,0.58127802,1.510854,4,0.1347555,0.36551292,0.25832277,0.742005,2,0.206882,0.565437,0.0910669,0.17954887,0.71679043,1.956853,True,2.6977,1.200589
NET-000335,token_transfer,20,53,5.3709,27,0.26854673,0.48469094,1.617788,4,0.20821262,0.09762106,0.25571982,0.67205,2,0.312662,0.975865,0.30033177,0.42461785,0.48961231,2.025872,False,2.5188,1.087399
NET-000336,validator_consensus,100,130,2.6105,17,0.02610535,0.36583874,3.586983,7,0.19494465,0.38886901,0.05472329,0.56614,6,0.137194,0.860638,0.04870723,0.50290414,0.56626175,1.061588,True,2.4744,0.916034
NET-000337,validator_consensus,500,2008,8.0327,38,0.01606543,0.18616552,2.823727,8,0.40349479,0.43728362,0.00528245,0.676529,11,0.141657,0.799362,0.05942652,0.31898208,0.56165747,1.782901,True,2.8633,1.094646
NET-000338,governance_voting,1000,1165,2.3306,10,0.0023306,0.30172025,5.741383,11,0.23082226,0.28642413,0.00559887,0.554913,15,0.677552,0.866752,0.03222373,0.08649158,0.05472633,0.930522,True,2.3421,0.897869
NET-000339,token_transfer,50,166,6.6765,24,0.13353046,0.42186902,1.919383,7,0.10005099,0.30027905,0.15360977,0.62353,3,0.427781,0.842751,0.14530173,0.54176208,0.71772585,1.808413,False,2.3661,1.008893
NET-000340,governance_voting,50,195,7.8376,40,0.156751,0.53918033,1.795322,3,0.19815205,0.42536804,0.08178408,0.528697,3,0.231453,0.954188,0.22132471,0.19357522,0.29505152,1.413287,True,2.4653,0.855449
NET-000341,governance_voting,1000,3081,6.1636,33,0.00616362,0.44241814,3.508229,6,0.25465052,0.68961499,0.00396005,0.769617,7,0.245033,0.926777,0.3684044,0.46332119,0.50465902,1.371382,True,2.0647,1.245266
NET-000342,interbank_lending,50,87,3.5028,13,0.07005576,0.27776028,2.599875,5,0.30365813,0.60591213,0.13761562,0.629828,3,0.325324,0.723353,0.2499632,0.34427807,0.66287266,1.279268,True,2.8641,1.019084
NET-000343,bridge_relay,50,107,4.3178,15,0.08635661,0.35688828,2.341035,8,0.42307182,0.25560077,0.11767444,0.589511,3,0.328387,0.949876,0.1389757,0.22672773,0.2602058,1.366761,True,2.1052,0.953848
NET-000344,bridge_relay,100,400,8.0173,41,0.08017302,0.58975406,2.094073,3,0.27504119,0.45637843,0.04597136,0.713239,5,0.272609,0.731431,0.04756184,0.18865269,0.48422881,3.216123,True,2.4296,1.154045
NET-000345,token_transfer,100,341,6.8332,42,0.06833152,0.35998077,2.237295,5,0.57562004,0.3569419,0.0566256,0.498762,5,0.26994,0.923088,0.27685292,0.23177205,0.38469079,1.577156,True,2.1153,0.807014
NET-000346,bridge_relay,100,265,5.3172,35,0.05317236,0.32631228,2.498354,8,0.08574614,0.40093803,0.05756743,0.641403,6,0.194529,0.765432,0.34520641,0.16803947,0.34600744,1.352529,True,2.2027,1.037812
NET-000347,liquidity_pool,1000,2655,5.3101,18,0.0053101,0.46547476,3.749831,12,0.30354206,0.67373183,0.00443849,0.714998,15,0.118759,0.937958,0.24173986,0.43327401,0.44972527,2.437055,True,2.6256,1.156891
NET-000348,interbank_lending,100,466,9.3287,48,0.09328664,0.27294925,1.972301,4,0.15421762,0.8038736,0.08137979,0.753413,5,0.728246,0.767242,0.22053402,0.32387513,0.54282083,3.032424,True,2.7702,1.219048
NET-000349,bridge_relay,1000,1465,2.9311,14,0.00293109,0.34416825,5.046147,14,0.14943742,0.25650972,0.00398754,0.794379,16,0.493857,0.893022,0.22027184,0.45041552,0.48478222,0.73084,True,2.2571,1.285332
NET-000350,governance_voting,20,44,4.4725,21,0.22362456,0.24601165,1.762471,4,0.64606598,0.7434551,0.50091565,0.801359,2,0.117269,0.818946,0.15179201,0.07581042,0.61840671,1.911278,False,1.8159,1.296626
NET-000351,oracle_network,500,962,3.8506,17,0.00770118,0.12685933,3.935538,10,0.12159501,0.38573368,0.0104701,0.56258,13,0.512744,0.472135,0.34249239,0.12944966,0.65011025,1.219912,False,2.2861,0.910274
NET-000352,governance_voting,20,49,4.9697,18,0.24848427,0.23812448,1.67669,4,0.41259454,0.28695609,0.41544102,0.666804,2,0.188785,0.748039,0.26450812,0.43998691,0.52439462,1.88454,True,2.1284,1.078912
NET-000353,governance_voting,1000,4055,8.1112,33,0.00811124,0.22012657,3.126376,8,0.45583518,0.50930713,0.00434816,0.395993,17,0.267009,0.960737,0.27184871,0.42988328,0.83694388,2.347323,True,3.2609,0.640729
NET-000354,token_transfer,200,348,3.4864,19,0.01743184,0.39580312,3.529756,8,0.5547279,0.33172769,0.00175667,0.597762,6,0.395622,0.957156,0.11380709,0.15902326,0.43074497,1.206892,True,2.3509,0.9672
NET-000355,oracle_network,500,2332,9.33,61,0.01866007,0.41925828,2.661439,6,0.09337115,0.12763061,0.00873538,0.589904,7,0.40454,0.537239,0.14118083,0.21602182,0.47498808,2.734418,False,2.6574,0.954485
NET-000356,oracle_network,100,231,4.632,15,0.0463201,0.84082803,2.66431,8,0.06765277,0.78391741,0.07012012,0.614638,5,0.206299,0.868383,0.44162605,0.27456293,0.66532851,2.195064,False,2.7684,0.994506
NET-000357,validator_consensus,100,308,6.1688,41,0.06168808,0.5393035,2.337959,5,0.05971171,0.14022026,0.08203558,0.750509,6,0.208294,0.759078,0.51439922,0.23657562,0.8456866,2.044747,False,2.1832,1.21435
NET-000358,bridge_relay,50,118,4.7317,26,0.0946344,0.49903176,2.240543,6,0.17803198,0.41517473,0.05787176,0.284666,3,0.474111,0.887428,0.37577149,0.09839995,0.57487011,1.295084,False,2.6235,0.460599
NET-000359,interbank_lending,1000,3634,7.2682,41,0.00726821,0.49978742,3.27007,6,0.44484718,0.21311693,0.00510613,0.672204,12,0.373613,0.501194,0.1029065,0.27838708,0.65277927,2.303034,True,2.5253,1.08765
NET-000360,liquidity_pool,20,77,7.7038,37,0.38518994,0.19686782,1.384503,4,0.04958127,0.49758081,0.42145554,0.407128,2,0.236137,0.965217,0.03316979,0.37341009,0.29030598,2.684039,True,2.4807,0.658746
NET-000361,validator_consensus,500,1473,5.8947,32,0.01178943,0.29840213,3.218745,8,0.15563583,0.50427408,0.00800299,0.49516,11,0.311836,0.904907,0.4760533,0.36673315,0.41667577,1.475298,True,2.0906,0.801186
NET-000362,oracle_network,100,289,5.8,23,0.05799989,0.43975022,2.402379,5,0.22222605,0.32415994,0.02641242,0.528469,5,0.16521,0.907854,0.06164018,0.28410145,0.35601614,1.952839,True,2.9929,0.85508
NET-000363,bridge_relay,500,1998,7.9934,38,0.01598675,0.36388938,2.829338,8,0.12440856,0.31839885,0.01410633,0.524939,9,0.324295,0.909941,0.10431187,0.2666425,0.68146144,2.313014,True,2.9097,0.849369
NET-000364,oracle_network,20,65,6.5331,36,0.32665595,0.41492002,1.483543,4,0.06630066,0.55453454,0.36971795,0.382533,2,0.095049,0.834263,0.32958926,0.25518798,0.29352987,1.192717,True,2.4676,0.618951
NET-000365,bridge_relay,1000,3572,7.1452,43,0.00714525,0.29923448,3.29343,6,0.47506931,0.34120968,0.00891335,0.47907,14,0.143318,0.853197,0.35972141,0.61144087,0.50159748,1.403573,False,2.5082,0.775151
NET-000366,governance_voting,50,93,3.7412,23,0.07482367,0.42601963,2.51369,7,0.11768588,0.44685332,0.02077727,0.553904,3,0.50599,0.865478,0.16369704,0.40970333,0.62624887,0.946732,True,2.1669,0.896236
NET-000367,oracle_network,100,228,4.5631,21,0.0456305,0.36769565,2.683436,6,0.52174875,0.41484607,0.04726013,0.851044,3,0.337796,0.753769,0.49766183,0.10918513,0.66027169,1.431963,True,2.512,1.377019
NET-000368,liquidity_pool,200,537,5.3702,32,0.02685121,0.20742574,2.861422,9,0.21613228,0.49466424,0.02131437,0.643742,6,0.080359,0.847743,0.22061666,0.67014296,0.64364447,1.756793,False,2.8227,1.041596
NET-000369,bridge_relay,1000,3964,7.9296,31,0.00792964,0.28494024,3.155125,6,0.16441151,0.75498071,0.00681227,0.75294,16,0.233904,0.676043,0.32542358,0.33769894,0.53256009,2.442136,False,2.4452,1.218283
NET-000370,bridge_relay,100,334,6.6866,27,0.06686648,0.19870719,2.258007,6,0.44028528,0.83815891,0.07024795,0.219496,5,0.172744,0.912905,0.18199613,0.19963286,0.61726788,0.621336,True,2.0865,0.355151
NET-000371,validator_consensus,50,195,7.8089,28,0.15617812,0.56742751,1.798,3,0.19713916,0.38814164,0.10841215,0.868011,4,0.184887,0.918407,0.09138873,0.15707617,0.88650804,1.587667,True,3.0436,1.404471
NET-000372,governance_voting,100,345,6.9167,44,0.0691671,0.37043425,2.225821,5,0.38547697,0.75431977,0.03614569,0.65849,3,0.180859,0.867148,0.03962932,0.63399022,0.70882449,2.1643,True,2.9499,1.065458
NET-000373,oracle_network,50,118,4.7598,18,0.0951953,0.35509486,2.234297,6,0.05517606,0.31639969,0.0876063,0.512369,3,0.358829,0.919481,0.32173512,0.29374312,0.61519882,0.987272,True,2.4014,0.82903
NET-000374,validator_consensus,200,928,9.2854,56,0.04642708,0.26578557,2.273247,4,0.13077597,0.49065577,0.02073562,0.638358,6,0.337346,0.660598,0.49444419,0.412674,0.58018471,3.168392,True,2.3856,1.032885
NET-000375,bridge_relay,1000,1624,3.2489,11,0.00324895,0.29450534,4.774929,11,0.53047042,0.55187524,0.00093783,0.791149,18,0.159345,0.7916,0.73136413,0.20385149,0.78482359,0.885862,True,2.1544,1.280106
NET-000376,liquidity_pool,200,568,5.6824,21,0.02841194,0.1877531,2.789358,7,0.34054913,0.4059195,0.02914629,0.539165,5,0.251039,0.70391,0.11558153,0.14548888,0.10661042,2.062207,False,2.8447,0.872387
NET-000377,liquidity_pool,200,430,4.3078,24,0.02153906,0.51591681,3.174204,9,0.25319817,0.17812619,0.02109089,0.827051,9,0.270552,0.590436,0.30668905,0.66871862,0.55625445,1.692371,True,2.4674,1.338196
NET-000378,bridge_relay,1000,2725,5.4511,28,0.00545109,0.39601767,3.705383,7,0.42401997,0.47287285,0.00453057,0.536351,17,0.346561,0.709821,0.57655736,0.13242504,0.54900791,1.69236,False,2.5034,0.867834
NET-000379,liquidity_pool,500,1441,5.7659,25,0.01153188,0.30358579,3.250486,5,0.34107614,0.46686151,0.01084072,0.868758,10,0.192666,0.576961,0.08144617,0.49833355,0.33588409,1.179139,True,2.9177,1.40568
NET-000380,liquidity_pool,200,679,6.7999,19,0.03399974,0.20376973,2.579365,4,0.49310775,0.53943098,0.02607608,0.509442,7,0.232575,0.661573,0.26568233,0.44958738,0.75532729,1.876629,True,2.714,0.824294
NET-000381,validator_consensus,1000,4104,8.2084,40,0.00820841,0.56026739,3.111437,7,0.15842158,0.77307033,0.00393793,0.58521,8,0.438864,0.644135,0.27978998,0.53679745,0.68795779,1.795164,True,2.1775,0.94689
NET-000382,token_transfer,100,311,6.2262,31,0.06226187,0.45231367,2.328535,4,0.61537156,0.17305901,0.06594974,0.50974,5,0.229451,0.954718,0.23309475,0.22606327,0.42517027,2.111407,False,2.8958,0.824777
NET-000383,market_maker_graph,500,1253,5.0159,20,0.01003173,0.29714689,3.463335,9,0.68153553,0.3872598,0.00269136,0.531398,11,0.106603,0.835555,0.12728939,0.35880914,0.72921886,1.202811,False,2.7157,0.859819
NET-000384,interbank_lending,100,353,7.0695,43,0.0706952,0.43796874,2.205442,5,0.18484455,0.78410088,0.04731455,0.648052,4,0.402461,0.874092,0.04132496,0.12832935,0.51439188,2.668163,False,1.6691,1.04857
NET-000385,validator_consensus,50,54,2.1874,11,0.04374753,0.50155396,3.374767,9,0.10488384,0.31695802,0.08934258,0.707357,4,0.459953,0.871366,0.39267666,0.1943302,0.66600862,1.081992,True,3.1796,1.144528
NET-000386,oracle_network,500,933,3.7334,25,0.00746689,0.29505365,3.997425,10,0.19509863,0.34243775,0.00396077,0.336802,6,0.068231,0.92842,0.19853081,0.27765146,0.62615981,0.621405,True,2.8063,0.544956
NET-000387,interbank_lending,500,1870,7.4814,44,0.01496276,0.66241253,2.906912,9,0.11197051,0.509429,0.01063573,0.668629,9,0.202552,0.820317,0.3869722,0.13172665,0.52151076,1.591676,False,2.3427,1.081864
NET-000388,liquidity_pool,20,21,2.1746,10,0.10873061,0.14777162,2.593291,7,0.08673822,0.47182526,0.23582795,0.502179,2,0.390501,0.904765,0.32076188,0.23275751,1.16382145,0.450324,True,2.1294,0.812543
NET-000389,liquidity_pool,50,172,6.9172,46,0.1383434,0.47067026,1.890749,5,0.21700039,0.70413748,0.01909369,0.762714,4,0.241272,0.977258,0.05724447,0.62612614,0.35071848,1.621878,True,2.5616,1.234097
NET-000390,governance_voting,500,1797,7.1896,36,0.01437923,0.41129514,2.955303,10,0.08392114,0.35549811,0.01080977,0.758419,10,0.209357,0.827193,0.10766639,0.22849689,0.48898289,2.121267,True,2.5094,1.227148
NET-000391,token_transfer,200,537,5.3719,29,0.02685945,0.53884368,2.861023,7,0.33114833,0.26512455,0.01722578,0.54083,10,0.428381,0.842442,0.26752627,0.76520665,0.34758746,2.185498,True,2.6049,0.875082
NET-000392,governance_voting,1000,2090,4.1812,26,0.00418125,0.35408388,4.199125,8,0.11133177,0.6111949,0.00517642,0.348301,8,0.221165,0.672308,0.06778274,0.47224589,0.37486461,1.708951,True,2.5084,0.563564
NET-000393,oracle_network,100,433,8.6758,46,0.08675787,0.43269081,2.029043,5,0.4901252,0.22604403,0.04324886,0.663905,5,0.439776,0.599325,0.06895215,0.26836658,0.7061972,2.474564,True,2.7899,1.074221
NET-000394,market_maker_graph,100,474,9.4887,60,0.09488664,0.42702746,1.959401,4,0.01583594,0.09386181,0.07973151,0.839003,6,0.078061,0.602096,0.21518987,0.21291698,0.58692479,3.48009,False,2.2875,1.357536
NET-000395,bridge_relay,20,47,4.7334,17,0.23666923,0.19507509,1.715468,4,0.08059478,0.45082771,0.21888125,0.86436,2,0.026431,0.706831,0.44553497,0.41648047,0.51612643,0.818404,True,1.9118,1.398563
NET-000396,validator_consensus,500,1695,6.783,32,0.01356593,0.3328337,3.028654,8,0.15042971,0.43799964,0.00118373,0.376358,10,0.393597,0.962102,0.45023472,0.18505795,0.09277727,0.785733,True,2.748,0.60896
NET-000397,market_maker_graph,500,554,2.2187,10,0.00443733,0.61724589,5.316326,18,0.5793709,0.57111428,0.00665235,0.556803,13,0.317839,0.592269,0.19146672,0.13153497,0.41920646,0.008419,True,2.6377,0.900925
NET-000398,token_transfer,20,31,3.111,19,0.15555118,0.39069566,2.119114,3,0.16654682,0.29998488,0.30540376,0.642212,2,0.279471,0.902626,0.14976678,0.07452072,0.47755326,1.390198,False,2.678,1.039121
NET-000399,governance_voting,500,1165,4.6623,20,0.00932468,0.3747699,3.584309,8,0.09971896,0.52466579,0.01036993,0.545225,12,0.471879,0.798228,0.38167058,0.27526119,0.46673133,1.621974,True,3.0621,0.882192
NET-000400,oracle_network,100,239,4.7867,18,0.04786728,0.19022558,2.623181,9,0.34767287,0.20650634,0.04952429,0.559605,4,0.070801,0.939035,0.36286137,0.27958015,0.65037168,2.015488,False,2.3534,0.90546
NET-000401,interbank_lending,100,436,8.7284,46,0.08728401,0.32870066,2.024207,5,0.28824584,0.44394655,0.06751597,0.887254,5,0.305085,0.919093,0.36425428,0.41483503,0.13843977,2.004121,False,2.8767,1.435608
NET-000402,market_maker_graph,1000,3449,6.8982,32,0.00689823,0.47490162,3.342508,12,0.08999157,0.39816208,0.00664823,0.607556,17,0.133725,0.924232,0.16238749,0.20619482,0.00028766,1.470853,False,1.8635,0.983046
NET-000403,validator_consensus,100,308,6.1648,27,0.06164815,0.32058598,2.338621,4,0.042771,0.58421305,0.0817263,0.753288,7,0.249555,0.831317,0.27668471,0.06421156,0.46312875,2.063588,False,2.6873,1.218846
NET-000404,bridge_relay,200,385,3.8595,12,0.01929728,0.33841605,3.3514,7,0.08676433,0.1591265,0.03581122,0.668899,6,0.483502,0.741552,0.12360813,0.1147565,0.58186801,1.003497,True,2.7575,1.082302
NET-000405,interbank_lending,20,29,2.933,12,0.14665085,0.58131123,2.187613,6,0.04413201,0.67315208,0.08799292,0.486822,2,0.348035,0.838771,0.1575061,0.36926518,0.70109521,0.382805,True,2.428,0.787695
NET-000406,validator_consensus,20,72,7.299,51,0.3649492,0.3874632,1.415663,4,0.26322581,0.163949,0.34742836,0.79653,2,0.328698,0.943696,0.04164669,0.1343414,0.78458053,2.01905,True,2.665,1.288812
NET-000407,bridge_relay,200,572,5.7245,21,0.0286226,0.1126195,2.780159,5,0.36740976,0.7474382,0.01491311,0.704152,8,0.414192,0.584489,0.24109326,0.23463006,0.49723068,1.616703,True,2.182,1.139341
NET-000408,governance_voting,20,55,5.5984,28,0.27991768,0.39090982,1.587715,3,0.13869479,0.21772407,0.34637929,0.521094,2,0.317609,0.977656,0.01869629,0.19312551,0.19337078,1.68796,True,2.8256,0.843148
NET-000409,oracle_network,1000,1641,3.2828,13,0.00328275,0.58783159,4.748918,7,0.11144333,0.60692897,0.0002462,0.847893,17,0.210071,0.908268,0.14706773,0.29578914,0.39723639,0.576817,True,2.709,1.371919
NET-000410,market_maker_graph,50,72,2.8864,14,0.05772862,0.33037569,2.881803,4,0.40033303,0.53144245,0.13161187,0.756193,4,0.422847,0.80895,0.38803361,0.22051755,0.26620618,0.63125,True,1.9805,1.223546
NET-000411,bridge_relay,100,486,9.7286,45,0.09728616,0.21940448,1.940723,4,0.11851471,0.48786502,0.0539253,0.626903,5,0.267503,0.774945,0.25092304,0.26197318,0.77253225,2.850011,False,2.2461,1.01435
NET-000412,governance_voting,500,1264,5.0586,28,0.01011711,0.34038979,3.44974,9,0.24077912,0.12672134,0.01074616,0.551635,10,0.482897,0.584311,0.12063345,0.57342885,0.26465175,1.006257,True,2.5583,0.892564
NET-000413,liquidity_pool,20,52,5.2737,24,0.26368306,0.35927984,1.631342,3,0.39936837,0.13997802,0.12234164,0.777658,2,0.129962,0.923419,0.11207186,0.48738629,0.31660874,2.317664,False,2.1667,1.258276
NET-000414,bridge_relay,500,1518,6.075,29,0.01215009,0.20282228,3.176271,7,0.32783642,0.56613087,0.00805691,0.556162,11,0.45264,0.710411,0.17706603,0.22180677,0.41632926,1.685035,False,2.2661,0.899888
NET-000415,oracle_network,100,101,2.0258,12,0.02025805,0.28459742,4.159379,8,0.17245491,0.55954147,0.05202901,0.633874,5,0.225579,0.850526,0.50429834,0.277061,0.36107805,0.551952,True,2.1663,1.025629
NET-000416,market_maker_graph,20,53,5.3984,32,0.26992062,0.1604443,1.614036,3,0.18691594,0.6315236,0.21154268,0.332243,2,0.162358,0.898133,0.31634287,0.26489895,0.54618334,1.297184,True,2.0482,0.537581
NET-000417,market_maker_graph,200,924,9.2487,38,0.04624334,0.50344592,2.276743,7,0.32280318,0.36135824,0.0194544,0.810533,5,0.159901,0.711633,0.12131627,0.12041095,0.6139716,2.24913,True,2.5523,1.31147
NET-000418,oracle_network,200,661,6.6106,32,0.03305289,0.30187431,2.610601,6,0.08806179,0.24605695,0.02603856,0.527687,5,0.117308,0.45034,0.303118,0.18822766,0.09593817,2.144202,True,2.3668,0.853815
NET-000419,bridge_relay,100,334,6.6854,32,0.06685364,0.36372724,2.258192,5,0.41257681,0.66245426,0.06243765,0.413707,4,0.356327,0.956568,0.30993541,0.1345079,0.33074167,1.346194,True,2.4265,0.669392
NET-000420,liquidity_pool,200,389,3.8969,24,0.01948436,0.38755986,3.335218,8,0.46364571,0.54212201,0.02577427,0.505179,9,0.294512,0.904057,0.29603739,0.36614595,0.64433512,1.07605,True,2.5659,0.817397
NET-000421,liquidity_pool,500,1760,7.0426,28,0.01408528,0.21573807,2.980975,6,0.41888539,0.18298115,0.00479729,0.242407,8,0.218214,0.650879,0.28271422,0.35753219,0.62642545,2.590034,True,2.5634,0.392223
NET-000422,oracle_network,200,736,7.3641,30,0.03682068,0.40827877,2.494555,5,0.08770823,0.31878453,0.02121118,0.464228,7,0.194991,0.562264,0.08648949,0.46517205,0.41851016,2.215076,True,2.697,0.751137
NET-000423,validator_consensus,500,1658,6.6359,28,0.01327172,0.39019656,3.057083,9,0.29855966,0.31270489,0.00230406,0.734451,12,0.547104,0.629824,0.21876829,0.44675843,0.56143493,2.25601,False,2.3281,1.188367
NET-000424,bridge_relay,100,211,4.2323,21,0.04232285,0.28037622,2.782836,5,0.39354244,0.72336692,0.04746383,0.759793,5,0.558932,0.812766,0.17369171,0.12149943,0.6229637,1.554301,True,2.7462,1.229372
NET-000425,oracle_network,50,102,4.1173,22,0.08234595,0.31857027,2.396153,5,0.12782883,0.55795005,0.14405218,0.460492,4,0.377632,0.828828,0.09213951,0.21517193,0.46049248,1.727918,True,2.6457,0.745092
NET-000426,validator_consensus,1000,1420,2.8418,14,0.00284176,0.71182158,5.132326,14,0.39399589,0.37939788,0.0057889,0.751752,13,0.140203,0.810366,0.18862094,0.13364012,0.66352478,0.236345,True,2.6907,1.216361
NET-000427,validator_consensus,1000,4810,9.6207,46,0.00962071,0.32526115,2.923539,4,0.1989646,0.40091261,0.00404243,0.357672,11,0.233829,0.915069,0.26847479,0.27485186,0.82818105,2.167544,False,2.3973,0.578725
NET-000428,liquidity_pool,100,393,7.86,36,0.07860021,0.34309313,2.110963,5,0.04630474,0.39921947,0.0529108,0.561591,4,0.182167,0.707872,0.29809547,0.35957152,0.32536905,3.070919,True,2.8577,0.908673
NET-000429,liquidity_pool,100,449,8.9907,28,0.08990692,0.15195366,2.000809,4,0.25397298,0.54141572,0.07114707,0.875123,4,0.220571,0.736853,0.05526775,0.3472225,0.38375444,2.996955,True,3.0088,1.415978
NET-000430,oracle_network,50,59,2.3945,13,0.04789009,0.5431851,3.200915,8,0.43379953,0.58259944,0.06054603,0.658427,3,0.275349,0.902265,0.31927378,0.35742318,0.43027793,0.081709,True,2.5564,1.065357
NET-000431,interbank_lending,20,60,6.068,29,0.30340162,0.64685268,1.531888,2,0.47712797,0.52157117,0.0589949,0.783044,2,0.14785,0.876629,0.19259228,0.50840432,0.20253239,1.684833,True,2.4355,1.266991
NET-000432,bridge_relay,1000,2889,5.7794,17,0.00577942,0.353637,3.609273,9,0.21586023,0.635001,0.00389643,0.494301,19,0.239444,0.879584,0.17963858,0.30742392,0.43873955,1.945239,True,2.5932,0.799796
NET-000433,bridge_relay,1000,3259,6.5182,33,0.00651824,0.64965666,3.424204,8,0.33397459,0.50196515,0.00684135,0.555603,16,0.064839,0.58697,0.28474934,0.18127336,0.38251019,1.461863,False,3.3268,0.898984
NET-000434,liquidity_pool,50,198,7.9411,41,0.15882167,0.12440391,1.785776,3,0.23361362,0.6044374,0.11270055,0.566783,3,0.261366,0.949132,0.08933972,0.11864338,0.23804267,2.846795,True,2.4744,0.917075
NET-000435,oracle_network,50,144,5.7755,23,0.11551096,0.44686147,2.044625,4,0.10244553,0.16807987,0.15366427,0.764635,4,0.270848,0.854342,0.14073178,0.12349425,0.58736725,1.80014,True,2.9288,1.237205
NET-000436,oracle_network,20,40,4.0189,12,0.20094272,0.18541627,1.85701,6,0.48646406,0.50888879,0.3279922,0.640417,2,0.276641,0.618079,0.1863105,0.63335009,0.47632256,1.356212,False,2.4694,1.036216
NET-000437,interbank_lending,1000,1678,3.3566,13,0.00335664,0.24405213,4.693723,11,0.57457168,0.58085775,0.00627554,0.787832,19,0.594688,0.692666,0.05385925,0.41106753,0.58836052,1.607219,True,2.3581,1.27474
NET-000438,interbank_lending,50,149,5.9833,30,0.11966685,0.48647637,2.012847,5,0.11496496,0.64168059,0.08822787,0.688219,4,0.322507,0.742637,0.38774689,0.62823403,0.54186465,1.57464,True,2.5269,1.113561
NET-000439,validator_consensus,1000,2275,4.551,28,0.00455103,0.37692176,4.030236,11,0.30632759,0.41027614,0.00460474,0.709571,18,0.075793,0.836468,0.31660688,0.2088446,0.33441328,1.004396,True,2.2277,1.148109
NET-000440,oracle_network,200,428,4.2814,24,0.02140706,0.5970026,3.183715,6,0.64324681,0.6749556,0.02892968,0.655205,7,0.39842,0.730052,0.58185971,0.13135527,0.67369155,1.062148,True,2.4497,1.060144
NET-000441,token_transfer,50,192,7.7184,34,0.15436779,0.72086756,1.806576,6,0.49790739,0.27301798,0.15196528,0.759387,3,0.320266,0.852193,0.15482629,0.26578801,0.63992519,2.428893,False,2.0088,1.228713
NET-000442,oracle_network,50,134,5.3706,27,0.1074113,0.44217321,2.112679,5,0.61916533,0.13287925,0.11158148,0.427064,4,0.111151,0.894149,0.22313266,0.1655095,0.60358581,1.71188,True,2.7219,0.691004
NET-000443,validator_consensus,500,1778,7.1128,36,0.01422551,0.35360718,2.968614,5,0.36480431,0.2478011,0.00553846,0.61075,14,0.355643,0.383197,0.30157266,0.51614828,0.4504577,1.98066,False,2.6658,0.988215
NET-000444,governance_voting,200,716,7.1694,46,0.03584724,0.48094166,2.522526,6,0.19454711,0.41649706,0.02169075,0.568415,8,0.376262,0.860512,0.12513243,0.32631476,0.79443183,2.383802,True,2.3405,0.919716
NET-000445,token_transfer,50,195,7.8385,38,0.15677048,0.34967569,1.795231,4,0.368942,0.56986291,0.16172755,0.710905,3,0.165215,0.68202,0.205693,0.39471409,0.66920644,3.420583,True,2.1478,1.150268
NET-000446,token_transfer,1000,5008,10.0174,62,0.01001738,0.64393594,2.878862,7,0.65927755,0.26786483,0.00615273,0.878932,18,0.303233,0.969767,0.16909768,0.05999797,0.22880945,3.500761,True,2.1234,1.422142
NET-000447,token_transfer,20,76,7.6073,38,0.38036429,0.34629054,1.391675,3,0.3919797,0.1454118,0.35006269,0.875503,2,0.248512,0.896074,0.18002172,0.48303162,0.36023562,2.196535,False,2.6996,1.416594
NET-000448,market_maker_graph,500,1735,6.9423,36,0.01388457,0.48393204,2.999037,5,0.31134157,0.40222594,0.00044238,0.857416,10,0.29609,0.827694,0.21172689,0.17538659,0.22737652,1.804887,True,2.539,1.387328
NET-000449,governance_voting,200,570,5.703,24,0.0285151,0.15457605,2.784838,7,0.60947743,0.19387864,0.03495154,0.695713,8,0.507213,0.677864,0.27476942,0.30963694,0.30503932,2.112857,True,2.2806,1.125687
NET-000450,governance_voting,20,101,10.1751,58,0.50875489,0.32973837,1.241143,3,0.3442432,0.20139237,0.40431189,0.436937,2,0.195528,0.631018,0.29302403,0.0614803,0.53322179,2.140397,True,2.1622,0.706979
NET-000451,validator_consensus,1000,3904,7.8085,37,0.00780852,0.33638537,3.174929,7,0.42695826,0.41611283,0.00291396,0.447693,22,0.650199,0.921442,0.11160353,0.17542754,0.37723871,2.648433,True,2.3376,0.724382
NET-000452,market_maker_graph,20,34,3.484,17,0.17420217,0.12606966,1.996456,4,0.28112657,0.66872722,0.3538467,0.717073,2,0.294899,0.573124,0.39843012,0.50269908,0.52873473,1.279923,False,2.0964,1.160248
NET-000453,oracle_network,200,386,3.8605,24,0.01930251,0.36828878,3.350944,8,0.06394882,0.12248554,0.01469948,0.835677,7,0.37745,0.751028,0.28327245,0.13428381,0.37633247,1.238642,False,2.4011,1.352154
NET-000454,market_maker_graph,1000,3154,6.3098,34,0.00630978,0.32857781,3.472607,8,0.09112239,0.48695206,0.00624787,0.709393,21,0.152485,0.616324,0.14177631,0.3248116,0.44298387,2.140777,False,2.1713,1.147822
NET-000455,governance_voting,200,420,4.205,19,0.02102477,0.32211053,3.211859,7,0.41992332,0.53833078,0.01261831,0.514321,8,0.270214,0.875356,0.26492076,0.34542492,0.3936099,1.280842,True,2.4536,0.832189
NET-000456,validator_consensus,1000,3320,6.6405,43,0.00664045,0.19703561,3.397051,9,0.0831093,0.49452967,0.00713288,0.612078,13,0.264408,0.553531,0.28237887,0.16931864,0.59755641,1.981304,False,2.6644,0.990364
NET-000457,liquidity_pool,50,175,7.0286,34,0.14057295,0.58821843,1.878057,5,0.16197087,0.21704836,0.11726786,0.806468,2,0.089912,0.65934,0.50995464,0.24786583,0.85647802,1.471499,False,2.0724,1.304893
NET-000458,liquidity_pool,50,98,3.9444,20,0.07888887,0.5657129,2.447669,5,0.02700128,0.28330178,0.13240494,0.521003,4,0.226135,0.73774,0.41035953,0.07491326,0.43269603,1.833073,True,2.6471,0.843001
NET-000459,token_transfer,50,157,6.2895,27,0.12578917,0.09071822,1.969374,4,0.20078819,0.3386093,0.08806471,0.939156,4,0.599981,0.727172,0.01742103,0.27789882,0.53519218,1.343668,True,2.8855,1.519587
NET-000460,validator_consensus,500,1891,7.5679,46,0.01513572,0.06917708,2.893182,6,0.09049368,0.3842982,0.01124897,0.890384,14,0.409405,0.821325,0.27995697,0.24603489,0.47997704,2.865164,True,2.3463,1.440671
NET-000461,oracle_network,20,39,3.9351,20,0.19675502,0.57073773,1.876587,3,0.05020692,0.49987792,0.1435243,0.755317,2,0.254274,0.782071,0.24342632,0.10071993,0.73966557,1.674609,True,2.3398,1.222129
NET-000462,oracle_network,200,350,3.5017,20,0.01750874,0.72584731,3.521727,13,0.10143314,0.66265644,0.02869528,0.693025,6,0.094719,0.72855,0.07697636,0.20640115,0.54400706,0.875557,True,2.8008,1.121338
NET-000463,oracle_network,1000,2016,4.0339,18,0.00403394,0.28521825,4.274062,10,0.59747011,0.34369048,0.00481891,0.429003,20,0.145758,0.894797,0.05567173,0.50695118,0.44295837,1.336477,False,2.7979,0.694142
NET-000464,bridge_relay,1000,3885,7.7704,39,0.0077704,0.66299406,3.181271,6,0.19110364,0.58770687,0.0041381,0.66679,14,0.132483,0.825078,0.30115045,0.42173959,0.41075442,2.015322,True,2.5279,1.078888
NET-000465,liquidity_pool,50,180,7.2204,24,0.14440827,0.37728776,1.857014,3,0.04114963,0.11936284,0.15758414,0.650136,3,0.446003,0.594747,0.19871387,0.23840866,0.62602634,2.915296,True,2.3397,1.051942
NET-000466,liquidity_pool,200,912,9.1291,42,0.04564556,0.25987495,2.288281,5,0.21055145,0.56394257,0.03118699,0.521329,7,0.163157,0.913925,0.05888318,0.37137582,0.20380057,2.730808,True,2.7282,0.843528
NET-000467,market_maker_graph,200,550,5.5087,28,0.02754359,0.23986165,2.828571,9,0.08340224,0.4094091,0.03973002,0.829426,5,0.13643,0.891684,0.08479795,0.36033142,0.30688217,1.786906,True,2.549,1.342039
NET-000468,market_maker_graph,50,86,3.4766,17,0.0695329,0.41502387,2.609975,6,0.24781322,0.4696612,0.03383663,0.280095,2,0.097879,0.64145,0.13307936,0.51938412,0.02970983,1.690403,False,2.3536,0.453204
NET-000469,oracle_network,500,1801,7.2069,32,0.01441387,0.42556722,2.952337,8,0.42087024,0.32972964,0.01035796,0.477292,14,0.25463,0.813417,0.30682273,0.27219911,0.36623176,1.848414,False,2.1258,0.772274
NET-000470,market_maker_graph,500,1362,5.4489,21,0.01089775,0.26118433,3.334185,10,0.07786256,0.5175083,0.01307417,0.541411,10,0.205437,0.763153,0.27836089,0.23548484,0.88555355,1.989816,True,2.4663,0.876021
NET-000471,token_transfer,500,1501,6.0072,31,0.01201444,0.14803575,3.191986,5,0.16344342,0.1075483,0.01402961,0.869831,10,0.108842,0.969415,0.13297753,0.26381463,0.7077134,2.047374,True,2.5671,1.407417
NET-000472,validator_consensus,200,865,8.6532,40,0.04326608,0.43932996,2.336849,6,0.36315541,0.61216259,0.01120846,0.523704,5,0.347974,0.890149,0.15487016,0.25558402,0.26887787,3.224886,False,2.743,0.847371
NET-000473,interbank_lending,20,53,5.3247,28,0.26623255,0.33890584,1.624183,4,0.08720793,0.86209107,0.18718357,0.752031,2,0.457943,0.898342,0.2250353,0.2388392,0.50427892,1.180597,False,2.3626,1.216812
NET-000474,validator_consensus,50,169,6.7811,27,0.13562167,0.59287525,1.906727,4,0.01693857,0.23327728,0.07208612,0.740044,4,0.411677,0.902714,0.20329601,0.2988115,0.63886583,1.77437,False,2.3959,1.197417
NET-000475,interbank_lending,50,152,6.0887,38,0.12177444,0.46614029,1.997454,5,0.27539177,0.60961689,0.07661491,0.719964,3,0.3786,0.905599,0.15050998,0.2940767,0.52128359,1.337398,True,2.2158,1.164925
NET-000476,validator_consensus,20,48,4.853,19,0.24264862,0.41875297,1.695426,3,0.35119544,0.15540497,0.17407045,0.722686,2,0.438963,0.936717,0.28773553,0.33548322,0.36067236,1.509304,False,2.5016,1.169331
NET-000477,token_transfer,200,469,4.6944,26,0.02347221,0.46491039,3.045902,8,0.12376697,0.68834318,0.02325904,0.229672,7,0.453912,0.614841,0.43354405,0.36107279,0.02752423,1.769075,False,2.2018,0.371616
NET-000478,validator_consensus,500,1982,7.9314,34,0.0158627,0.35999049,2.838281,6,0.30743268,0.43041557,0.01111482,0.161891,10,0.265072,0.887148,0.43484432,0.28777077,0.727535,2.152075,True,2.5587,0.261945
NET-000479,interbank_lending,1000,2595,5.1916,20,0.00519161,0.30257889,3.788819,10,0.03258969,0.31216858,0.00581848,0.640051,22,0.379589,0.571372,0.35106562,0.33200764,0.41141241,1.649374,True,2.4175,1.035625
NET-000480,interbank_lending,500,1806,7.2269,34,0.01445388,0.3456943,2.948926,6,0.51608099,0.43398733,0.00628789,0.762974,14,0.350413,0.858187,0.1668326,0.11613069,0.75034113,2.409871,True,2.7552,1.234518
NET-000481,interbank_lending,100,429,8.5992,29,0.08599198,0.12347832,2.036173,5,0.25776824,0.45470085,0.06531974,0.523709,5,0.378313,0.602261,0.1447537,0.37064662,0.56708646,2.238657,False,2.041,0.847379
NET-000482,governance_voting,200,660,6.6045,36,0.03302243,0.42022729,2.611632,8,0.17785793,0.4685868,0.00977362,0.479825,7,0.412066,0.834786,0.16512415,0.16557557,0.55125698,1.387459,True,2.6498,0.776372
NET-000483,liquidity_pool,500,2293,9.1731,41,0.01834613,0.33255688,2.679007,7,0.51110428,0.27940241,0.01343291,0.614744,10,0.038792,0.932138,0.29494833,0.26046962,0.41635893,2.775626,True,2.1967,0.994677
NET-000484,token_transfer,200,824,8.2407,40,0.04120334,0.4900818,2.38275,6,0.42579956,0.32850528,0.01410002,0.590609,6,0.233878,0.933799,0.08333659,0.47478047,0.00696094,2.910776,True,2.5117,0.955625
NET-000485,market_maker_graph,100,302,6.0536,23,0.06053649,0.25130912,2.35734,5,0.11494972,0.63060264,0.05354436,0.640723,5,0.360022,0.844392,0.41315426,0.31088069,0.74301312,1.642428,True,2.8286,1.036711
NET-000486,bridge_relay,50,143,5.7255,27,0.11451092,0.0810652,2.052572,5,0.47206782,0.44727716,0.09791669,0.528971,3,0.63256,0.84296,0.0403422,0.2782844,0.42238596,0.856695,False,2.4284,0.855894
NET-000487,bridge_relay,20,26,2.6305,14,0.1315243,0.07018559,2.323414,6,0.37382895,0.44020121,0.25128015,0.63973,2,0.40635,0.534633,0.02466473,0.40194641,0.72803637,0.29417,False,2.6811,1.035105
NET-000488,governance_voting,500,1498,5.9931,36,0.01198612,0.40851273,3.195305,5,0.04652876,0.77083158,0.01032138,0.57496,7,0.294376,0.677746,0.36438276,0.45361431,0.38314895,2.522624,True,2.4896,0.930305
NET-000489,oracle_network,20,47,4.7233,28,0.23616743,0.17909266,1.717191,3,0.24054806,0.44255968,0.39311457,0.493024,2,0.402385,0.947606,0.05577691,0.47716957,0.51146369,1.57344,True,2.6552,0.797729
NET-000490,governance_voting,50,174,6.984,33,0.13968046,0.43582652,1.883096,4,0.15134425,0.53093667,0.10844707,0.573612,4,0.347308,0.963987,0.27486031,0.18031708,0.29335766,2.101585,False,2.5442,0.928123
NET-000491,liquidity_pool,20,67,6.7098,28,0.33549179,0.4920134,1.466701,3,0.21257829,0.58147356,0.27913376,0.480623,2,0.239655,0.690724,0.10682807,0.37044574,0.53359956,2.5205,True,2.2342,0.777664
NET-000492,liquidity_pool,100,384,7.6804,40,0.07680394,0.53331648,2.130971,6,0.36614916,0.3199073,0.05908609,0.712867,4,0.269022,0.639379,0.12083727,0.38632972,0.34447481,3.161564,True,2.3363,1.153442
NET-000493,governance_voting,20,52,5.2182,22,0.26090774,0.36407552,1.639276,3,0.15472066,0.40553505,0.39679287,0.609218,2,0.294682,0.765491,0.13004098,0.23731009,0.57883424,1.056545,False,2.4804,0.985735
NET-000494,token_transfer,50,219,8.7623,34,0.17524505,0.14601516,1.716912,4,0.26400532,0.36506304,0.11357548,0.892826,3,0.339573,0.779078,0.02660507,0.13429143,0.22845067,2.479071,True,2.7357,1.444623
NET-000495,validator_consensus,500,2103,8.413,40,0.01682593,0.52840678,2.771795,4,0.22215133,0.35779712,0.00585231,0.77409,14,0.346033,0.883557,0.14110914,0.27153053,0.69627104,3.042819,True,2.0388,1.252505
NET-000496,market_maker_graph,200,657,6.5748,26,0.03287423,0.2642943,2.616669,3,0.19219184,0.33703333,0.03306503,0.605541,5,0.309486,0.443023,0.43805685,0.27714965,0.40799375,1.915582,False,2.8009,0.979786
NET-000497,governance_voting,20,27,2.7857,11,0.13928612,0.39771836,2.250338,4,0.11266071,0.64552666,0.27651116,0.678091,3,0.366512,0.838029,0.32015726,0.2106832,0.69488048,1.219517,True,2.2548,1.097175
NET-000498,liquidity_pool,50,117,4.7109,18,0.09421713,0.79422194,2.245232,5,0.0673261,0.2901251,0.21608393,0.40097,4,0.386469,0.770363,0.17766242,0.38136939,0.45469471,1.11596,True,2.4946,0.648783
NET-000499,liquidity_pool,100,404,8.0904,30,0.08090402,0.41172302,2.086413,7,0.29876272,0.61233816,0.06626474,0.43866,4,0.43438,0.849306,0.31477167,0.48459122,0.2829627,2.589374,True,2.7159,0.709766
NET-000500,governance_voting,50,112,4.4859,26,0.08971794,0.39850009,2.298242,6,0.1066737,0.20840075,0.13943651,0.477397,3,0.465694,0.892591,0.11556954,0.25125821,0.74090226,1.676345,True,2.435,0.772444
NET-000501,governance_voting,1000,2582,5.166,23,0.00516597,0.26768094,3.797461,9,0.24299873,0.64119572,0.00471266,0.505513,16,0.24204,0.667671,0.28983778,0.32522148,0.36335829,0.80947,False,2.4915,0.817937
NET-000502,oracle_network,200,563,5.63,32,0.02815001,0.40011743,2.800964,8,0.49603644,0.56288728,0.03327796,0.437303,6,0.211312,0.722827,0.03767391,0.31257754,0.42551117,1.604158,True,2.2046,0.707571
NET-000503,liquidity_pool,1000,3025,6.0517,32,0.0060517,0.60402534,3.536511,8,0.07840254,0.59420223,0.00293642,0.567282,13,0.309595,0.873115,0.32539617,0.21708887,0.53436806,2.372474,True,2.4389,0.917881
NET-000504,validator_consensus,50,216,8.6419,28,0.17283778,0.3560205,1.726311,5,0.36932394,0.24940325,0.07890972,0.722175,3,0.568202,0.66474,0.28552237,0.25870923,0.53265062,2.258843,True,2.6034,1.168503
NET-000505,token_transfer,100,280,5.6136,25,0.05613582,0.16866711,2.437726,4,0.48195734,0.36426991,0.07171724,0.371285,4,0.462318,0.952864,0.35274259,0.26658124,0.80551183,0.942816,True,3.1691,0.600752
NET-000506,market_maker_graph,50,168,6.7533,25,0.13506564,0.40203727,1.910059,3,0.42804678,0.50107136,0.14042035,0.736024,3,0.159721,0.668825,0.19394634,0.09447328,0.70868119,1.944218,True,2.731,1.190912
NET-000507,token_transfer,1000,4216,8.4327,35,0.00843274,0.39359112,3.078066,7,0.22422003,0.66832806,0.00649074,0.919953,15,0.19379,0.905847,0.07844947,0.24939567,0.60927121,3.025679,False,2.6575,1.488515
NET-000508,oracle_network,100,389,7.7956,38,0.07795602,0.32794138,2.118048,4,0.1711432,0.4181082,0.04061907,0.465804,5,0.2157,0.942932,0.1814177,0.37037587,0.23911735,1.925208,True,2.4503,0.753687
NET-000509,oracle_network,200,607,6.0748,33,0.03037402,0.19891098,2.708004,6,0.26012402,0.30974247,0.0293991,0.850662,10,0.429789,0.845399,0.15699928,0.27337602,0.85704737,1.123072,True,2.7742,1.3764
NET-000510,liquidity_pool,100,256,5.1217,22,0.0512171,0.19489407,2.541707,4,0.25042253,0.63041683,0.02873681,0.669224,5,0.410166,0.845254,0.19465244,0.11307747,0.49278656,1.2215,False,2.5736,1.082827
NET-000511,governance_voting,100,311,6.2392,23,0.062392,0.20709992,2.326418,6,0.22695528,0.32464943,0.06002082,0.847588,6,0.366579,0.785357,0.39946074,0.39789011,0.50295039,2.013857,True,2.2828,1.371426
NET-000512,token_transfer,500,1575,6.3001,36,0.01260011,0.17796449,3.126247,8,0.26048355,0.70141491,0.00832846,0.445242,10,0.26703,0.943882,0.26609003,0.22937263,0.36492936,1.591297,True,2.784,0.720416
NET-000513,liquidity_pool,100,270,5.4046,30,0.05404595,0.2709175,2.479877,7,0.58973249,0.17575738,0.06479261,0.739528,5,0.275094,0.837208,0.23231133,0.26034429,0.58291385,2.695244,False,2.4173,1.196581
NET-000514,governance_voting,500,903,3.6154,12,0.00723085,0.59545286,4.06342,9,0.18641108,0.32651904,0.01161653,0.650493,11,0.451909,0.872196,0.2119318,0.31934078,0.55994698,1.164117,False,2.3952,1.052519
NET-000515,market_maker_graph,20,30,3.0829,17,0.15414503,0.30335317,2.129454,4,0.23555169,0.13309764,0.22351988,0.828061,3,0.192271,0.897967,0.1505858,0.10345727,0.56028119,0.497736,True,2.326,1.339831
NET-000516,oracle_network,500,2231,8.9252,54,0.01785034,0.55955209,2.707803,7,0.37509708,0.31924255,0.00320496,0.623759,8,0.580086,0.657527,0.24570568,0.14643127,0.47249921,3.354468,True,2.3841,1.009264
NET-000517,interbank_lending,200,904,9.0424,52,0.04521213,0.10050556,2.296807,4,0.15288053,0.26369206,0.02853748,0.7881,7,0.218108,0.618457,0.16040053,0.35548632,0.50538377,2.729774,True,2.5172,1.275172
NET-000518,validator_consensus,20,59,5.901,29,0.29505101,0.51880215,1.550852,3,0.08995673,0.47506943,0.28289467,0.552173,2,0.146699,0.628896,0.33679486,0.33600385,0.37777942,0.916912,True,2.305,0.893435
NET-000519,validator_consensus,1000,4521,9.0429,60,0.00904289,0.38320579,2.994434,8,0.24265632,0.6437218,0.00573429,0.858001,20,0.205413,0.596691,0.06655113,0.36981859,0.65977088,2.402722,True,2.3315,1.388275
NET-000520,governance_voting,500,1113,4.4527,24,0.00890535,0.25771548,3.664045,7,0.23222346,0.23048508,0.0065253,0.564054,13,0.190626,0.717311,0.05473046,0.18038988,0.44809276,1.326721,False,2.5768,0.912658
NET-000521,token_transfer,100,464,9.2881,55,0.09288063,0.15986276,1.975633,5,0.11823492,0.1036078,0.06508898,0.910283,4,0.411082,0.491804,0.31765436,0.53700855,0.3896487,2.411078,True,2.5165,1.472868
NET-000522,market_maker_graph,20,56,5.6313,22,0.28156355,0.28403305,1.583538,3,0.2263246,0.79850479,0.33909633,0.624134,2,0.433803,0.669972,0.02131502,0.26013313,0.42153426,0.87285,False,2.1489,1.00987
NET-000523,bridge_relay,1000,1946,3.8934,20,0.00389344,0.32194062,4.350258,14,0.38376504,0.19939718,0.00239094,0.727139,14,0.3478,0.928847,0.34550371,0.21193282,0.23818654,1.341154,True,2.6902,1.176535
NET-000524,governance_voting,200,338,3.3803,14,0.01690163,0.41599957,3.586917,7,0.15785953,0.39474852,0.01767838,0.473307,7,0.390565,0.959353,0.03764734,0.42906759,0.32685939,0.498387,True,2.6349,0.765827
NET-000525,token_transfer,20,50,5.0455,27,0.25227315,0.41806451,1.664936,3,0.37368695,0.2400882,0.39794446,0.358197,2,0.204031,0.789342,0.41887752,0.35829531,0.51141397,1.327672,True,3.0705,0.579576
NET-000526,validator_consensus,100,405,8.1023,39,0.08102262,0.34626022,2.085181,5,0.2651571,0.69398988,0.05170168,0.529461,4,0.403623,0.962139,0.32552189,0.28724241,0.69958445,1.8336,True,2.7279,0.856686
NET-000527,interbank_lending,500,1089,4.3571,23,0.00871427,0.12521089,3.702632,7,0.12871258,0.28771805,0.00219128,0.875488,7,0.483512,0.894853,0.08736528,0.33014763,0.77176212,1.211401,False,2.6099,1.416569
NET-000528,interbank_lending,20,49,4.9465,24,0.24732709,0.42542999,1.680343,4,0.18073402,0.68873822,0.2967179,0.843689,2,0.261537,0.871854,0.16549728,0.26236314,0.77089554,2.009896,True,2.313,1.365117
NET-000529,liquidity_pool,100,253,5.0611,28,0.050611,0.37183404,2.555742,2,0.11129668,0.40680098,0.0493883,0.756429,4,0.130756,0.941598,0.19341563,0.09654941,0.40935043,1.211293,False,2.6247,1.223928
NET-000530,oracle_network,1000,3063,6.1261,41,0.00612607,0.45523366,3.517617,9,0.25250506,0.40467019,0.00019785,0.674411,12,0.050114,0.793522,0.07053245,0.34372089,0.82516887,1.749228,True,2.1927,1.091219
NET-000531,bridge_relay,100,231,4.6249,23,0.0462493,0.37833115,2.66625,7,0.20729972,0.30816542,0.03925574,0.749533,5,0.556371,0.910429,0.23306403,0.09391688,0.16898261,0.711255,False,3.0395,1.212771
NET-000532,token_transfer,50,171,6.8586,39,0.13717156,0.35820511,1.897561,5,0.40788624,0.2382358,0.05391259,0.511795,3,0.49323,0.689604,0.44973396,0.63442288,0.71423897,1.460212,False,2.2643,0.828102
NET-000533,governance_voting,100,327,6.5597,20,0.06559667,0.56671751,2.276601,6,0.09890215,0.71969322,0.02861371,0.358608,4,0.325918,0.730046,0.16197201,0.37901592,0.40713856,1.854804,True,2.9513,0.580239
NET-000534,market_maker_graph,100,349,6.9828,31,0.06982798,0.19473089,2.216914,4,0.47069151,0.29148365,0.03352276,0.636494,4,0.091878,0.735268,0.07529414,0.20897892,0.26103011,2.731187,False,2.3364,1.029869
NET-000535,validator_consensus,1000,2212,4.4251,21,0.00442506,0.27776535,4.084942,9,0.1667934,0.40022901,0.00526594,0.291553,15,0.32314,0.945339,0.12656548,0.47034314,0.58644139,1.14039,False,2.4469,0.471743
NET-000536,liquidity_pool,200,438,4.385,20,0.02192494,0.36845049,3.146989,8,0.36365191,0.30913182,0.02045456,0.60202,6,0.456418,0.805518,0.09954353,0.18336969,0.32834081,1.226254,True,2.3059,0.974089
NET-000537,governance_voting,200,550,5.5019,22,0.02750944,0.43306178,2.830158,5,0.5023956,0.54539516,0.01812635,0.48536,6,0.34388,0.804842,0.09125361,0.53200979,0.79623884,1.649141,False,2.4371,0.78533
NET-000538,bridge_relay,50,237,9.5017,49,0.19003309,0.27167354,1.663606,4,0.53832478,0.55064303,0.17983826,0.836246,4,0.447083,0.932653,0.06933321,0.37721306,0.61281989,2.265201,True,2.504,1.353074
NET-000539,liquidity_pool,1000,2314,4.6294,26,0.00462939,0.58554746,3.99754,6,0.08761914,0.47659676,0.00272416,0.462698,13,0.221015,0.925675,0.29550194,0.30389492,0.24203024,1.613547,True,2.5356,0.748661
NET-000540,token_transfer,200,957,9.575,58,0.0478752,0.08015588,2.246481,2,0.31789512,0.78537778,0.04571448,0.501274,7,0.142523,0.888139,0.37639228,0.29546578,0.85871669,2.991904,True,2.2945,0.811078
NET-000541,bridge_relay,100,275,5.5193,34,0.05519275,0.4564989,2.456401,5,0.42975941,0.46360428,0.06978644,0.848323,5,0.371613,0.655612,0.33070533,0.3013084,0.30021641,1.273024,True,2.1118,1.372615
NET-000542,validator_consensus,20,67,6.7551,48,0.33775729,0.58820698,1.462505,2,0.45071043,0.607421,0.20940674,0.584616,2,0.326602,0.694048,0.45532863,0.35156041,0.43189746,1.017851,True,2.1655,0.945928
NET-000543,market_maker_graph,200,924,9.2475,40,0.04623749,0.41033427,2.276855,3,0.1893025,0.71814437,0.03047582,0.484724,5,0.439621,0.811703,0.24804376,0.16706017,0.91575699,2.436806,False,2.6963,0.784299
NET-000544,interbank_lending,50,149,5.9937,45,0.11987487,0.15200643,2.011306,5,0.51424827,0.78938849,0.122997,0.747018,3,0.204683,0.907502,0.22778422,0.50501168,0.38360568,1.282744,False,2.8824,1.208701
NET-000545,interbank_lending,50,125,5.0038,27,0.10007547,0.19898599,2.182576,5,0.23485206,0.35547019,0.12488605,0.312875,3,0.130634,0.649012,0.34547009,0.26053402,0.27705852,1.470005,True,2.3393,0.506242
NET-000546,validator_consensus,1000,3390,6.7817,32,0.00678171,0.48931939,3.366719,6,0.29958253,0.7076823,0.00747779,0.297693,23,0.143116,0.954375,0.18901575,0.37392096,0.72931919,1.585313,True,2.4659,0.481678
NET-000547,governance_voting,20,69,6.9438,38,0.34718818,0.37129785,1.445547,2,0.36012954,0.47410677,0.32420745,0.7395,2,0.160071,0.642776,0.0559689,0.42672673,0.59226287,2.036645,True,2.6393,1.196536
NET-000548,token_transfer,1000,3387,6.7747,28,0.00677467,0.53727955,3.368206,6,0.5097133,0.46695513,0.00490514,0.760799,21,0.664442,0.978447,0.09577291,0.21143193,0.79310594,3.285613,True,2.3982,1.230999
NET-000549,validator_consensus,1000,4467,8.934,43,0.00893403,0.29934174,3.008648,4,0.09712474,0.38626007,0.0061916,0.523351,18,0.210075,0.972258,0.18212453,0.63221939,0.36141243,3.303196,False,2.6333,0.8468
NET-000550,bridge_relay,200,760,7.6019,34,0.0380096,0.41666233,2.46206,5,0.30851171,0.44381612,0.01992601,0.630166,6,0.192267,0.78603,0.08708784,0.5632228,0.15517511,1.833102,True,2.8195,1.019629
NET-000551,token_transfer,50,127,5.1113,27,0.10222611,0.21809372,2.161171,5,0.58026623,0.75182029,0.21675127,0.611795,2,0.156721,0.670022,0.13859111,0.39862525,0.34564836,0.651985,True,2.1562,0.989905
NET-000552,oracle_network,500,1369,5.4779,29,0.01095584,0.46734712,3.326167,7,0.03238669,0.38356293,0.00675052,0.538929,7,0.217808,0.955676,0.13530641,0.12789788,0.33542855,1.520059,True,2.2704,0.872005
NET-000553,market_maker_graph,1000,6594,13.1894,65,0.01318943,0.50260403,2.604246,4,0.26422328,0.68102279,0.0064046,0.624164,19,0.296043,0.611979,0.36385506,0.36148273,0.79399937,4.342682,True,2.5086,1.009919
NET-000554,liquidity_pool,100,493,9.8652,29,0.09865207,0.29219162,1.930431,5,0.30622009,0.09684149,0.02743996,0.695883,4,0.393925,0.818288,0.20306724,0.34988456,0.67507988,2.67777,False,2.8065,1.125963
NET-000555,token_transfer,500,778,3.1149,12,0.00622981,0.5146136,4.393143,9,0.33202923,0.49765537,0.00784733,0.635125,15,0.215028,0.94825,0.14744994,0.18714489,0.618173,0.76103,False,2.8118,1.027654
NET-000556,validator_consensus,200,263,2.6337,13,0.01316847,0.28022922,4.106429,14,0.14623061,0.41608234,0.01871076,0.382358,6,0.268264,0.926897,0.23194892,0.28366391,0.0639493,0.734655,True,2.4025,0.618668
NET-000557,token_transfer,200,286,2.8651,14,0.01432569,0.12726481,3.918881,10,0.30026279,0.06588926,0.01470512,0.744615,6,0.093987,0.564829,0.2050463,0.28555618,0.88696884,1.22358,True,2.5603,1.204813
NET-000558,validator_consensus,1000,2507,5.0143,33,0.00501428,0.5416448,3.850185,8,0.43298846,0.13902798,0.00445473,0.642734,15,0.205951,0.812157,0.12497647,0.30664925,0.4212592,1.85291,True,2.3162,1.039965
NET-000559,liquidity_pool,200,437,4.3717,27,0.02185859,0.75834184,3.151607,7,0.32307981,0.11742915,0.0095562,0.391565,6,0.112968,0.782104,0.10607459,0.27912955,0.38390757,1.764092,True,2.7733,0.633565
NET-000560,bridge_relay,20,89,8.922,41,0.44610224,0.47597924,1.305467,2,0.13675738,0.40689416,0.34675805,0.466252,2,0.115838,0.746383,0.31233044,0.30336004,0.46855466,2.202764,False,2.9044,0.754412
NET-000561,bridge_relay,100,377,7.5451,27,0.07545123,0.47471417,2.146572,6,0.47457199,0.53368331,0.06018792,0.854594,3,0.274897,0.79048,0.17423747,0.29382599,0.403217,2.216303,False,2.5845,1.382761
NET-000562,validator_consensus,200,598,5.9841,38,0.02992067,0.25289559,2.725975,5,0.23406854,0.65433364,0.04236186,0.840686,6,0.150571,0.571466,0.54136871,0.23926937,0.78417869,2.604654,False,2.9367,1.360259
NET-000563,bridge_relay,200,728,7.2819,35,0.03640975,0.14008054,2.506207,6,0.36394638,0.3373513,0.03461463,0.634141,7,0.275517,0.895578,0.08732634,0.57402151,0.55127242,1.782732,True,2.6872,1.026062
NET-000564,token_transfer,50,116,4.6618,19,0.09323514,0.05053933,2.256414,3,0.28854329,0.32982448,0.06817476,0.422329,4,0.385346,0.773133,0.15982757,0.46796063,0.33954843,1.461632,True,1.8866,0.683342
NET-000565,oracle_network,500,668,2.6741,13,0.00534823,0.233876,4.775646,8,0.3312952,0.16077433,0.00974375,0.694009,9,0.358681,0.659101,0.13904531,0.45077811,0.57238747,0.235165,False,2.1992,1.122931
NET-000566,liquidity_pool,200,491,4.9166,21,0.02458276,0.07877559,2.980343,7,0.24810332,0.60246737,0.03748524,0.759042,7,0.119581,0.886769,0.14608246,0.32299837,0.38880285,1.54354,True,1.9516,1.228155
NET-000567,market_maker_graph,100,306,6.1248,31,0.06124753,0.26836281,2.345299,6,0.24687281,0.4633999,0.06577147,0.519207,3,0.267524,0.583469,0.02183394,0.20687195,0.74979024,1.86195,True,2.3555,0.840095
NET-000568,token_transfer,500,2287,9.1494,54,0.01829877,0.37492727,2.681701,7,0.67630802,0.51191388,0.0077236,0.731663,14,0.133215,0.767673,0.17953325,0.24062268,0.49305774,2.991209,True,2.2565,1.183855
NET-000569,market_maker_graph,20,50,5.0009,26,0.25004638,0.26380095,1.671806,4,0.29191308,0.57895166,0.34662677,0.440508,2,0.472824,0.772623,0.14136911,0.16936065,0.68385468,1.205634,True,2.2831,0.712756
NET-000570,market_maker_graph,500,1464,5.8595,25,0.01171895,0.42729541,3.22731,6,0.0921475,0.46140286,0.00783988,0.64625,14,0.053289,0.863805,0.03173395,0.03195345,0.64210324,2.452854,True,2.1078,1.045654
NET-000571,validator_consensus,1000,3363,6.7271,37,0.00672706,0.31298488,3.378325,8,0.29149984,0.4302947,0.00602337,0.709928,16,0.471535,0.884282,0.13834166,0.2046092,0.37699503,1.077966,True,2.7051,1.148687
NET-000572,validator_consensus,1000,3141,6.2837,28,0.00628367,0.26729281,3.478866,8,0.12299986,0.41200003,0.00152701,0.841396,16,0.469384,0.800496,0.10227915,0.24836861,0.430393,1.167565,False,2.3395,1.361407
NET-000573,validator_consensus,500,2462,9.8483,49,0.01969654,0.40165026,2.606793,7,0.32422432,0.45997843,0.00532205,0.672226,10,0.294888,0.964973,0.50975551,0.2536628,0.32436364,2.695076,False,2.2322,1.087684
NET-000574,token_transfer,500,931,3.7242,25,0.00744844,0.35225803,4.002446,14,0.19584427,0.71445762,0.00836068,0.850184,10,0.125187,0.91316,0.36894573,0.46815323,0.41395586,1.652063,False,2.3493,1.375626
NET-000575,governance_voting,500,2662,10.6498,57,0.02129966,0.22981956,2.531108,5,0.33419226,0.32030716,0.00680483,0.556455,9,0.219038,0.762999,0.19027346,0.29285219,0.62407438,3.065383,True,2.0919,0.900364
NET-000576,token_transfer,1000,3024,6.0486,36,0.00604855,0.39154155,3.537319,10,0.38566789,0.65729327,0.00285508,0.296857,15,0.154032,0.642777,0.36698828,0.39365843,0.52809535,2.044279,True,2.9339,0.480325
NET-000577,liquidity_pool,1000,2584,5.1696,22,0.0051696,0.43525444,3.796232,13,0.26727836,0.15164318,0.00483788,0.71056,13,0.288931,0.623688,0.12961761,0.1426531,0.50832259,1.328064,True,2.3523,1.14971
NET-000578,validator_consensus,50,129,5.1939,17,0.10387785,0.47353554,2.145263,6,0.21113455,0.46836866,0.14355505,0.667403,4,0.159719,0.743902,0.0396166,0.3368212,0.44774772,1.341317,True,2.5408,1.079881
NET-000579,interbank_lending,1000,3002,6.0057,35,0.00600573,0.59795119,3.548392,6,0.33691839,0.29119883,0.0049788,0.794875,14,0.084794,0.832395,0.39906879,0.23889605,0.52030345,1.540888,True,2.0078,1.286135
NET-000580,oracle_network,500,1336,5.3466,33,0.01069311,0.4246926,3.363043,9,0.65891683,0.2316383,0.01164425,0.904741,12,0.254033,0.729044,0.09448861,0.36473464,0.24236497,1.00906,True,2.488,1.463902
NET-000581,interbank_lending,1000,3453,6.9076,36,0.00690761,0.15674418,3.34059,6,0.07009538,0.28038687,0.00387632,0.745076,12,0.220332,0.763014,0.31674396,0.09459978,0.63495877,2.092033,True,2.9825,1.205558
NET-000582,bridge_relay,200,441,4.4188,24,0.02209394,0.59373477,3.135336,2,0.26603775,0.36569463,0.02333122,0.625971,9,0.285429,0.761463,0.31094136,0.05889356,0.42022128,1.492996,True,2.2208,1.012843
NET-000583,bridge_relay,1000,2727,5.4553,39,0.00545525,0.2411473,3.704101,9,0.13485753,0.48536172,0.00462101,0.884252,16,0.131141,0.729849,0.12400908,0.30117331,0.41723775,1.303681,True,3.0557,1.43075
NET-000584,oracle_network,50,110,4.4243,15,0.08848681,0.39182012,2.313579,5,0.22148106,0.4894923,0.17902949,0.669763,2,0.188886,0.496438,0.25245296,0.34052083,0.59876667,2.321595,False,2.4502,1.083698
NET-000585,validator_consensus,500,977,3.9112,18,0.00782245,0.54380019,3.904819,9,0.30530892,0.24917898,0.00948367,0.723553,10,0.082923,0.893053,0.23319796,0.33975399,0.08827466,2.21039,True,2.6348,1.170734
NET-000586,bridge_relay,500,1211,4.8456,28,0.00969126,0.11218731,3.51964,7,0.41327976,0.64801432,0.01089448,0.676463,13,0.367972,0.684062,0.40531367,0.33427627,0.41433155,0.975352,True,2.0988,1.094541
NET-000587,validator_consensus,200,759,7.5921,21,0.03796045,0.24886488,2.463369,5,0.12625111,0.30982327,0.02109304,0.690438,7,0.19973,0.7908,0.24108823,0.28329578,0.68294015,2.073765,True,2.5723,1.117152
NET-000588,validator_consensus,200,840,8.4043,44,0.04202131,0.35423634,2.364093,2,0.63652591,0.58884396,0.01788364,0.915492,7,0.098142,0.800169,0.29186074,0.30017518,0.50286194,3.209553,True,2.9983,1.481297
NET-000589,validator_consensus,500,1713,6.8541,33,0.01370824,0.65122637,3.01528,7,0.19999949,0.33654677,0.01024653,0.748602,13,0.275335,0.92532,0.60440185,0.21569748,0.35574221,1.604365,True,2.7075,1.211263
NET-000590,governance_voting,50,181,7.2527,34,0.1450533,0.30517554,1.853568,3,0.04614686,0.25586028,0.11157204,0.373333,3,0.33197,0.809113,0.04279623,0.43797968,0.64236014,2.551583,True,2.327,0.604066
NET-000591,governance_voting,1000,4135,8.2717,48,0.00827165,0.41740676,3.101874,9,0.69003573,0.36447742,0.00503218,0.703758,18,0.259266,0.829738,0.68794081,0.32705741,0.3184153,2.252225,False,3.081,1.138705
NET-000592,market_maker_graph,200,426,4.2676,21,0.02133793,0.08812183,3.188737,6,0.172008,0.699773,0.0319182,0.462254,6,0.392936,0.586632,0.10033731,0.30155657,0.45287521,1.27495,True,2.9044,0.747943
NET-000593,bridge_relay,100,511,10.2271,49,0.1022706,0.5410325,1.904279,4,0.27855019,0.45283331,0.03075916,0.424298,6,0.296648,0.781943,0.14493223,0.48417491,0.43427125,3.512418,True,2.5868,0.686529
NET-000594,market_maker_graph,500,2190,8.7624,55,0.01752471,0.20039604,2.72746,4,0.06411611,0.42046225,0.01985241,0.716601,13,0.289646,0.934439,0.4510295,0.20302974,0.70204178,3.056746,True,3.0128,1.159485
NET-000595,bridge_relay,100,472,9.4501,45,0.09450058,0.17828972,1.96248,6,0.41431053,0.35362777,0.03126883,0.555149,3,0.351069,0.791322,0.62412863,0.33706303,0.40637018,2.500532,True,3.0482,0.89825
NET-000596,market_maker_graph,20,73,7.3491,27,0.36745679,0.15872929,1.411644,2,0.69223144,0.63779964,0.28362429,0.599409,2,0.380636,0.873465,0.27729717,0.15987832,0.51940776,2.056495,True,2.4512,0.969864
NET-000597,interbank_lending,200,659,6.5964,40,0.03298187,0.33877484,2.613006,5,0.1626754,0.47485479,0.03402759,0.612709,9,0.105833,0.795213,0.06100617,0.41084771,0.34458052,1.429217,False,2.1452,0.991384
NET-000598,market_maker_graph,500,1573,6.2951,39,0.01259027,0.43448705,3.127307,9,0.1622792,0.16191645,0.00902859,0.705981,10,0.445326,0.677447,0.18853213,0.23078805,0.63569655,1.498027,True,2.3818,1.142301
NET-000599,governance_voting,20,48,4.8993,24,0.24496492,0.84319674,1.687895,4,0.19212477,0.44167882,0.26558231,0.898246,2,0.196162,0.846137,0.19335848,0.35194033,0.94693031,1.100741,True,2.4408,1.453392
